10000 40000
6600 7376 -5
1178 2004 5
9253 2160 16
8659 5589 -4
6962 2119 20
8346 7184 17
4627 2995 -4
8043 2955 -15
6558 152 6
1751 4919 1
2856 5439 13
2975 9009 20
8576 3375 -1
5992 6450 -2
167 9892 -13
1264 9579 8
6683 3294 7
2858 6503 2
7762 8784 -12
5437 2182 -11
8957 8931 -8
2259 5736 -6
7865 8879 -1
1100 5791 -18
7739 466 -14
5677 9742 -10
9174 6671 -4
9201 9208 17
2981 3886 -10
5796 5782 -15
8907 6987 -16
3801 3519 -8
2778 6651 0
8849 4444 -9
9778 6620 -17
2801 9705 15
8117 1734 4
2650 5915 -3
3213 2363 16
7403 7155 11
5299 7907 -11
701 8288 19
6280 3146 2
8790 9908 -1
7470 6250 -7
7167 1904 -4
7193 350 4
693 1089 1
2668 4083 -1
3241 9642 15
3582 2825 0
2209 9173 10
3485 5721 0
5110 7457 6
4141 1933 -16
3819 9507 -6
711 7093 7
9833 7222 11
9111 5460 5
203 3838 4
3483 4275 -10
1472 852 13
3341 3260 -4
367 7529 12
7636 48 -9
3581 4736 -15
2528 594 7
9960 5137 -16
9137 78 -11
2741 9605 -20
2588 2409 20
7569 5152 -8
8596 8028 -1
6472 6465 6
8031 2414 10
1830 2594 -15
5201 8201 5
4856 37 -18
9312 5730 -1
9576 7920 -17
9194 6553 -3
2977 3113 3
4393 3906 -3
5424 8262 16
8694 7441 -7
5897 7307 0
3186 8348 -6
474 8333 -14
2140 3658 -17
2827 6527 -12
3323 1366 -16
970 7410 -7
6436 2248 5
6264 4333 -13
6655 4593 4
9927 5891 -7
417 1507 20
1052 875 17
2203 1888 -18
5682 6564 -18
7563 6190 -19
9458 3087 4
3777 5511 -19
2356 7636 -3
7755 8373 18
6016 1727 16
2377 9119 7
7548 5448 -14
422 6094 10
3130 1113 17
8804 1942 -4
3943 704 -19
6286 312 17
582 9924 4
3159 2365 -11
4420 8192 5
5417 3743 4
1353 959 -7
6796 4262 6
4087 1069 5
9693 2564 -19
6004 2943 12
6988 226 -9
4203 7001 11
4070 5452 -2
1672 3938 -11
1642 9546 -13
9225 872 8
7830 4116 -4
3438 8190 -15
7948 1784 -12
3786 3828 6
3235 2452 0
6191 1683 -5
8760 3102 3
4417 81 -4
1053 425 -2
6852 4467 -5
6591 198 17
3978 7542 0
4877 1902 1
6566 6263 15
3141 4969 -4
7465 8037 2
7236 5207 -4
7179 3414 -15
2557 9037 -14
9666 18 5
696 8022 -13
6591 365 -5
2031 2107 -9
1524 9103 11
4464 9942 3
5090 3767 6
7251 1849 19
3813 8103 7
438 8800 12
7239 9129 1
8975 2854 -1
2370 3119 12
4978 6287 12
1776 180 -10
5016 3033 10
6379 6797 -17
7426 1095 16
7110 3827 18
9227 7296 -19
3062 1203 -14
4912 7557 3
6214 5248 -7
214 146 20
2466 1060 20
7196 7359 19
498 9833 -12
2097 6210 16
8774 1052 -5
9811 7760 -20
8352 593 -9
7959 2878 -12
8990 3414 -5
5648 8209 16
9963 2178 -19
5325 7173 5
3501 1093 -8
8586 6894 14
6500 8301 -16
748 2680 4
4218 8151 -15
869 3720 -4
5879 9150 17
5225 1080 7
7832 3781 -6
3928 9228 14
3484 5325 -2
8612 9056 13
3917 9339 -10
1208 4875 14
8691 9845 -3
1934 5349 10
7317 6219 -7
3724 4307 -7
9260 713 17
1719 4827 6
5213 170 -13
6432 13 1
3507 3484 18
9694 1435 20
8476 2966 4
7720 4697 -13
1506 4697 14
6687 6114 -9
1630 742 4
483 7346 -12
3118 7395 -11
3389 8908 -10
4587 4121 8
9281 6221 16
4718 8592 19
6983 977 -2
7613 1669 10
3738 7563 0
6990 7947 9
4125 3721 -7
4714 7829 -8
9029 5175 19
919 2402 -4
5166 2736 -12
4636 4076 15
574 8870 19
2964 7663 3
9915 6821 -4
7365 4066 0
9893 8735 -14
1046 5454 16
663 1113 -15
1426 2603 -2
6215 7275 -4
3427 522 6
8063 9986 -12
7849 7585 -3
283 6841 9
224 6455 19
3996 9145 13
7412 5854 0
7829 302 2
3979 4115 -6
2202 3953 -3
9786 2507 11
6000 3568 12
7120 7952 -6
2859 9976 15
9781 3448 14
2750 1272 5
8090 5044 18
1460 3084 5
9564 2578 17
2440 5061 15
5218 8191 -17
5319 5993 -9
8893 5103 -9
1777 8700 -2
5743 7333 -20
2620 525 10
1499 9202 1
3442 7892 -20
9956 1245 14
5551 3473 -2
9358 8140 -19
5505 2843 -15
9668 1514 -13
5985 255 14
3668 2538 10
565 934 -8
3048 5108 -7
5668 4697 0
307 1160 -13
3589 2690 17
1041 7749 18
8557 9424 0
6914 5909 -17
5371 6690 -15
8786 354 -7
1975 196 7
9502 8838 13
1873 2198 4
9668 1031 20
5700 9913 12
6192 6098 -16
9998 8118 -2
2460 1894 10
3112 3290 8
3378 7238 0
8910 1247 -2
8547 9495 2
4351 22 -20
9973 2322 11
8533 8062 15
9639 7123 -14
4570 8683 3
704 5440 -12
2054 9057 15
265 3340 0
1269 7311 15
8955 8007 -17
3786 4221 5
6874 2 -12
2093 9044 -14
5805 9890 -9
1929 5457 -7
3014 6459 6
106 8868 -15
6543 114 -13
7728 5922 16
3010 8837 -11
9650 3275 -18
9660 4778 16
9044 8246 -5
8027 1041 -16
3727 3726 -7
3102 2947 -15
9179 3349 -5
3882 8086 -13
2817 3984 -4
884 336 -16
5049 451 19
3381 7502 13
8893 6609 -14
1863 953 -19
4802 5358 -12
9479 4196 19
8223 7084 -3
1003 1290 16
4544 6811 -6
4327 3018 -6
2966 5938 7
9929 5955 -5
7008 1048 6
4400 3720 -20
5578 4369 17
4579 2864 -3
6015 1713 -15
8272 7362 -5
7643 8260 -18
721 343 17
6221 8663 5
167 2005 0
8951 4454 17
3600 1729 -3
2725 5424 2
7280 9874 6
5106 1014 -5
2509 8733 13
4191 7522 -19
9479 764 3
2919 5597 10
7384 5485 -11
9951 6169 -7
4461 9791 -1
6381 523 5
7907 8162 -6
5668 2301 8
4739 2677 -14
7972 4015 14
9117 7401 2
4665 5768 -4
7484 5241 -1
325 2824 -15
7802 5989 10
4329 1642 -8
9781 6320 0
3719 5411 -19
1416 3656 1
1316 7281 5
1720 4553 12
1052 1124 8
3168 6665 2
7295 1327 11
3997 7852 8
7007 8251 -2
8847 5663 5
171 7954 -5
8892 6417 9
1457 8881 -9
4612 6831 11
2222 5389 11
398 8166 -20
5090 9931 -7
5926 5399 13
4215 117 -2
3575 1861 9
6164 1011 -12
6485 7675 10
9861 1946 -19
668 3157 0
3773 8778 -3
9422 3046 -1
470 9887 -12
959 3536 2
7630 3193 16
2284 5714 16
2912 6584 -18
9139 6105 -10
5889 73 -3
7243 1008 -20
9290 6496 -16
359 891 -15
8918 5308 -11
1721 3732 12
7722 1688 2
1633 5608 -14
8268 5203 -1
3645 8534 -10
3591 5680 8
7237 563 -16
6780 2754 -1
6671 8712 -7
7288 1191 0
5746 2288 -3
3093 6938 4
8496 7357 15
9465 1880 -5
7170 5739 -6
7372 5605 16
1537 3287 16
756 4993 6
5908 8687 -4
8228 9672 17
7020 6160 -8
4808 4399 -8
3957 6526 -5
2416 747 -3
4658 690 -11
7148 8370 -17
3528 7132 -20
7613 734 -2
4690 1817 7
5982 2212 4
6214 4449 6
7468 5721 -18
871 136 -17
1212 9646 -8
1492 7936 4
5078 4023 11
6732 4573 6
6068 819 -14
1399 4188 -9
1077 771 -3
9104 2392 20
5282 3986 -17
7615 7487 9
5563 2511 6
8094 5658 4
5228 1224 18
3275 559 0
7784 481 -20
5068 5020 -11
4669 4665 17
6919 458 14
6363 4491 -16
8421 4020 9
2103 4006 -11
5019 2591 6
8987 3389 -2
8221 6428 -15
6869 1877 -17
3270 5667 1
4505 7730 -3
7264 7030 3
2304 4705 16
3371 7504 10
6301 6803 -13
212 2531 16
2097 89 -20
3842 52 9
3370 431 -20
1924 7420 -2
7455 6810 3
7172 8149 -19
5189 5442 19
9690 7379 -3
3997 7522 -5
6299 197 -16
9225 6271 1
7236 3018 -10
6683 6802 19
5126 6727 14
5853 5484 -6
3133 6540 -7
3030 7884 -13
9131 6060 19
2226 9244 -10
460 1514 -9
6419 5197 -12
4332 3690 12
6128 4337 -13
6033 5521 4
157 3281 -11
9915 2400 10
8012 8605 10
7284 2988 -11
1717 5857 -11
9573 3550 11
4763 3643 4
9660 8163 17
912 2538 -20
7674 4960 -7
6825 6552 14
7705 206 0
8579 650 1
1135 5050 -5
5260 8903 17
4762 4201 13
6660 7034 1
2536 6489 11
9812 9438 17
3919 529 10
1798 5673 -3
7840 5889 12
3715 6299 -3
4732 7099 13
3022 3694 -14
6937 4432 10
1980 5693 -14
2753 1949 14
4502 8024 -19
1115 3388 1
2153 2085 16
3631 9417 16
5130 3704 -8
6377 6663 20
7032 3257 4
8638 1570 -1
227 9511 9
3224 419 -3
5281 7813 16
2895 5956 14
7991 831 -5
6349 1534 2
7899 7524 -13
9647 2067 -18
5148 7269 12
4057 5034 -8
5449 7394 4
3857 4161 17
8982 957 -15
1645 4450 14
4836 4113 16
5328 4706 -15
2422 4007 -17
2402 3881 -13
1795 7829 14
3905 8554 -19
3584 1371 -18
4614 8089 14
3726 4289 -17
5465 2446 12
582 642 12
1205 6420 14
2838 6834 11
3599 4291 0
8583 4007 -7
9934 3229 -4
8601 8921 -16
1585 6829 -3
3588 7800 19
2798 3835 0
7717 7730 10
6990 3176 -10
7706 4945 -17
334 7785 -2
296 736 1
1610 2471 -4
9244 939 20
153 9120 -11
196 6371 20
9746 8756 -18
8831 9888 11
2332 4078 9
5667 2925 4
2170 6759 -4
3651 9259 12
8393 9784 -15
6264 5196 -20
4955 2419 9
6708 1256 -10
7161 4535 -7
439 6279 18
940 9897 -8
7398 2167 13
4161 8568 8
3534 8397 -3
9944 9913 14
5942 6951 3
378 8415 7
3598 1427 2
350 6405 13
8836 3818 -13
7511 5851 -15
6773 6662 18
2204 9633 19
4364 2633 -20
4914 9298 -12
5823 9163 15
7346 8397 9
4717 3896 9
3790 8692 -15
4767 5 10
445 1124 17
7821 862 2
9146 7759 10
215 3107 -17
6032 7795 -20
3182 1612 12
4382 927 -2
844 3140 17
5908 9804 2
571 1109 -9
3041 9966 0
6991 8543 -6
2161 9869 -16
2860 1351 -20
878 6384 19
8911 6225 5
7777 1850 -8
9597 9487 -4
3009 9481 -7
2871 6202 15
5974 4476 -8
9764 8069 -20
7209 4373 -1
5275 4053 -9
6821 2975 13
407 5125 9
9147 2238 10
9981 4003 13
3689 8983 -8
7310 4718 16
5164 6926 -5
3683 4494 -20
4430 2028 -5
6817 1748 -14
7451 1052 -11
8287 312 -5
1747 6086 5
4082 7158 -6
4715 9095 -14
1138 9295 5
1831 85 20
4923 3516 6
9226 8563 -7
3677 8525 19
8116 7582 -3
1856 9534 -18
8250 1429 13
1746 1359 6
6190 7198 13
6000 2723 8
8472 6421 -16
4100 8041 8
6541 2945 -8
7521 1405 -10
7682 3896 11
6395 5750 5
149 2962 -19
3506 1604 -18
7552 1412 19
855 7385 -13
7263 492 4
2950 5766 -9
5329 7904 1
2859 6040 7
5405 1720 -18
7047 7026 -17
6488 1910 -8
3869 9984 -6
4363 2046 -19
5533 4940 -14
7926 1062 -2
7406 887 -5
8888 1601 16
7310 5603 -10
2715 1633 15
1947 767 -5
4089 9198 4
3802 5928 -15
9760 6300 -6
5255 1983 -15
9497 172 13
9388 9994 18
8667 288 -8
7344 2617 -4
7104 2982 -4
317 3154 15
5637 9044 -8
217 8630 20
2900 680 -1
4561 1463 -20
1607 2681 8
1631 7313 19
1953 9718 -14
2790 1794 4
5464 4496 -4
2582 4537 17
1483 3459 18
4619 2986 5
6315 2228 18
8820 5991 -15
3472 9632 -17
8719 7938 -3
6948 7722 -15
5397 6287 -13
5608 2318 -8
3312 3528 13
3334 4152 -18
5439 5678 9
8013 6471 -9
4441 5000 -12
5931 2049 -7
8119 8154 -9
6531 1211 -15
2772 8182 1
9919 1333 6
3109 7104 -10
728 9542 -13
8701 961 19
9623 3473 12
8355 4521 4
522 9826 -16
3313 7153 -1
9287 99 14
3495 5401 -17
4209 4681 5
5390 3346 -19
5658 2217 11
7352 9326 0
4780 2894 20
2910 2511 -6
8589 7648 -1
6201 51 3
8094 4242 -6
9909 4252 0
912 874 -16
660 9900 -10
2887 887 13
7109 1542 3
2365 551 -1
1228 4832 -6
8148 9813 3
798 4819 2
3994 2718 18
9632 3922 14
721 8555 -14
8909 9281 7
2881 7646 -9
4646 1085 11
5049 9593 -5
4939 3540 -6
7108 3517 14
3575 4566 1
7045 8672 15
8644 4818 -4
3098 572 -20
3121 8969 9
9260 4299 2
3443 7814 -15
947 7891 8
9074 5588 3
165 1178 -14
289 1094 -16
9500 61 18
7776 5077 -5
9430 7761 -8
9566 4510 4
275 2538 0
2958 190 11
1256 9775 -8
1149 4896 19
9894 8179 -16
6921 1024 6
3697 1791 10
1014 549 16
6174 708 -10
8284 8124 0
3138 8503 -16
7656 7129 -20
9048 1970 19
3612 7263 -7
8390 9994 -1
9203 5850 -14
8038 8828 -1
3496 5988 -1
887 9353 -10
2649 6883 -18
9993 2905 -12
8882 3199 -4
5629 9013 -14
2909 6330 5
2366 7721 6
7496 1887 13
7686 8060 -2
2088 2927 11
1340 5807 8
5840 5474 -5
1094 2608 -3
3651 879 -8
7217 6784 20
1214 1147 4
3199 9235 14
1527 3623 8
988 490 10
5957 7626 -4
3349 992 -8
3561 7648 8
5186 6031 -13
1697 5509 15
6970 4378 -9
5535 5670 -19
2593 802 -6
6187 2258 17
9045 1966 -11
2983 5978 -16
5620 6793 -6
5347 8599 18
5924 7067 -18
9000 7344 -8
788 8011 -10
1895 7514 -1
589 2793 -18
1861 1154 19
6748 2044 19
7499 8691 -9
1707 8726 18
2543 6289 9
6979 2704 10
952 7008 3
642 8985 0
624 6414 12
6277 2320 5
6398 4686 -9
6171 6559 -3
3148 1852 7
5964 773 -15
7589 1178 -19
5021 2731 12
6755 5064 -13
5881 7184 3
6462 2834 -14
1478 3251 1
4099 4539 18
2571 266 -3
4942 8587 -20
7461 4639 10
3577 9821 9
8583 9102 12
2263 7686 -12
5664 2668 14
3655 5319 -10
3722 9562 -3
6780 2850 -13
9872 7257 -1
4158 9569 -18
6101 479 12
5371 7140 0
6415 4640 -3
2838 4349 7
5674 6712 0
9347 3773 15
8009 6492 18
6715 5338 12
7801 8272 -3
3212 4020 -18
5857 5384 -9
2369 5888 5
853 2292 -18
2861 1642 -3
9793 4947 2
1662 4460 13
3221 5671 18
9467 3773 6
9819 2442 -12
6845 4554 3
3814 4661 2
9112 4516 19
8139 4437 6
1112 698 10
7063 9768 8
5145 8563 -3
9650 1650 -12
9976 9154 1
2761 6278 17
8283 1872 -16
4641 5753 -18
1267 664 -15
6475 7456 3
5451 4391 -7
6506 9045 11
9837 4386 12
9958 9808 -3
3630 3075 9
3788 1253 19
1575 4431 14
943 7950 13
5945 3143 2
6659 118 -10
4818 1582 17
6986 9241 5
9504 6865 3
8147 4932 -11
4217 4850 20
7264 3890 -16
7894 587 9
8639 9676 -15
2581 1917 13
8728 9467 18
5054 6509 0
7303 6257 -19
8577 4258 -2
2200 8628 -8
9520 4555 15
2092 6212 -12
1512 7185 13
1749 2369 13
1773 1164 -19
6075 3333 10
6170 1123 13
5419 487 4
8979 8368 2
6272 814 13
6089 4523 18
594 6023 4
5419 4173 -14
1102 2550 9
4500 8234 3
8737 5842 -1
8213 8226 6
3416 301 12
3871 4625 6
6682 7683 -5
1872 2400 -20
1625 4916 19
7650 2675 -9
3812 4615 -5
2240 6681 -15
9557 1851 -14
5888 2579 -1
6254 1924 0
3924 4256 10
9826 8219 9
912 8486 -19
1991 9594 -19
8486 8907 -18
9749 5911 -3
591 9690 -20
6842 6121 -15
3215 5983 10
3828 6037 -2
7933 5836 17
8770 8814 3
8775 9059 0
8692 4137 19
8176 5195 8
3068 9207 -19
8118 3851 10
7764 6832 -10
9662 8512 2
9697 5224 6
846 2097 -17
3562 2727 20
2026 395 -20
2338 914 1
8323 1116 4
93 2841 -19
8186 269 3
6778 9352 -3
7817 4110 -1
6775 8958 -18
292 4219 11
1038 3848 3
4859 8465 17
876 8167 -14
4897 438 4
1113 8610 16
5854 5415 12
4929 2919 7
4436 3337 -1
690 8162 9
1344 3272 -8
630 2244 -14
1693 1124 10
4209 5835 15
7235 1676 10
3753 7991 -2
7126 1321 -17
4249 6310 18
3432 932 -3
5026 787 5
7179 6277 -2
9912 7550 -16
3425 4452 -10
4499 436 -15
1474 5214 -13
6407 7066 -10
6758 2367 -9
7275 3558 0
4922 693 2
3660 6894 -19
9020 5658 -14
3082 7456 -7
8124 1644 -16
7821 7660 16
789 4870 -11
3907 6750 -5
2146 4994 4
1923 6807 5
1376 3471 1
3880 7300 -5
8874 2434 -20
5320 3841 -10
8334 2493 12
3233 1993 9
6605 7496 14
8612 8830 -20
2093 3018 8
9990 8736 5
4048 2604 4
6268 3916 -16
8024 1068 4
2290 9778 3
5019 2318 20
8793 3248 4
3672 1611 -13
7198 6261 6
1413 5172 17
6364 1583 12
2189 9228 -1
6166 1564 -8
2755 4369 9
4882 523 8
5725 7931 12
5462 5441 -1
929 5734 11
2514 9919 -20
5580 873 -1
4306 2795 -4
1213 2274 11
9459 7052 3
8384 3992 12
5537 9832 20
9987 6904 -1
9384 2870 1
4225 7854 -7
5712 4973 15
2374 9452 -9
464 9941 -17
7605 2653 2
6634 8744 -8
2337 3034 -20
3798 9781 4
9267 8109 -13
709 7947 12
5136 4435 -12
9009 5426 -18
773 1998 -10
8106 4605 -8
1444 3771 5
9636 7927 1
75 1636 13
8383 4957 -14
2114 958 9
5564 9602 -5
8222 3190 17
3716 4292 13
1084 3609 6
7641 4203 -7
7608 7693 8
726 1751 0
2557 2212 3
8748 9831 17
7294 5685 8
2931 2078 -20
9669 345 9
1201 1541 -8
6396 6650 3
7948 6061 -4
3193 9638 0
8112 4716 -7
6563 3064 -1
6318 743 -5
4025 311 -14
5884 9819 -17
7946 3780 -13
9410 922 5
2903 4794 8
8170 9214 -20
8356 3458 14
5395 3366 -15
6820 2387 -8
683 7231 -6
9627 7134 -11
7500 1638 -16
306 7037 5
3418 777 11
4982 5496 3
5120 3227 14
7547 5033 4
8712 7036 8
799 3102 -5
2632 6425 12
289 3902 0
7514 259 11
6015 3466 -15
7355 3233 -17
4442 4047 -17
7072 3683 -11
5509 83 -19
1300 7519 15
953 3980 6
3063 1428 -18
3945 4014 4
2159 7802 -9
8119 3694 13
8553 7753 8
7633 3552 0
1637 4830 -16
4124 4174 6
7557 6032 -5
8806 1293 5
7511 5878 -6
8277 1811 -16
8456 1533 -4
5032 4409 8
922 7708 -13
9819 5430 10
1456 7712 5
8960 1627 7
129 7237 -14
8716 2980 -2
1111 8321 -2
7497 4206 11
6918 4282 7
2680 2425 1
2228 7724 15
1259 6422 10
3482 443 -1
5599 9802 2
2956 1990 -4
1446 9977 -18
695 8646 -19
3357 7841 -7
2256 2727 -3
5711 8660 -3
2884 5104 14
2747 1216 20
8986 5541 14
5292 3907 -20
7601 7504 3
4023 6784 16
2830 4732 -18
5785 555 2
1068 7184 9
2587 6594 -5
9558 8712 9
5643 9461 -7
1081 16 -18
423 2249 14
9837 5865 10
6423 954 -15
5519 5319 15
5065 8441 0
6329 3566 10
23 2029 4
6212 9973 6
6008 7367 12
853 4966 9
8653 5500 -5
4369 2594 -7
8261 8544 10
3907 4358 -12
2448 795 5
7262 1132 12
4015 8503 20
5506 8789 -15
2775 6506 -8
2404 748 -11
7373 6472 5
2857 272 -11
3418 2949 -7
3744 2672 -4
7426 2011 7
8242 6884 -4
561 4115 1
1040 9399 3
6668 8795 9
952 9704 -20
9117 7068 19
3194 8251 -5
8523 3952 5
487 5921 5
7948 9125 19
5276 9438 -12
9987 7894 -15
4862 2953 16
8366 5706 -15
7661 4177 7
7461 6321 8
1077 1670 16
4719 5221 -19
3303 252 5
5597 3886 -7
6837 2920 11
7422 428 -17
7277 4342 4
6078 6885 10
3569 2523 18
2025 605 7
120 4260 6
8026 6644 6
7354 3648 8
2776 2264 -7
8542 2508 4
6636 4033 18
8047 8795 -7
5006 1654 18
2748 7033 4
5655 1184 12
2012 8180 -4
3833 4085 -7
8173 6090 20
2689 8657 -14
3784 6611 -8
7063 5036 -13
7739 4216 16
4286 9330 4
789 7697 -13
2320 3593 -3
9078 6553 20
662 646 -9
1415 4599 1
5691 3530 -5
9794 5146 15
8806 1294 -9
7655 6191 14
5948 5622 -6
8074 1652 5
741 7115 -11
8277 2752 18
6828 5986 10
8568 6674 18
7092 6994 6
2074 7957 6
8938 5032 6
9479 548 -19
8163 1167 -7
2962 2219 11
897 5637 16
4903 6679 -4
7820 4807 -13
7376 4212 -5
8657 2944 12
1356 2175 3
9846 9384 -1
9610 3160 7
9328 7434 0
3882 8810 -19
3000 9838 12
4103 3140 15
6023 4631 5
8742 1513 -13
4900 4837 15
7735 6826 15
1710 8764 -3
1334 367 -13
5004 4463 8
8445 6340 9
2230 7507 -13
5126 3630 3
3348 8611 -10
9115 6269 -10
1053 5790 13
2382 4511 18
4522 7530 19
8056 6574 -11
6707 6916 13
8124 9774 8
6238 4315 -13
9708 8434 1
2696 3285 -15
8778 8661 -6
2609 243 -9
3624 521 11
3050 960 11
3592 4148 -2
2891 16 -15
9344 332 -17
2809 9031 3
6439 652 7
5001 72 11
3758 2686 -8
7111 5600 -18
8604 366 -1
3557 836 17
9995 2634 -8
288 714 7
918 5238 -3
8494 8762 19
7694 1660 17
6782 3125 20
4922 2054 10
2287 9866 18
6692 5185 4
6801 5282 5
877 8762 -15
1592 1958 -4
1184 1894 -5
5850 2204 -10
3620 7075 10
6853 9013 -12
6565 5818 10
3822 6762 -3
8240 7537 15
2764 9296 13
167 7279 -12
2369 9685 -3
8285 7215 16
6518 1707 2
5699 8948 19
1416 1396 16
3537 6195 -2
3370 427 -14
6188 2813 -18
9217 6758 -7
9629 3818 17
8292 7123 14
5486 5181 15
6603 5091 -9
132 1077 1
193 4690 5
9623 5318 -15
7513 5757 6
8783 4079 0
2996 5179 -19
6056 82 15
5503 7167 1
1250 9688 16
1076 2018 -12
8528 1677 -17
6433 3241 -5
1405 9433 16
829 7983 1
1567 2802 4
61 469 -20
6628 8669 -11
662 698 -3
3570 2821 4
7848 8037 17
4343 2994 -16
3221 6767 17
7039 8857 5
3076 7186 17
271 6763 -20
33 6860 5
1855 7047 -1
5671 2827 -9
7531 4116 0
7765 6144 -10
4984 9503 -14
1935 4614 -19
6495 1679 3
2208 9908 -9
9720 5959 -16
7946 1956 5
6421 7741 6
7569 875 11
1060 1323 10
2094 6505 -12
1182 3885 20
6421 1437 -2
4999 6959 -15
5596 2353 12
1976 8522 -4
9368 7955 -16
7083 2137 17
5647 4384 19
8633 1489 -10
5518 5358 -17
5614 2077 -17
1472 1805 5
8934 9905 -17
4061 5962 -2
7289 5759 -18
7473 1332 -20
9248 5659 -8
911 8661 -14
7849 9048 7
4852 1404 -14
1015 7745 3
682 2065 20
6647 1749 -20
5306 8542 -9
4367 3338 10
5294 7659 -14
4829 6653 -19
9837 6722 -9
3285 316 -5
4343 9895 -18
1779 5309 -17
5972 3093 7
8875 7909 18
9259 917 11
1743 7865 -20
8248 7250 -5
601 9132 14
6158 2236 0
6030 7854 -12
6313 1727 5
2619 7890 -1
3675 2409 3
406 4243 14
9142 9744 12
6344 9196 9
1470 7397 -17
281 6253 -1
6140 7994 0
2694 9078 11
5262 8238 -15
2701 3378 19
5490 5327 2
4612 4021 -10
2662 7656 3
5590 5961 7
2946 2604 -15
9229 2416 11
4066 9559 9
7871 2924 12
8689 1296 4
3529 4126 4
5731 605 -5
6451 2480 4
647 7697 -16
7625 4790 -8
1989 6497 20
2607 353 -7
1536 5700 -13
8453 6554 17
8444 648 8
5247 219 3
8942 9757 -20
6307 203 -16
6875 5576 -8
8711 7623 -4
738 7525 6
11 2588 -8
1845 3957 6
1538 6454 -10
4265 2072 2
6367 8543 -9
5439 6656 0
6926 8504 13
1098 9287 4
1332 9769 10
5962 4455 -20
6147 7505 -10
8666 4103 -9
5963 1729 9
3691 6890 -19
1572 262 -5
2424 2924 7
8573 3063 7
9444 6588 -3
2469 9632 10
8950 2786 -7
820 1450 -13
4356 7966 5
3822 9916 -9
3056 5978 -8
5520 4509 20
2911 9744 -14
4954 3090 9
5172 4915 -2
1834 348 12
3495 1745 16
1243 5864 2
3869 7398 9
8284 6284 5
5705 4078 -12
4958 8635 17
1298 3319 17
5212 7325 -17
4389 7792 -14
9913 7628 -6
9208 3093 -9
3548 6962 -18
2578 2892 13
3926 352 -20
3287 6874 -1
2101 9874 0
985 9216 7
8617 3774 11
6863 3259 -7
6475 3178 17
7712 6507 -5
4666 3070 18
666 787 -14
4124 9784 16
7557 9345 15
373 3397 -10
4383 6157 17
6282 5736 6
5103 480 -16
8690 7537 4
539 8754 14
6250 2624 19
9835 2453 8
9617 908 -19
8422 3705 0
9305 8975 18
4635 1311 3
7296 4077 11
2632 857 4
6154 643 0
4451 603 2
271 8650 16
8257 8932 -18
455 3316 -11
9342 5995 16
4769 4894 19
5021 6547 13
6670 1052 2
7736 7289 -16
4329 4518 -15
8270 404 16
3381 855 -11
6244 7873 2
9204 9988 -1
3557 1038 -5
2722 7832 3
4291 1881 19
9928 6028 4
1466 2840 -11
5678 9481 8
8076 4886 -15
2411 2715 -7
4413 2795 -2
1053 3981 7
4820 7426 14
9617 510 19
1485 2081 -20
4260 4265 19
2109 4550 -4
6581 7066 18
8796 6259 -1
2706 140 12
4967 4217 20
9140 461 10
3822 9929 -8
2011 1263 -19
4133 7562 14
9240 3527 14
7854 1974 10
2145 5114 -16
2369 3112 -11
3018 9014 -6
4656 3471 17
2956 9354 9
1439 9929 17
9103 1953 10
6286 8925 15
7863 5155 1
8306 9618 -11
6903 770 18
7730 4728 -11
4418 8769 -11
8179 6511 -17
739 9825 -13
3644 9067 -14
8158 9611 12
3639 5420 1
9912 3483 16
8240 5566 10
1719 8747 -17
5479 562 9
7024 2342 -3
78 1824 11
1927 4241 -13
4984 5578 1
6153 4456 -7
2138 474 -14
8410 2836 -15
5869 1489 8
2075 7829 -2
2634 5933 11
9315 9849 -6
376 860 -1
6352 510 14
7343 6593 11
9002 1579 3
5336 1906 13
3771 5678 5
1543 7200 -5
837 541 18
3529 5182 20
3866 6966 14
4110 6053 10
3364 6961 9
385 2217 13
7250 7791 -18
5019 1751 10
3011 3656 -5
1081 9853 -2
136 6845 10
3310 7489 2
6294 852 -13
9362 7736 -12
9549 4411 -17
6292 9427 -17
4586 443 3
2266 1203 19
4261 1895 7
591 8838 20
6457 6137 -9
9675 4993 9
6238 9353 17
1499 3827 -1
8098 6000 18
3692 2859 14
150 6771 -20
6654 9476 -12
926 7151 7
7269 6257 15
3960 1376 7
9662 4850 3
4955 5672 14
168 8002 16
3182 9123 9
6355 8424 6
6811 20 -3
1682 8130 16
7210 7889 -1
8629 6990 -17
978 6250 -14
9152 4963 18
2092 8783 -20
4132 5762 -17
9266 3303 -17
4489 9048 -18
3761 6587 -20
3312 491 -9
487 8514 5
829 388 -19
9963 8315 -15
3590 3607 -4
8412 3487 -17
9883 6211 9
8626 5052 -13
8047 8042 19
5982 3916 -20
5374 2884 15
944 5071 18
3943 6206 9
5239 4939 6
1346 8561 2
2260 5110 -4
1273 7892 6
8513 1016 3
620 7432 1
482 4433 -9
6207 1399 3
2893 779 -17
7320 8104 2
8432 9237 6
3265 977 15
1901 7958 20
773 6937 -10
2553 4495 4
4456 8994 -15
2465 334 7
2524 7496 3
1955 7000 14
2735 2010 -19
766 2824 -10
7380 7408 8
1348 7782 -10
6662 5037 -14
4503 125 1
3876 7430 -6
2174 1618 -2
4951 875 -12
2138 1997 -2
5485 1540 -2
7537 1637 15
9826 3432 8
2604 4687 1
6667 7668 10
4004 4700 18
1981 4884 17
6843 2694 6
8756 5907 0
1238 5780 1
2497 7636 -9
1465 8732 -4
7261 687 -4
5489 3456 6
7002 5293 4
7990 1941 3
438 918 10
6702 1511 14
6731 2315 -3
2100 1584 16
2181 6961 3
1788 4425 -19
5602 4260 0
8978 3746 -13
1983 8408 5
7541 1880 8
7280 6402 12
7319 2735 -9
6648 1129 -12
5474 1120 -4
8695 6675 4
9440 3248 -4
5121 8854 12
2700 3511 10
1147 780 11
7731 7006 -10
5304 8697 -18
1773 8422 -12
1470 4112 -15
8339 1019 -20
1870 3088 10
6131 2772 -17
9290 5152 -18
9219 102 -12
1784 878 -2
9838 6631 -9
5064 7282 6
7633 8860 -6
1273 937 -18
9284 6977 -16
1697 2153 -2
9272 7031 -4
7872 4187 17
3237 6490 -14
4725 3331 18
7565 2595 -20
782 7943 9
9465 6861 -11
4833 5329 11
8039 1999 -3
2383 7919 -14
7393 9855 -16
7012 1960 11
3596 111 1
2333 3878 -10
4956 3944 16
5764 4249 4
1877 1560 6
7071 8517 -20
2349 2066 -8
1053 9203 -9
4999 7322 -9
9905 3759 17
7238 9729 16
3765 7600 4
6011 7649 -13
6286 48 1
8055 8750 8
6430 2376 7
1472 3572 -13
9382 5660 -3
565 9855 17
2276 6753 -3
6570 5530 -7
982 8795 4
2267 2857 3
8160 3438 -5
9910 5907 0
5195 8416 -1
566 2066 -6
7655 7582 -11
7049 1961 10
5858 1971 -3
6998 4310 14
6939 7477 -10
6468 8315 6
9867 3457 -5
5400 642 14
8910 9470 2
9991 801 -17
3250 1194 19
3143 8771 9
8688 2655 9
6991 6717 2
73 8256 2
1889 366 -3
5469 6289 20
9959 8153 2
6495 3795 3
2201 9235 -9
8357 8567 -9
9064 9382 -12
576 5339 17
4523 9639 -9
5031 3994 9
4633 5293 -4
3404 3221 8
4789 2021 -5
1290 3241 12
5372 5018 18
2248 2187 15
4450 1731 0
4671 3438 6
2739 6940 0
6674 2192 -14
1619 6704 -9
9337 3507 1
9336 1730 5
2144 8532 -6
4291 7864 17
611 741 8
4912 331 17
7832 6731 -1
9384 9483 18
4286 3342 8
983 4288 18
5457 796 -13
6424 1808 7
5212 7596 10
4948 2353 -3
3370 5761 -4
3933 2386 18
7620 9862 -17
8811 8631 -15
3727 4854 -12
4050 4111 10
5136 7726 -3
5558 8739 20
7212 9356 7
8153 2156 5
9146 9936 -11
5915 3886 0
8225 6016 -14
3538 270 1
5039 7295 18
4478 8322 -7
943 4886 2
7797 1866 -20
4807 558 -10
3856 8040 9
166 7992 -3
739 7882 -5
6909 1796 -4
465 5774 -12
1780 9040 0
5518 8632 19
2944 8985 8
6959 1856 9
6430 6424 -18
8892 9365 4
4607 244 17
1955 7855 3
8531 2805 -15
506 7229 -8
5020 2944 -10
8888 757 -2
8533 8879 14
6251 6476 -5
8883 7773 -3
3008 7500 -18
2100 3893 2
872 5151 -7
7261 4045 -3
5243 7890 12
9386 5297 18
970 1219 -1
6112 6099 16
9042 4678 -2
8659 188 -9
5668 7346 16
1685 9709 9
6396 4383 -9
2949 6221 4
4948 7446 10
6170 1501 -10
5310 7243 -4
8947 8360 -19
6061 8636 0
7551 3692 -3
6296 8899 2
5659 5614 17
9879 8513 15
9490 1282 -12
234 9905 18
9690 1461 -4
8214 4106 -15
3020 1691 -1
5941 5863 20
4328 2414 -8
9995 8532 12
9611 1932 -19
578 8984 -13
2874 5146 7
4951 7886 5
8512 2775 -11
2397 2379 16
8611 3042 -20
2542 5629 -8
4202 8280 -18
7755 9430 4
4065 9807 7
49 450 7
1540 3453 -19
5948 1851 19
9687 9695 -19
15 2211 5
9035 9355 0
399 3200 19
1136 5810 -15
6120 1550 3
4912 6788 -20
971 6829 5
8559 8197 12
9443 1185 15
7130 1266 1
9937 3615 -12
9104 9850 -2
182 852 17
1849 7161 1
7050 424 19
8162 9484 -18
806 8204 -16
4346 8188 -19
4734 7962 -16
1733 4461 12
6683 2588 -2
2075 5116 -1
2869 9333 17
5049 5498 -1
3696 1440 -7
8333 1195 8
6345 1103 -1
6000 7571 9
5301 6174 12
1301 2575 -4
6160 1685 14
7024 30 19
8574 5308 15
8772 4884 15
8288 5977 1
2727 2053 6
5712 1923 16
9542 5555 -14
3712 5892 -18
7002 6197 -15
2097 818 -14
187 1583 7
7227 4814 17
1930 5854 12
2785 6635 14
5099 436 13
316 7609 -9
4670 4945 -4
8155 2404 14
6700 7081 -15
7990 3936 18
6423 6654 -10
2294 595 -8
4743 255 14
568 7166 -8
58 9502 -11
3013 4038 -5
2252 5488 10
3018 9072 7
3213 8156 15
5017 7209 3
5837 3636 10
1694 7932 10
1797 7109 -16
5743 4957 -11
7320 4636 -13
8299 3267 5
5497 6561 5
9920 9657 -15
2147 799 -7
6577 129 5
3523 1413 -17
1326 6218 -17
4890 6028 2
9427 2605 20
3243 9987 8
1554 7992 -10
5759 7803 9
7530 3182 -10
5615 2950 -14
2188 7907 -4
7237 3358 1
4354 2876 0
5062 7704 16
8803 8347 -3
3331 2582 9
3377 1466 16
5395 7515 2
9452 4880 -14
8905 3097 -11
6965 2945 -19
7869 9265 -17
1250 3815 17
3536 9249 20
8242 54 -10
4787 4349 20
5583 98 -4
4276 728 12
1080 4902 -5
1120 5589 -20
6173 5828 19
4536 1951 18
2648 7393 -5
3935 8706 12
8956 9974 9
5603 389 -4
4540 8604 13
3339 6801 19
9538 4396 9
4800 5077 6
6475 223 -9
1365 7577 -7
2982 7928 -15
4100 9017 -9
2413 2941 14
2654 9251 10
1944 3591 -20
6109 4098 -19
5622 2351 6
2191 5027 15
2671 7835 20
927 475 -2
5696 46 -17
9245 3022 10
9600 3583 -9
2920 6453 -7
6549 9913 -1
7486 5464 16
4480 880 -12
1975 7257 13
5400 4232 -20
1924 4480 -16
2382 4397 13
3875 7632 -16
3515 8303 8
2603 5442 -9
4880 4856 -5
2712 5595 -2
970 2819 3
5906 1306 8
5545 3016 -1
1569 8515 -13
5545 510 -12
6244 4691 -13
9507 8740 17
6457 1919 19
8504 169 -1
8136 8189 -13
4620 4844 -12
2852 6175 -10
3964 7321 -2
7913 2645 9
7863 460 -20
7593 7226 2
9364 2353 -12
930 6543 -1
4916 117 14
4690 5116 -20
7887 283 -5
9525 5070 7
7692 2575 16
5877 4869 19
7545 3677 -19
9635 6308 -4
8663 3452 -3
8865 3094 4
4435 3854 -1
3224 8736 -13
4264 5885 -8
4407 7959 7
8395 5846 4
1547 4010 16
1166 1916 7
9099 5025 -5
5170 481 -11
5298 44 -13
6498 9144 -20
8522 385 -13
3837 3930 14
2074 3103 14
4564 4636 18
4266 6931 2
7592 683 5
9185 592 -16
9766 8728 16
473 5886 -12
3696 6597 -8
1897 8569 13
5100 6858 -14
2104 2704 -1
680 7854 -13
7362 4199 -8
1592 6555 16
6167 930 13
5656 3980 -7
4737 1866 -14
5946 3394 -14
423 8861 14
7907 8917 -12
5152 8900 -19
784 9798 10
8401 7007 14
2106 2456 -13
522 7212 -7
3421 2216 3
437 1969 9
6173 7992 -20
316 2466 0
9754 3601 -3
1443 8426 -5
2521 6137 5
3057 8548 8
5910 6310 -8
3933 5849 -20
8059 3425 2
3817 5776 11
6881 9348 13
7895 109 -17
4365 8600 9
1796 9332 8
8374 2578 -16
4126 1509 10
5013 9699 17
735 9681 -18
6367 3011 -2
4216 6885 -20
7891 7186 -2
7988 9949 8
2947 6603 -19
9182 8668 1
3928 8310 -11
5406 7316 13
7976 6838 -1
9848 31 -8
4923 9228 -9
9242 4665 10
7336 2897 -19
3940 2016 17
4062 3590 -16
131 5142 -19
2925 4828 -17
5855 8555 20
9312 2091 -19
7362 7462 0
9130 177 -15
7325 8527 19
9867 7878 -3
257 9312 16
7481 8944 9
4692 1828 7
9496 6820 2
7288 7535 15
1786 1225 -9
2988 2691 -6
9226 9932 -2
4232 948 2
5670 3506 -17
4187 8328 18
2871 8369 -6
742 3899 4
8359 3665 -19
4028 1450 5
4342 4355 -8
6636 4575 11
781 5498 0
3008 4299 1
2017 4883 17
9775 3761 -6
1324 2739 9
6654 4156 -11
9781 690 19
7724 8130 17
5851 8863 -15
3363 5076 3
2546 2178 10
854 1595 4
3995 7533 2
1426 8205 -3
6552 693 10
6107 6553 -9
908 9790 -18
6949 2519 6
6804 9872 -2
9623 1509 12
9072 7087 -17
8291 1840 -12
9822 3365 -16
2559 8543 3
274 4231 -6
2196 6614 17
7629 2859 19
3510 895 -2
874 2003 -12
6506 2101 0
8178 5469 12
4659 9174 0
9577 5604 -1
654 8708 6
337 3729 -2
2015 2043 5
1232 2328 -13
1801 8352 14
5456 3051 -9
4523 1021 -7
8784 3994 -13
4791 1824 14
8836 1129 -1
9359 1086 11
3273 5172 -18
89 1554 -3
998 5625 -3
3623 9366 9
2925 8537 3
7366 1795 -10
1362 7158 -10
7349 50 20
7649 3194 -19
6773 4698 3
7448 5371 -20
9188 5222 -6
6392 8985 -9
728 2428 -9
1546 800 -7
8930 3011 -6
2050 8088 -20
8608 5131 3
2733 1718 -15
6258 9735 16
7960 9343 -12
1514 5045 11
9617 4453 18
7692 3708 7
1875 1225 20
6261 6457 -1
6470 3958 -11
5559 9579 -14
9505 562 -15
1344 8244 -16
9674 64 -11
838 2701 -14
7609 4121 17
4735 7632 -2
9181 2523 -4
184 6438 10
7180 2171 -8
5333 5191 6
872 4267 10
4465 7092 19
8648 6510 -11
6158 8969 18
3124 8170 -19
2517 4346 1
7186 1388 -17
7305 3034 0
2816 2881 -8
7997 8142 -15
8283 4665 -16
2482 3923 16
4305 7800 -4
2918 3286 1
1710 9650 17
3226 5253 18
4490 7346 16
8165 5987 -3
703 9254 -18
9427 4262 -9
9619 8394 18
7485 1859 -14
4803 1536 4
6553 9999 -16
1015 7400 -1
1238 9150 -16
5126 2212 4
8899 6451 1
784 7082 3
4278 4919 -20
1708 10 -2
9954 9487 -12
3593 4301 -20
736 4038 2
2736 5730 -15
8422 6486 11
9325 4824 -15
2448 6772 -6
6127 9667 -17
2587 3293 -2
3512 9084 3
381 6877 -6
822 658 3
3165 8467 3
4164 5721 -9
401 9420 10
9736 4963 9
4924 7919 -8
2487 6956 7
526 5772 -15
3640 4499 -1
9739 9541 -2
8860 9067 18
9236 5421 -13
9974 1958 7
3852 9503 -14
768 8950 18
1061 5429 -2
9175 3140 -3
5037 4459 -5
6293 391 4
6481 715 -10
7231 2284 -1
2060 6583 8
5594 9114 15
5568 9290 -18
8739 1359 8
6763 5857 -10
7894 5915 8
8955 7536 4
4822 4917 10
958 7277 18
8514 3053 5
1549 815 -20
5990 8423 -3
6102 5728 2
9255 9643 7
995 7940 -6
4099 1964 18
2253 9773 -13
9845 4329 0
8341 4798 14
1624 8426 11
7553 1309 -10
6130 2797 18
3753 7174 -15
9446 9852 5
8233 7436 9
5412 9705 7
8766 6941 -18
3586 965 16
640 5993 8
1349 5552 -15
8896 1736 -7
6832 6108 -13
5938 4558 10
3834 2104 14
7181 6517 -1
5370 8685 4
8573 7377 11
9591 7794 -2
7597 9684 2
2034 6401 -19
1624 8520 -9
1155 8799 4
3250 795 10
9468 1971 -11
8265 731 4
1473 5764 -9
5276 1047 -15
191 4664 14
7598 9320 -14
5823 5124 15
6900 1860 12
2045 6097 -11
7914 564 18
2007 438 12
4689 2167 -12
1610 1340 13
4821 6872 -5
4423 2377 8
3545 5600 9
4655 3661 3
7944 6051 5
6639 313 8
6627 7931 14
6236 5083 -10
2616 5861 17
8224 6056 20
2435 2415 2
2665 8063 -5
2084 1209 16
2151 2066 11
6337 2822 3
9587 65 -7
446 4282 -12
9463 4545 18
7118 7049 3
4838 3043 -16
4029 6614 4
4719 144 -1
6913 4055 -5
7410 9092 8
5207 1254 11
8301 7562 -9
7187 2984 -14
5260 1643 -6
9272 9695 -9
9741 437 19
5389 6158 -8
1138 3281 9
3077 3928 17
7370 4272 -18
8007 779 11
1452 6866 -9
9526 2004 17
3351 9165 7
680 3210 -13
198 5309 3
1662 3422 1
4775 8278 8
7104 3023 -12
8728 5125 0
6846 7392 14
7296 6430 -9
1064 6153 14
4698 5633 -19
6743 8569 -20
2114 9126 -4
5459 2119 20
9209 5836 0
362 6121 16
6521 8980 16
5219 5720 8
9277 5890 8
6201 3113 -2
9984 938 4
7392 6789 15
3166 1051 -14
3295 1906 11
9604 4164 0
874 3436 17
7318 2683 -13
46 7226 4
7681 291 -18
2378 1731 11
9453 3234 -7
8770 8332 16
4693 1449 6
1774 4197 5
5295 7843 3
2722 3565 16
5300 6287 -4
3625 6493 -4
6264 437 2
2705 9653 -2
5326 3104 -1
9695 6112 -19
1435 2999 11
8757 7379 -12
5966 2080 -17
9219 6219 -3
2712 8765 -11
8664 8806 7
8150 3810 -6
9992 5786 18
2834 5371 6
7926 2683 -14
8685 4601 -8
9567 8436 5
7420 8757 6
3552 7225 19
1418 8919 -16
4346 1934 5
7837 3174 14
4630 481 12
444 4951 -5
6938 3521 20
3734 6117 -1
3559 372 7
5314 7565 -16
5149 3497 8
544 8034 16
681 4283 5
7376 5625 13
3628 6404 -14
8076 9192 -13
8977 5679 -1
5114 3463 13
2135 4520 -19
7515 7244 -6
6621 350 1
2583 7198 -8
9976 5922 -6
9395 1086 17
4576 8025 4
8471 7635 19
3026 980 3
8662 7559 6
7904 77 -1
9590 2347 -19
6911 3939 -2
4244 6001 14
2624 6024 -10
8852 5979 -19
2345 55 -13
5199 6987 3
8524 3865 -15
7668 5956 -13
7576 3068 13
3040 5538 9
6143 6361 -16
4818 6923 15
1476 5470 0
292 3471 -10
9937 6447 3
884 5957 -17
2196 9437 14
4690 5813 -16
7894 8673 -12
4314 7409 18
5327 1227 -10
1253 2106 -8
914 8515 13
8900 8365 -3
6227 2955 -18
9458 8328 2
3591 7018 1
1460 4901 -9
869 370 -8
5308 8676 11
3240 8967 4
7023 5330 10
6155 3981 10
8935 2761 -17
6254 6799 17
9327 8509 15
8965 3369 -8
1672 5113 11
6571 225 7
6590 9048 -15
1460 856 -17
5056 931 -12
5392 8758 16
3393 2015 -11
5628 4990 5
1399 5646 17
3601 5756 8
1413 7214 17
9664 8768 -12
6091 2269 -20
4437 1932 -2
3995 2271 -14
9412 9550 7
9712 5718 10
5584 7052 -10
5888 5798 -8
9943 8805 3
3835 2413 18
1225 6863 -6
7206 3730 -1
5293 6108 -6
8545 8810 -10
7936 2574 0
9663 2909 4
8964 145 -13
3085 9122 7
2631 5767 15
9396 1909 -7
2763 3727 3
1159 6053 -11
7678 9055 -19
2917 646 -1
4178 2648 11
7693 8218 -11
3029 5499 16
8200 1346 20
7413 8469 -20
421 1911 6
9839 6408 -5
4511 9053 -4
3389 3515 13
7698 2625 5
9878 6901 -18
8491 8746 -3
8475 5040 -4
5128 9027 2
7599 9287 3
2331 7727 -4
2086 6837 19
7191 1841 10
3716 121 14
7685 8278 1
7674 852 -12
8871 2448 1
1785 9841 -18
213 3564 0
2032 4237 -13
3433 5983 -6
2438 387 -18
1458 1986 -15
4996 1674 -3
7384 623 11
6734 9288 14
5941 9875 -8
5244 5938 16
3012 366 -19
6016 5201 18
4915 3042 18
3202 572 8
3394 8874 6
8831 5888 -6
711 6264 -14
6192 8676 14
2927 692 -7
7632 3180 -1
3829 9757 15
3302 9877 14
9940 9907 -13
8968 5399 -8
62 4996 -2
7507 982 3
3176 5671 18
4505 3271 -11
1074 8982 10
1691 9599 15
971 8173 -18
5950 8515 -12
376 7968 7
7854 5598 4
1422 9022 16
6949 3000 12
3037 21 -19
2102 5493 18
3883 5203 -1
926 4080 6
9392 5037 -4
5775 1665 5
2470 4540 7
3512 6412 15
9835 3172 19
2881 3628 12
429 1640 17
389 2053 -18
7354 8730 -17
5536 3547 -9
8582 5017 13
5957 8264 18
646 1634 13
9525 211 10
8649 3121 15
8624 6054 18
6102 722 18
5896 9181 -7
2276 9306 12
2351 2995 -17
9125 2633 -3
7573 1633 10
831 8670 7
985 2190 3
8129 2766 4
6954 4331 16
7898 4270 -2
4024 2762 9
3195 9964 1
616 4732 12
7239 3083 -5
4487 7453 5
4293 7314 -12
9077 7587 -12
3897 6720 1
711 5662 9
7183 9245 -18
1586 6744 -7
3698 539 10
8832 1557 -16
8943 2155 0
4270 7831 -13
6309 5396 8
3302 4038 -7
3906 5030 -1
7881 4154 -12
8102 9485 -18
4287 7992 12
4767 218 -4
468 5630 -12
859 3998 -8
3888 622 6
8424 7231 7
7351 1643 -2
7677 2292 8
1373 4415 -15
7723 7060 -7
3525 4763 20
1633 5706 -1
1664 7922 14
8179 7841 5
6471 679 -9
5032 4210 -9
9242 9268 -8
1937 7112 17
9477 6458 -15
7527 4059 -9
168 6324 19
9406 7781 -3
6096 6661 10
448 5531 -13
5340 3097 -18
6220 4144 -19
853 8521 -1
3197 8253 -15
5613 7679 -4
3394 8961 -10
8250 2336 12
7105 4041 0
2086 8429 19
5135 6765 -9
4832 4098 2
8398 8183 -13
5416 3889 -17
2059 5890 16
231 8681 7
1412 6971 7
2231 9313 17
585 8151 2
9876 8960 -14
9172 4415 5
4634 2494 -20
7245 3451 11
8447 7788 12
5996 5198 3
1462 8505 -3
6749 2916 -10
2793 7979 19
3355 2209 3
1410 6026 3
153 9358 -10
3309 276 -10
4227 4867 5
7501 6596 -3
6509 3686 -11
3144 1636 5
3469 7286 -5
2798 8963 11
3477 4855 -10
2963 2721 18
4697 3561 -20
3689 849 -18
9388 9755 -13
1499 8996 -16
7259 2580 8
4670 667 0
5280 4926 -1
4101 7441 -20
7888 6391 -12
5241 1408 -7
3330 716 -14
397 7682 1
31 114 13
923 2448 8
9412 9719 12
3679 5907 16
1115 1264 8
9448 5390 20
4132 3830 -6
4156 2382 -11
9185 1375 -18
9105 3507 -17
5872 9910 -17
6742 945 -12
9374 9177 16
9924 6332 12
6144 8792 20
6996 7067 0
7301 3974 -20
2727 1761 -14
9832 8243 4
4791 3098 -2
2125 3139 13
6167 2589 6
2972 9683 8
4724 5633 8
3485 2265 -5
5186 2640 14
51 5908 13
7184 8755 3
2816 7834 -18
8872 7601 0
8471 7232 4
1887 877 17
4773 608 3
4469 4412 0
9702 6152 6
6530 4569 10
100 6400 15
9323 276 -11
2837 7961 -2
7638 7709 18
6839 6991 4
6807 7041 4
2991 831 -5
6470 6427 -9
476 4850 -19
1316 342 -15
8055 7441 -5
9992 3670 -3
8851 6301 8
3029 3034 -6
9297 2348 19
7758 7958 -5
749 8012 -6
9755 6419 -4
6746 2803 -16
6408 9709 6
362 6250 -16
4607 4988 2
4736 6810 -13
1248 3113 -8
20 7235 4
1392 7626 -6
9913 9647 -8
4973 8624 -1
3937 7358 -14
3528 2377 -15
9099 6498 5
7457 7160 -17
8886 2153 12
2832 2769 7
6746 124 16
3276 9393 11
4652 2205 -13
1524 6456 -8
2498 8827 14
1231 3106 6
7474 6916 0
6539 1032 -13
9263 4250 -16
884 6476 19
1469 7796 -5
5260 8505 -11
6574 6163 9
6620 7920 14
5073 6013 0
7935 150 4
8634 4941 -10
4317 5528 -12
980 3939 -18
9455 3892 -18
6676 8596 1
749 6172 -18
8840 668 17
1934 4902 -20
5277 8710 18
4214 1356 -2
717 1322 20
8708 6284 15
9399 8837 -5
9468 4000 6
1387 3358 -10
4075 9467 4
308 8008 17
6292 8777 -17
3609 7220 10
1970 142 0
8334 9793 11
1272 6667 -9
7828 7061 -12
18 4493 -15
95 4910 -13
4963 8719 4
5163 5733 11
1859 3894 1
5826 5483 20
2243 2253 1
644 4462 -10
9079 9579 16
7340 5844 -3
3367 3799 14
7693 5029 9
9464 423 9
3578 983 2
2464 310 6
5162 6634 -4
591 9052 -12
5784 8819 8
398 8863 -18
8329 1697 -20
641 910 -19
8108 52 16
2011 2074 16
206 3558 0
9946 4775 -5
5544 7276 -13
9813 3273 -10
91 7789 19
8082 3300 3
2735 6810 7
2412 3176 -9
6909 2743 -17
5696 9883 2
8 2874 18
2651 515 6
3654 2816 -3
334 7853 -20
9328 5907 -1
8420 5605 -14
6982 1385 5
954 3714 -7
5651 3219 -6
2642 4379 0
1510 723 2
5604 6853 1
3353 4400 -2
298 3700 -4
1613 3193 20
8356 7748 10
4923 1292 -8
8124 5415 -20
2904 5833 -20
2867 4320 -19
1646 666 4
9739 3587 19
8413 2611 -18
8409 8027 13
9538 4834 8
5816 2056 0
7086 2315 20
6140 7530 -4
4913 892 -18
6597 4473 -4
3370 3883 8
4629 9820 -18
9100 8107 -2
6638 4754 4
5914 6925 2
5531 5294 -4
308 8036 -4
1490 4433 8
5019 3624 -1
1642 1663 -9
339 5664 19
2857 1158 -10
5293 2559 9
1252 4661 -13
204 2991 8
418 7345 11
7597 3116 -6
9129 6215 10
551 979 6
8761 5876 8
5825 7610 8
5726 9416 14
7923 9151 -2
2981 5362 -10
4855 5161 20
9942 4944 -4
9919 3794 -4
8378 2338 20
4865 1115 -3
1485 8213 -9
395 5725 -4
6162 7308 -19
6242 8348 8
5999 2982 -15
6476 6689 18
1273 4830 -16
736 9460 6
3545 4448 0
8980 2159 -4
5625 1821 9
9374 4224 -12
994 9685 16
3091 6551 16
2750 5367 -18
5263 5091 -20
9392 4 -6
1889 3710 -18
5735 1435 -4
5018 6425 5
2359 2152 -12
8933 9882 2
1793 7888 4
8955 36 -12
3278 3630 -20
2268 2763 4
8855 4457 5
6460 9784 3
5937 3065 -18
9597 8531 3
8533 4078 -6
4952 3908 -13
3323 5482 4
5443 1071 12
9581 1670 -10
883 9449 -4
9775 7350 -7
6911 4343 -18
6113 8669 4
5814 9779 9
5892 541 2
6485 9175 2
9658 2938 -17
846 5716 7
7413 8571 14
9213 199 13
5948 6309 -19
2640 8184 16
8429 1326 -15
5398 2069 0
9110 6219 -14
1130 1019 4
6985 5217 4
7559 1016 2
1327 3627 -1
3109 9228 -13
2547 8430 0
5413 3419 15
9102 4716 -17
6073 7334 -7
6768 6058 8
3225 5062 7
3261 9719 -7
835 1630 12
7468 119 12
3431 4309 5
6214 1186 -18
6230 2531 6
6669 1462 19
1736 2946 15
360 4743 4
5309 4971 -19
3875 2971 20
4390 5377 12
6962 245 -19
6054 685 3
9774 4624 10
7244 7734 -8
1284 1264 -20
7078 1969 -1
2446 1818 -16
1943 4886 8
7487 6088 3
7311 1612 5
367 7407 14
196 2348 -19
3905 6169 -19
3202 226 0
1594 4875 -7
7985 6962 7
8283 3683 -2
3036 1330 -10
716 1167 3
3768 4398 6
2682 4475 10
1537 5690 16
895 2495 8
1430 9667 5
5881 4865 9
8616 1151 -17
7386 6751 -12
1656 2430 11
9647 9977 12
4992 3730 10
7863 8410 7
7770 581 11
6763 9445 13
3669 5251 8
8819 7397 9
6291 3016 8
7135 7474 12
4556 9925 -3
8063 5770 7
4542 7976 2
2044 13 -4
1649 5554 19
9684 2367 8
2085 6993 12
4247 470 -8
8673 5834 -2
5710 4199 19
9827 8936 -15
1099 6893 -17
3728 2399 17
6215 9272 -13
1172 780 -5
9339 4629 18
1235 3521 -7
9145 5027 9
4102 1049 9
5151 8317 13
9537 8637 4
8544 6331 17
9721 6754 0
1409 8897 -7
3594 770 15
5330 6795 -14
5716 4767 -19
1208 2413 3
1019 4797 -1
1565 4351 14
8492 7465 3
6612 6867 4
5374 6463 -17
3463 7904 3
3178 1079 -2
899 5958 2
2848 1090 -10
4656 2010 -12
637 897 -1
4180 3501 -14
5896 2272 17
8027 2579 -12
5183 9846 10
9708 3905 -2
9808 1569 -7
7620 2234 14
1855 316 -11
8586 4294 14
9840 3188 20
6251 5 14
780 6102 1
4803 3758 14
4598 6104 -13
4955 7644 -14
991 2289 -19
2804 2068 18
476 9521 17
6425 656 -3
1825 6484 14
1963 9588 -18
8770 5900 9
6012 1370 10
677 3822 14
9985 6605 -3
5524 7610 4
3459 1898 -9
9074 6791 -7
5510 8396 20
3688 7243 -4
9197 6802 -18
160 8132 -3
1225 5536 16
5483 3072 -2
865 3105 -12
1865 2950 -15
3454 2689 -11
4615 9324 -3
1133 1544 -2
5449 6429 -17
7679 8625 5
4901 4667 13
6735 9364 18
8961 1010 11
4289 9398 -13
399 4242 -4
2499 9341 2
8010 7066 17
6160 1853 16
238 8701 12
6628 5091 -11
4098 9079 2
7108 2343 -4
7977 9012 -3
7989 2304 2
8512 3780 18
9389 7725 1
4741 2253 -4
674 7874 -20
323 8692 -10
5119 4589 19
8519 2906 -19
688 220 15
2225 7921 7
3779 8965 4
6269 5741 8
4429 3551 1
5083 6634 -14
5563 1758 -13
8864 2626 -1
3382 5678 7
9588 3111 11
1821 3736 -6
469 8710 -9
1300 4553 16
2605 6377 6
4177 5323 9
7530 9126 -2
7687 4271 -7
8713 970 -7
4352 1579 19
9798 2509 -16
757 3064 3
6414 6701 16
7434 5089 5
8003 9706 20
287 564 -19
3508 6640 3
4062 6555 -4
6333 9580 8
1660 2101 -19
8797 7392 -12
5928 7448 14
1503 4376 -13
6648 1303 -2
4394 4080 19
2701 5952 6
7965 9742 -15
2471 5177 -5
1283 2546 20
6884 4941 7
6949 4894 -3
6751 3822 -1
3433 5349 -18
539 3344 -6
1941 8255 11
3026 2040 2
7847 8964 -19
3927 8290 20
1006 8925 -2
9823 5541 -20
4914 8556 -9
4363 8828 -18
455 8203 -8
4061 8317 -15
1781 2543 -3
8504 8667 8
2727 8862 15
9059 4043 -4
5343 8723 -5
1494 68 6
233 8549 9
2339 8563 5
8015 8023 -17
8783 6467 -14
7178 5754 1
5296 2763 -19
9018 2046 13
2116 2931 15
6696 5936 11
327 1561 20
7044 5837 20
8752 2371 -9
1824 7463 -6
301 4293 6
1772 5716 11
226 1637 -11
3552 4797 5
2721 4026 7
8623 6031 6
5085 6367 16
8764 6658 -8
605 687 14
9520 9374 -9
4055 8046 -20
546 3743 1
37 2337 7
4171 3394 19
2610 186 16
2815 1225 -20
6271 3436 -4
4404 3112 -20
5656 8718 14
1083 7250 7
6980 6973 12
8685 3910 10
9336 688 -2
8902 4434 20
1654 4342 9
4704 1570 0
6657 5279 10
1853 8856 -3
8049 5846 -12
3263 3048 8
1302 7231 -13
5135 336 2
5759 6661 -14
1778 565 -9
8447 5663 4
9078 8385 -2
8808 719 -12
8370 7476 20
2018 1191 19
7410 6610 4
6321 2361 -14
5378 1879 -16
9902 4047 -11
1895 716 19
3327 1398 -6
6121 7714 -8
7122 4986 -12
8183 6178 -5
5839 366 8
3342 9609 -20
9873 6351 9
4212 2204 -19
9094 3008 13
7572 6010 16
8825 1665 -14
4185 4105 -9
4943 615 -9
5302 5828 11
6767 1088 1
1726 7128 -3
6253 853 12
192 6326 -11
1158 6914 -2
9933 8924 7
2269 9806 -13
1967 757 5
1692 5863 17
6013 2831 7
6879 9767 -7
4074 5708 -7
5048 8832 -13
8844 9273 9
6102 9094 5
7391 8422 13
2239 7079 -8
8219 9550 8
7511 7251 20
250 9522 -11
1285 5382 -20
7185 4108 19
2223 7454 17
2066 5648 -8
5618 8269 5
7261 6570 -20
4974 3829 -13
3184 2525 17
6232 2383 -12
5164 4265 -9
7166 3706 18
6625 568 12
7382 6416 -12
9032 2159 -15
7620 3894 -20
5452 542 17
4330 4647 -4
855 8246 8
1402 4359 -16
5775 3241 17
3078 3933 8
5926 9926 12
8651 6613 8
7168 2295 -3
4278 5385 -15
6974 8201 -5
9998 4651 -15
3942 9179 -6
3246 821 -14
8022 3641 -1
3538 9495 -14
9683 7920 -6
2446 749 1
3866 487 17
385 6835 8
4039 8971 8
6177 8907 18
333 2816 -7
746 621 0
8365 7626 -19
2429 3279 -15
7709 147 3
689 9687 15
3093 9516 -7
6988 1597 10
2392 7439 -7
4891 1103 -19
4638 8752 11
2219 5093 -2
3058 5890 10
8993 6869 3
2111 2090 -9
5426 235 -11
6135 1019 -7
7196 51 17
9076 3012 4
9717 5907 8
5742 3028 10
1336 8213 16
3090 6705 5
9179 5002 6
642 4440 11
1409 2415 11
8759 3865 16
2923 1439 20
5445 1822 -19
2835 832 -10
4635 4946 -13
4396 5606 10
6870 6526 -12
35 1069 18
2918 8892 -9
6319 4603 -6
5135 8993 3
5220 1778 -15
9775 621 11
7676 5843 9
3184 8019 6
3298 9266 -3
7136 391 -8
3676 5293 19
651 5255 -11
142 2687 -10
5961 7447 -14
2326 3757 2
848 3345 10
2641 9282 15
8421 4056 -19
7796 5612 14
3395 9882 -12
7395 7073 2
8512 7629 0
2366 4425 11
3952 5918 -16
5758 7479 17
5825 4123 9
5805 2092 -6
1492 3398 16
8126 2387 4
82 1157 5
7953 7069 -12
3142 6709 20
3444 2783 10
2286 9585 17
2381 5800 7
9932 1471 -14
1246 7148 -10
1075 8759 7
2584 2581 -12
5900 9098 11
6995 4149 8
4977 7067 -1
5852 7773 -4
2809 3127 -3
1832 6536 -17
3113 4185 16
487 4288 3
8400 451 -17
3776 3524 -3
2730 401 19
4216 844 18
8659 58 15
7815 7606 -3
2443 9982 15
3398 1868 -4
9420 5258 -8
123 9097 6
8805 8913 0
9798 8996 -12
6814 4988 -11
5991 7124 15
4351 8796 -16
3350 4991 19
3907 8697 12
4587 454 9
1459 7215 -19
5183 7127 -19
3140 4190 -5
2116 339 -14
4430 2413 -15
1035 9565 -14
4820 740 -20
6582 5521 -12
3769 3274 13
1492 721 20
9271 5673 -11
3167 7195 -16
7465 7461 19
637 3691 -4
564 9378 -10
4990 926 -15
9209 9306 4
1159 5146 11
1110 8545 -10
741 4482 1
7017 354 10
7140 6256 -15
2040 2636 8
5678 514 16
1943 5593 20
2968 5075 -11
4974 6731 -8
4501 7278 -18
8912 7752 -3
1343 7391 -11
3293 9396 -4
1919 6413 -8
155 50 10
2701 5033 20
3192 8986 18
6406 391 -10
7127 6826 17
774 1727 -12
1674 1837 1
7187 2564 -9
2862 5924 19
1895 2989 -8
9872 7908 -2
3439 6626 -11
785 4015 17
3879 3882 12
5203 8061 -9
6571 3369 -7
9889 3162 -18
9285 388 4
770 1820 3
9919 9782 7
554 9178 -4
5240 9229 -4
4939 9764 -8
5238 1876 -13
3849 2014 16
8767 6972 19
334 1326 -10
430 8759 -7
9352 1303 -8
9880 3203 1
8088 36 -15
8924 862 -10
657 8210 -7
2006 5234 -7
5408 8567 12
1197 5906 -9
8492 4185 -19
4430 1133 -11
6192 1405 18
3070 4264 -17
8249 6728 6
1240 9382 -18
9201 9913 20
3464 3588 -8
8881 3557 -8
4900 9506 10
1183 662 20
6823 4281 -17
9304 4104 8
5619 2161 5
4106 5802 2
1063 7817 9
2524 5242 -8
7581 6232 -7
8666 5995 2
6011 5373 -6
5378 4269 -16
1034 958 -20
8862 9682 -8
1258 9992 0
3764 9495 -13
4433 9301 2
8787 803 -15
34 3732 20
6497 9958 1
2673 415 8
3790 8825 -20
2603 2975 -11
4286 7317 -4
6713 6043 20
2712 9919 9
6602 2873 2
5853 1619 0
8930 385 18
3704 4508 -9
9644 3646 -18
1542 9844 -17
4860 1181 16
1176 5755 6
4020 1234 -12
1986 2521 -5
3865 1333 9
2637 3469 -10
7704 3093 -12
2181 1168 -6
2929 8169 -12
7999 7793 -12
6946 8819 15
9977 9111 5
8251 5688 19
5462 2171 -15
829 4607 1
6691 7167 -19
5584 8483 12
8773 8402 10
5016 2320 -15
4441 7262 -7
8701 3899 -3
3507 9721 4
7491 8158 12
5682 2418 18
7226 9652 -18
773 3112 -8
4157 903 -15
5000 2262 1
7418 7103 19
9394 6209 2
2635 3833 13
9019 4309 1
8508 8336 -17
2826 8400 6
4511 3807 20
4607 6381 5
4589 5263 3
192 9747 19
395 8676 8
923 8435 3
3843 8010 -5
1784 7160 -5
3184 1602 -12
5925 6707 -4
9442 257 -1
4583 1574 14
1897 1394 7
8144 8018 8
7305 6628 -5
3967 749 10
6821 9943 11
5701 5828 5
2624 6653 -1
8053 7325 -13
2403 1290 -6
6757 554 9
3409 7461 12
2962 1194 -15
687 400 3
6561 7008 6
9657 7491 -2
1348 7508 -18
1604 7952 -2
8119 425 -7
1076 7944 -10
5269 8873 -12
592 9171 17
2034 4345 -4
1787 8770 -3
3693 9333 0
6123 316 -18
434 1270 -16
5416 2110 18
20 6548 -3
483 8332 -16
6461 7219 11
6533 5582 15
5578 4493 7
9529 8382 -12
3989 4771 13
5866 721 -3
3013 4037 15
6499 5214 1
2485 7707 9
3437 2288 0
1794 7290 -11
6794 5189 -7
1093 8300 9
3034 5718 -9
1235 8409 -4
1483 9869 12
146 4414 6
5643 321 8
8376 4302 -15
7404 8347 -2
4973 663 8
8658 369 -19
9865 3131 -7
9393 2868 -16
4812 6608 16
7677 5433 13
1312 9571 -10
8916 6135 -1
8994 6941 5
2723 4543 -9
5568 367 12
2188 6304 -18
6146 2203 -20
377 278 -18
7391 4771 20
914 819 11
3179 2376 -8
6262 4972 -5
4889 5071 -20
6320 9285 -4
3047 6268 -12
84 77 9
8430 4665 1
9636 227 -4
6517 3757 -15
7151 2911 -12
5777 8441 -12
6213 8978 9
4002 421 -17
730 9091 20
5073 250 -18
7552 5170 -16
1103 6863 -14
2256 9144 -17
5870 7663 -9
4826 6354 5
2942 5745 -10
2151 8923 18
7230 2398 4
852 8285 -14
310 5046 5
8879 3015 7
5822 225 3
7489 7975 -15
4677 6238 -7
8020 2204 4
7286 7200 -2
6806 2860 7
8422 2493 9
7837 2622 15
9868 9655 -16
1329 1448 -12
9781 6014 -17
9764 7532 13
4128 3029 12
5936 1951 2
2673 7528 9
3926 4813 17
5783 8708 14
3416 4213 -19
7549 4614 -1
7079 9187 8
6058 8210 3
3797 6172 -18
3709 4912 -1
5137 5607 16
1282 363 9
5646 4034 -15
5612 756 -3
3172 6419 1
5529 2164 -5
1052 9595 14
7071 2116 12
5089 3706 -13
5164 3673 11
3643 3768 -14
3639 4836 -11
8740 1340 14
1433 2661 -4
425 1143 -11
2471 4217 17
115 8195 -9
7458 1061 19
6909 6250 -2
8443 9737 0
700 4989 -1
5411 7787 -15
5412 9166 -15
3603 9082 -4
1667 6970 -11
8627 7579 2
3402 6891 -1
2978 9943 -5
1578 4156 3
559 3580 -12
77 4650 -15
8031 4351 -5
6654 4208 -17
2222 2454 14
8927 4746 1
7446 7126 -20
3263 2250 12
9664 7313 8
2180 6495 -11
525 1119 3
8822 4610 -12
1944 3338 -20
4720 5788 7
4259 2521 20
5392 6504 -6
4385 8249 2
7512 6698 8
9926 6453 19
7516 4047 16
9561 4975 -6
3307 1479 -10
2751 493 -18
4643 9005 -15
7556 296 -18
5573 9125 16
6121 3993 3
5878 5848 -10
7985 6582 -13
4806 1049 -16
11 8245 -13
7631 3047 11
4984 7131 12
4157 111 -17
4100 9825 -13
6505 5779 12
2950 234 -17
5620 4923 20
507 240 14
3103 7781 -1
1425 4525 17
8257 142 15
997 1274 -11
2778 9543 9
6150 2378 12
6737 8751 13
7315 2946 17
7824 9771 -15
9147 7029 -13
2005 3754 -17
2167 7119 3
8242 3895 -19
565 8034 14
1063 6748 3
8937 7485 -7
6948 1243 -7
1496 9783 15
3682 5468 -6
6302 1935 -4
2139 1550 2
2157 4022 10
3557 7178 3
2855 2188 2
2586 5216 18
7301 383 -17
2486 1923 -9
2168 9599 18
7537 8841 8
6736 5 -13
6014 9866 -7
1569 1648 -4
314 7587 -12
6046 5390 -15
8566 331 -20
1656 7880 16
1523 897 19
5560 9732 13
9343 1928 -19
2243 2721 -7
5777 7272 14
9185 1891 -10
6096 9792 -4
721 855 8
7955 7673 15
9709 3882 9
4852 3403 -19
1924 3526 -13
4432 5191 -13
7046 4953 -16
418 8968 1
1829 8848 19
6242 2222 11
1666 2165 -4
4224 1262 1
862 2534 -4
8094 1152 -12
3982 9459 12
4411 4088 16
9662 8981 -9
1511 4745 -3
3980 7413 -1
3452 7786 10
897 1350 -13
5170 1542 13
8701 9276 -13
7375 8785 0
2544 7973 -17
5500 6233 -20
729 3326 9
3401 4590 6
1131 8495 1
4830 3232 -9
4231 1935 -14
7396 5656 9
9573 8136 -2
442 142 -17
9156 5849 13
3023 1506 -7
946 3427 0
4359 8333 7
8364 9433 -5
5678 4485 -14
2098 3588 -19
2250 8949 -8
5938 8296 -10
637 6526 1
5929 2599 -13
330 3534 2
2382 3312 16
9068 7499 0
5881 1189 -11
9008 7172 13
47 6698 -17
2739 5386 5
526 7455 0
1441 7413 12
9907 4566 2
8940 7280 8
5177 3980 -8
4968 8928 13
6922 2496 -13
6956 3954 20
7473 5615 -18
6859 1190 -7
2821 3896 -19
3134 4911 -15
2766 5991 18
2963 2865 6
6748 1487 -10
2218 3261 1
444 6068 3
5129 4621 -19
4268 2668 -14
2463 59 14
4265 5113 5
942 1321 1
7079 5094 0
3368 6856 -20
5237 9125 17
7316 4449 9
4628 228 3
6054 3395 -1
8369 9811 -19
1334 9103 10
5912 2813 1
2116 866 -11
7376 2396 -20
5818 6740 0
746 3404 -6
7057 1046 -7
9616 6714 16
5691 1043 12
8231 9490 -1
6552 5789 -14
8152 4059 -16
1381 7567 -8
6702 3644 16
9635 4512 18
5671 9684 16
4203 4608 -2
2343 5111 18
8372 5641 17
858 8874 10
8666 2435 6
4799 7190 -13
4645 2017 -2
1397 7339 -16
518 211 5
3123 3986 -6
6654 3436 18
5903 4757 -3
7160 1675 16
2671 8129 -7
204 5617 8
6740 3646 -4
7019 5243 4
5345 1707 19
7637 8544 19
3198 7567 -13
3928 2437 -3
205 9264 8
8032 3902 4
3436 704 -9
8443 6315 -9
4958 2997 14
8779 703 -14
6168 2141 11
7785 3989 2
543 8456 -3
7647 5023 -20
4288 6625 -6
1090 7529 -5
4251 9789 17
6041 5673 16
2871 1175 9
9587 2777 15
532 9031 20
7614 309 -19
5734 9408 7
2762 6401 0
7314 1840 11
5897 9622 3
2399 3217 2
2859 1272 18
1223 4382 -12
1074 292 -15
1836 8226 -20
9806 5932 11
4817 5132 1
4108 751 12
29 8998 -8
9924 2804 18
7390 594 3
4948 2139 -4
5771 2425 7
7356 2039 -15
8042 5603 14
6480 6328 14
1074 1383 3
6275 6778 2
7304 5535 -5
1416 6257 -16
1134 7942 -13
918 7346 9
2549 2006 10
2372 8177 4
6573 1999 -7
6744 322 -6
704 8769 -12
5734 1986 19
8401 5569 -7
9699 6939 10
7472 5595 6
456 5121 17
8149 8750 7
3448 8047 5
7334 9596 -9
5785 2157 10
7103 8922 12
4733 9273 0
753 907 -13
7103 6551 -16
4838 2738 17
8534 5917 16
1409 7116 -5
110 1352 11
7650 8712 -4
8761 8637 12
5858 2809 19
8567 1680 3
194 5740 -3
7850 4789 -18
4029 6823 6
8643 8438 6
9630 366 11
3539 6121 -4
8248 8953 -15
6386 8318 12
9347 8274 -12
5898 4877 -6
7336 4970 -17
4113 1894 -5
4884 3115 1
558 6977 9
9721 6565 0
5246 9407 5
8167 3080 -19
2158 825 -13
3157 3983 -20
4735 9411 9
1428 4288 14
3775 5165 -7
1061 3826 6
8798 9565 0
2434 3125 -11
5043 6803 2
3179 124 5
822 4602 -5
7284 3048 -2
3692 6124 -2
3361 546 12
8642 6447 1
4412 926 -6
3671 9622 -3
8235 8597 11
3961 5552 14
9864 6761 -15
7067 4638 -18
6860 842 18
1076 5241 -6
5240 1314 15
348 4989 -11
78 2958 13
9781 8792 -15
850 1325 11
6229 2430 16
4586 2826 -12
524 3666 9
1669 4039 5
7024 5550 -14
1380 4018 7
9388 9042 -17
45 3564 -9
384 7129 -12
8607 1502 -13
523 5247 18
5651 7551 -11
4118 5629 10
327 9115 16
3437 830 -14
3947 5097 -19
2579 6161 -15
325 7182 6
6595 1037 -18
4557 9757 5
5622 396 -15
5020 1852 -13
1512 1867 20
3479 4311 13
3773 7265 17
6680 7046 0
1679 8390 10
7432 1492 -9
5101 2282 -4
2109 6028 -19
367 988 -10
2471 8196 6
395 5323 12
3310 1042 -1
6882 4386 12
5471 6958 -8
8059 2125 2
1901 2638 17
799 3232 -18
5644 4123 9
1474 8761 1
1158 862 18
4854 1598 -8
9406 890 11
6274 7229 6
4361 811 -7
206 404 6
1879 4819 12
9936 3284 6
1947 3212 -9
1738 2939 -2
3013 525 16
7163 9866 19
9608 3656 8
4020 994 -18
9029 8548 7
9625 4763 -10
3391 4532 1
8128 9382 -1
6529 1150 -18
1850 9242 17
7324 9491 -4
6404 856 5
9472 8903 -7
4270 3867 -3
4337 4649 9
8100 9341 -8
1680 3838 19
9970 1333 13
525 54 -18
7156 8928 -8
5557 9633 15
793 711 -1
1473 7207 5
3069 8332 -3
6592 988 -15
3489 9857 14
8840 9723 17
8485 4287 10
7221 3209 -20
9080 422 -20
6967 1853 -14
7019 2922 -20
9024 422 -1
7871 4178 -5
4329 4164 8
1971 2974 10
7853 9463 20
1084 5451 -14
4933 3888 -15
5381 6573 -16
8910 7816 0
2680 9123 0
641 6123 -18
156 3232 16
5718 4152 15
5137 7829 -4
7175 3328 4
3929 4469 -12
4169 6146 12
5824 1182 17
6397 1579 -8
3938 1354 11
9912 4683 -12
5833 6060 -6
8067 2148 -1
3932 5277 -16
2538 3589 -9
3625 592 -11
7169 8886 -6
1497 4906 18
6238 5899 -4
4015 3251 8
1638 6307 14
6660 360 -20
9537 1235 -7
6550 1470 10
3855 1024 -18
5754 8959 -12
2682 534 0
6635 6894 20
4567 4766 -13
8954 2019 8
2496 1002 -2
7938 652 -15
2350 2793 -13
1790 5163 9
8409 5446 -15
2007 6595 -15
8082 6773 -6
7878 9269 8
6341 5412 1
2489 1674 3
7517 8645 20
4670 4483 -7
5729 4602 10
6027 8791 10
7890 4611 0
2506 5370 4
7080 3086 9
5243 5626 11
2584 8249 2
3179 1050 -15
5291 3163 13
2458 6360 -9
3944 71 -20
5857 3468 -14
3972 3951 -11
7129 3677 11
6099 9431 2
2149 1751 1
2228 6387 7
666 3338 -11
3292 6029 -12
6267 9988 3
4914 8261 1
1794 4217 13
2308 9842 -11
21 2766 -20
2178 3420 -14
3903 3146 -9
1217 5274 -14
6732 3131 5
7312 4545 -19
1277 4418 -6
6326 1703 -4
9519 6832 2
5360 8277 0
8883 3943 -3
7986 2574 -5
2188 9864 -11
6862 1568 -8
7605 6764 -17
1955 4350 10
1776 4282 6
493 9422 0
4883 2036 17
4687 4120 -15
2298 5073 12
6073 4325 4
6583 7621 -11
8734 737 2
3829 8487 19
9735 6600 18
7712 8352 -14
6896 7354 -7
6267 2322 -2
7961 2794 -4
4502 8294 19
9533 7977 17
5197 5032 1
1107 802 -12
9922 7641 -19
2200 6124 6
2462 9512 -8
6377 358 -18
7237 8243 3
7372 2327 6
5928 7296 -15
1907 7512 0
3927 7215 -7
3146 8142 -20
6612 8397 11
9379 3766 -14
6471 7627 -19
9009 7087 -2
4618 6460 -10
4166 5181 -20
650 6505 -18
1294 9374 16
8895 9967 8
6345 9036 -4
5283 4295 9
2679 2968 11
362 4017 -10
3099 7911 -4
8892 377 -11
6569 7434 -5
9667 9372 4
5361 9020 -2
6603 2752 -13
410 6765 8
1429 9848 -2
5930 5940 9
758 9693 5
90 1625 -13
9031 4104 -1
1901 9329 12
9713 2492 1
6022 1922 20
9081 7653 -15
1395 9893 -10
4027 736 -15
6294 8750 12
911 5132 15
1938 5849 0
3268 1087 18
4691 9739 8
552 7475 -14
7616 5758 10
4465 6737 -16
4204 3431 10
3471 5143 -3
7724 1073 -19
8756 1987 8
7388 5256 -12
5389 8090 14
8229 7738 12
2988 386 10
3207 7677 13
2628 3214 16
6885 8536 -20
1828 8005 -8
1619 6058 8
9401 9023 18
5520 7098 17
5580 2025 -18
3446 7556 -12
1951 388 20
6464 9898 16
7081 9639 -20
4412 3018 8
7307 6624 -16
3670 3858 15
2584 176 -13
4925 4681 -19
9209 7772 0
9226 3451 -15
7732 2791 12
8433 2584 -14
4877 4522 -20
3011 3291 -2
7953 4971 17
7408 9629 10
8012 357 -3
4131 5161 19
4554 8662 -14
4429 9661 -12
1698 2128 -7
4229 1204 16
2311 5164 3
5685 5829 9
2226 4477 17
4046 5630 11
3361 396 -9
7305 3864 -19
6175 8397 -15
5014 7068 -9
4 6416 20
5206 8327 5
7500 2112 1
1628 6527 14
908 9912 6
3507 6266 -17
2057 3063 -20
3395 2574 14
2868 7483 11
158 7872 -1
3474 1127 15
2730 5830 6
1423 1958 -6
7505 8073 -19
9641 5466 -16
8421 3642 -15
370 5894 13
9247 7203 7
794 7784 17
8424 788 13
6446 2939 14
2180 2191 19
7013 221 -11
1827 9348 14
7790 31 18
4072 4450 15
8982 9441 -20
3806 3396 3
3058 736 -12
7761 8803 -8
610 2617 3
1570 452 -4
4079 2959 -3
3493 3032 -18
6061 606 -5
5868 3615 -4
2581 909 -9
3906 1514 -15
8261 9838 7
5241 6556 20
3566 7628 -14
6294 5214 11
4735 3144 -1
2339 2184 13
1262 4645 20
229 8103 -5
551 2945 -5
7631 7910 -10
4114 4288 -4
8291 9930 7
1157 394 2
662 7253 13
4620 4368 -10
5349 1151 -1
5445 9463 -7
7598 4962 0
7622 5933 -7
8569 2622 15
6322 909 4
4051 8754 -2
8695 5852 12
5014 8111 -11
4962 3712 -2
1160 4151 3
7095 937 -2
3079 4829 -12
697 3736 -15
2936 6090 17
4674 4089 -2
6897 9931 3
5096 6096 7
7306 9477 8
8387 9151 16
7515 9591 -16
3438 5305 6
7842 5704 -8
9997 7806 7
5999 3404 -3
9486 5098 -15
4564 9761 -7
6945 5944 11
9109 9128 -2
4150 3546 9
3061 4180 -5
6978 1341 -2
4955 2793 13
9728 6728 9
3137 7005 0
8924 2889 -19
3030 9694 18
6221 9616 16
8088 6852 -7
2700 9677 -10
6885 2547 20
1387 8707 -4
2483 6173 9
7866 2207 -19
3417 9125 5
7918 3756 -8
5445 3183 9
66 1887 12
5099 1980 -1
9719 1614 13
7373 1433 8
950 9818 -17
7119 9098 -13
4681 1116 -19
175 2902 0
6484 301 2
9648 1706 -14
8631 8334 -15
9527 9179 1
1353 4912 -16
1048 8404 5
5194 9525 -16
1917 1460 -14
2489 3667 -10
4583 4614 0
8923 8870 16
7008 8421 -4
5110 1026 12
8850 1976 4
8312 6891 3
1670 4007 -6
6090 9883 4
4770 8153 -8
2197 1791 -1
8408 5955 13
1101 8553 5
4668 701 -13
41 3198 18
3223 6453 12
5513 1374 -5
2290 5573 -3
147 6720 -17
4344 6749 6
3946 5564 -19
1446 6253 -18
54 4466 -6
9986 9056 19
4020 300 18
7836 8350 13
9052 9709 16
1937 7732 4
3055 3246 1
9170 8865 0
7105 8375 -2
1568 5752 4
6286 6054 -11
5437 8362 16
4428 8264 -19
1297 356 10
3144 3390 2
7599 5362 -19
9815 8945 14
2023 992 -18
3952 3111 15
9131 3430 -1
5320 8671 -6
1282 7584 -20
4659 5744 12
3351 2548 1
2917 8446 -8
6074 3894 -20
8117 9594 -1
6050 376 -15
7612 2766 -20
7123 3810 -19
1221 8960 -13
7602 7176 -19
5212 6529 -6
2340 99 13
5919 9139 2
9326 4492 -10
6588 9808 9
936 8910 -7
1253 7790 -14
7665 5159 -13
9368 955 -8
3099 1705 -16
9231 2846 -19
3741 6439 -11
6412 5260 11
1167 3378 15
2194 3122 20
5806 5085 15
9683 292 1
1205 1208 -7
3886 3556 -3
4497 9718 -18
2510 5838 -6
1846 9965 20
3035 8528 -15
7221 7630 -19
5132 1369 3
5813 3252 18
3624 2765 5
4563 9551 3
1154 8496 -18
7322 1405 18
932 8933 -8
4019 4678 15
4953 1462 2
863 5676 -19
467 4935 -18
2184 2800 -1
9043 737 8
638 1619 -16
4986 225 13
3760 4169 8
3813 7318 7
6541 7746 -19
4814 679 -4
785 7908 15
1058 3639 -6
9485 6466 4
6191 4944 -15
9009 4743 -4
6304 5374 9
8847 3921 -7
9515 9680 -5
3797 2130 12
9185 4798 9
4023 7536 5
4541 4813 -20
1520 5663 16
9863 3184 -13
8561 9707 13
8497 7585 -12
8446 3955 -6
4245 3553 2
5522 464 -19
2198 233 -19
9673 7013 -2
1714 7046 -4
6513 1471 5
194 4586 -19
685 8744 2
3802 3040 -20
3679 7119 17
5729 7135 11
5939 4451 17
4474 6569 7
6156 2678 1
8464 9186 6
1451 6960 0
252 5709 -13
7254 1954 15
1475 8069 3
8289 4215 -11
7431 7849 3
3739 6551 -2
9955 4792 -14
6953 7706 20
231 7438 -5
9076 7491 -3
284 7088 0
6750 4173 12
5636 1157 9
6669 2061 13
810 5575 -13
8845 1804 -3
9342 6861 12
7251 2357 -1
5962 9193 18
5281 7527 4
3387 4661 16
1251 1360 10
3616 2515 15
2472 3599 15
8648 8012 -17
197 7465 10
4543 1567 14
5367 8956 -13
4164 6909 -10
4204 2794 -15
3195 6553 -17
9549 453 7
532 4785 -5
4262 5893 3
3721 8854 -11
256 6414 -19
1765 3692 14
8329 5574 3
9740 5368 -1
8419 7840 -20
8912 59 -9
4588 8962 4
9412 2312 -6
9283 6699 15
9042 9419 15
903 9100 -19
8267 4616 13
122 6145 -6
9122 1257 20
1300 6009 0
2364 7638 6
5948 791 -6
9629 5622 8
4481 6620 11
6634 7566 -6
8597 2150 15
5940 6409 13
5457 4084 4
3381 2811 -12
8194 4726 -2
7718 9221 6
1832 1926 -18
1583 3855 6
2224 406 8
1323 9698 -13
5073 8389 -11
6642 8039 -3
3642 9244 -16
9634 2637 -11
1707 1526 -9
6756 1672 18
4104 1948 11
9188 6001 13
954 272 14
7345 9308 5
3227 522 19
2035 1727 16
6370 6626 -7
1830 2433 -17
4854 920 -20
3931 1258 -19
8877 5913 -6
5584 629 -17
6709 4814 11
9989 5075 16
15 7766 19
3617 8670 12
6919 9631 13
4853 9410 0
4918 7977 -15
8264 1243 -10
9955 1703 -16
3568 4166 11
5726 7642 -15
7497 6335 -6
7629 438 11
9233 792 -6
5244 415 7
1758 7358 -13
7389 1338 -13
9301 313 -3
787 9446 -7
8721 2059 19
2917 5061 -16
2529 3884 -15
9593 6609 -8
8429 6432 -8
5444 4488 0
6537 6229 4
9366 7711 10
5063 1279 -5
5659 7693 -5
9353 1523 -14
6895 438 -1
6118 4717 9
3231 9976 -14
5083 9700 -18
5745 4927 -12
2931 9727 13
1150 566 11
7865 3651 -19
3669 5905 -18
1002 3342 -11
6841 1494 -18
4110 6102 -6
1576 4936 19
9801 8325 -9
9169 4610 -3
6970 1825 3
6397 2192 9
8466 5401 0
1784 7096 -4
3282 3615 19
8195 8025 6
4903 131 1
1916 9925 17
4436 1647 9
7425 5809 1
2827 4532 2
5233 8219 -13
1145 2691 -14
1249 4904 -10
7254 4493 -19
4695 6791 -2
7188 5769 -11
3088 2374 8
813 4003 6
8973 1514 -13
1847 2260 2
9209 8357 10
7998 9040 -12
1617 92 10
4376 4797 13
9415 893 -6
9889 9087 12
2177 5540 16
3668 1383 18
5378 8685 4
7124 8771 7
360 9848 6
6302 463 8
1254 5758 -4
6903 5639 16
4498 5629 -19
7984 8324 -16
853 8940 17
5980 893 14
5625 3432 17
2112 9599 -2
4866 8343 -14
2677 725 4
1462 4967 -19
3715 1323 -3
8952 1458 -9
3607 4937 3
2297 359 5
553 6099 -3
1224 5705 1
6437 290 7
9668 8072 -4
8659 3683 -18
3484 4432 -16
3325 5760 -20
916 7775 -5
4482 6781 1
406 580 -9
5766 767 -15
7555 447 -20
5193 8091 3
7402 9639 11
9284 9450 -20
8745 9990 -14
9053 1092 7
4836 4642 18
5216 7497 7
2958 7354 -15
7872 2630 -16
5767 1528 -13
3648 3441 -18
4491 7554 -6
4920 7250 -3
984 9549 10
3026 1309 2
8028 5290 19
4104 3105 10
845 143 -11
481 9001 -7
3027 3727 15
1985 8590 -2
788 7818 -7
9954 6950 15
313 2369 -6
1330 594 19
9731 4572 -9
4184 4090 -5
1208 6198 9
1940 890 17
2658 3053 -15
4423 5301 -10
3524 5256 16
1587 1531 -1
2396 7869 -18
4181 5261 3
496 9599 2
7259 9813 11
921 8340 12
664 5859 7
3569 4457 -8
7282 6321 3
3489 9867 3
1494 4523 14
9691 1872 8
903 8423 -1
7265 3004 16
5017 9100 15
2856 9828 -11
8447 9344 -10
7280 2363 -4
9219 8350 20
585 4367 -15
2475 2389 -14
4913 360 -3
4359 1657 -20
4412 7943 17
6948 5851 15
79 4476 0
2319 4877 -17
486 8525 12
9977 2778 -14
8732 4236 -14
1599 5859 2
2858 3215 13
1252 7921 20
2192 1885 -7
796 5849 2
5129 1211 -9
4177 6213 3
4471 5172 -15
3549 2613 4
831 6471 -6
3958 7208 5
527 8972 3
1204 6292 -5
1015 8469 11
2294 6725 -16
4910 9739 20
4163 1259 7
3821 7155 16
6504 1314 7
5761 8075 7
5965 8557 5
7008 1969 0
5675 931 3
4329 4238 -9
1150 4976 20
1979 5553 19
3091 3562 18
3113 3746 10
6747 2047 -9
3404 3958 -5
80 3177 -12
5373 9787 2
1246 8224 6
1412 6985 -11
5644 1651 -7
2805 6581 4
5932 534 -17
7966 2833 -3
4360 6190 11
1435 5624 -20
5845 7404 2
4475 43 18
4869 9142 -5
9017 9931 -1
2750 2087 -3
5056 1843 16
1955 5828 7
8855 5396 16
1430 6077 20
1109 7433 2
1308 5167 -8
2191 1443 6
5538 6584 20
5301 7965 15
5950 2168 -6
6756 3853 -11
9033 428 -5
3196 4062 6
4457 8406 6
8909 5227 -16
2072 199 2
3323 6894 13
159 9596 17
8333 4082 16
6451 3038 19
4866 1915 -17
8209 3178 -1
7077 6306 -20
4178 238 1
1615 294 -13
4881 7698 6
370 537 -14
3223 9793 -11
8405 2133 1
911 2061 15
4713 8131 16
2088 8037 17
1421 1159 -3
9848 9913 -11
4349 3741 12
1003 6338 -10
5756 2569 -11
1655 2822 14
2233 4010 6
3274 9522 14
7275 8425 11
7334 1457 -5
5503 7449 18
2378 8851 -5
1267 9628 2
5155 9024 11
3466 3212 -5
8424 4723 -2
861 6128 7
4114 4008 -13
107 9195 10
5934 5819 18
3790 4101 1
2054 1706 -10
4685 9571 -9
3698 7770 3
5413 4556 18
6588 2793 -9
4909 175 7
7176 3835 -12
5462 600 13
4275 1775 5
7946 3209 20
2278 9167 -2
9425 4218 -2
5724 8259 2
1058 2540 -1
8355 4066 -5
9253 7673 -8
2455 6747 10
5318 5836 13
8287 941 -7
3881 707 -17
4652 6734 16
5111 6260 -17
6328 8737 -20
6474 6129 4
4082 6831 -9
8146 1456 2
5528 3936 6
7230 5518 14
9890 5009 3
4665 607 -18
4910 4842 17
7293 8975 11
2062 1650 2
7983 2866 12
5748 6077 13
8921 2676 -13
3517 502 4
9774 2534 -20
5915 5159 -16
4347 2803 -5
8948 7569 0
8369 7999 1
9624 2422 5
2945 5525 6
1562 7556 4
610 2601 -11
3689 3066 -13
540 8371 14
7901 3427 9
4476 8714 8
8227 799 -8
5198 7735 3
3145 4553 20
8625 9867 -9
2905 8903 14
8915 1657 12
264 480 20
3484 7280 -2
7527 6609 -17
8825 7274 4
4978 715 -2
6146 3677 15
2412 9519 8
8410 9283 -5
3909 5853 16
838 6140 17
7963 8866 6
7767 6451 0
9071 8356 -5
2684 5463 -16
1120 4354 18
2045 5247 -10
2014 3245 -7
3148 5800 0
7663 8406 13
3360 2075 -1
3822 9979 -13
9749 6080 12
5137 5932 11
4288 1251 12
8057 3157 15
8148 5713 -12
9440 9497 -9
6409 2222 16
3528 8686 4
1265 8133 11
9270 4141 5
5181 2841 -11
5046 8212 -4
701 501 5
2996 4573 -1
8919 9331 -10
5568 5752 0
4247 2251 -9
1842 107 4
2176 3276 6
1811 40 -8
8039 9253 9
823 6258 18
8737 725 -2
338 8606 17
5397 1413 -7
2172 1131 -16
5554 9398 -6
2001 6106 -14
1942 6088 -10
771 3694 2
7377 2793 18
5205 8050 14
775 3696 -19
2441 8686 5
5279 9698 15
9984 2729 5
2606 5963 -2
4329 2818 16
2778 2807 -19
5529 5385 -1
7564 8205 10
7386 5420 -15
2244 483 7
355 3680 -14
5104 1736 14
4310 3240 -1
7956 7006 -4
853 1639 -7
397 1183 9
5740 3965 6
7920 8060 16
737 5892 9
9933 1326 18
3442 4040 -1
3451 3332 1
1646 5956 1
9839 239 -5
8925 1680 16
5599 9485 13
9921 4590 19
2309 4320 10
8814 5223 3
5779 1553 6
9055 2251 -18
5218 7619 -20
8014 2949 -10
4498 9395 -18
5781 1948 -11
8967 1120 5
6589 256 19
1546 3744 7
7322 5727 10
6210 5043 12
5404 356 -11
8437 3580 -8
7707 2120 13
4234 8905 4
1904 1956 2
1344 2035 17
9020 7302 18
901 1898 3
5920 9760 12
6425 7109 8
9298 4163 17
663 785 13
4825 1314 -5
5271 2157 -1
1212 5094 5
9822 4101 -13
7294 7262 10
3514 3405 16
9452 8330 19
7057 4836 -17
4478 4275 -11
5510 7707 8
3685 3646 2
5504 5951 -12
6602 3159 -8
3011 7678 2
8192 269 2
1394 1896 -16
4360 5486 -8
5613 3109 -14
2744 6961 3
297 3245 -7
357 2033 -9
4725 1345 -10
9506 1818 -15
7282 2622 -3
2744 1563 -1
8443 6118 13
3247 6099 -6
7718 1719 8
8265 1138 -9
2277 6340 1
2637 6255 15
5749 4760 8
5531 4105 14
3457 1876 -13
1383 2105 7
8908 3033 -17
6260 6209 4
3387 4682 -10
6346 3706 16
9382 5465 -4
9797 5580 -7
6413 1284 -15
105 5379 -12
7439 2333 6
9816 4359 -17
5817 9250 -9
2185 9124 -8
4123 2773 17
9997 5841 -19
1274 5098 -9
7006 8237 7
2160 4657 20
6741 1241 -19
9657 9885 20
1098 9096 3
5318 7695 4
7780 5141 -12
2415 3445 -10
7673 5608 4
2911 8613 17
3027 8169 13
9952 9773 -16
2059 9001 -9
6722 6184 -18
1254 8835 -17
4651 3958 10
7159 5503 -9
1642 2356 -13
9575 9538 -11
6378 6950 -1
7500 3311 14
4431 8155 0
1434 4315 11
6611 6138 11
9685 8502 19
8703 4350 -5
1061 3326 0
6428 5244 12
8723 6493 19
4083 9081 1
8205 2383 -19
2042 6638 19
3376 224 -20
6880 4527 -8
8389 2750 9
2736 5516 17
5464 8221 -15
7826 3705 15
6639 1480 -7
3937 4731 -8
9222 5884 -3
3276 3404 0
8384 1059 -8
8141 8352 14
4661 8697 -4
141 9056 -12
5632 3197 4
451 1236 -3
9321 3706 6
2338 4171 -15
9647 2199 -19
4574 505 -9
2810 9107 19
6329 5985 -11
9398 1832 -6
2167 5342 16
5852 123 3
1381 291 12
3692 9336 4
6069 3025 -4
4346 1172 -9
9977 1291 11
674 9503 -15
6526 2128 -16
3113 1152 -13
7694 5395 1
2642 6512 11
5698 9158 18
1888 7444 -3
4881 5581 -8
5932 9699 7
3267 6500 8
752 393 -18
559 3418 15
4449 8175 8
6610 1092 20
3236 9079 -17
6405 2331 13
9213 7343 -19
6835 245 -8
3059 9521 14
4809 288 0
8397 1119 8
4179 1023 2
225 9742 15
5648 7402 -14
5239 1278 13
5490 3815 -6
8169 6168 6
9176 9308 -11
4091 7057 0
4052 850 -12
5588 5727 17
7468 9214 -14
762 6835 10
2847 7327 0
5224 5123 2
707 1716 19
5754 1341 14
2442 1190 5
8591 5612 -12
7266 4094 -6
9403 3543 13
5899 9307 -14
6022 5567 -7
5674 2963 8
5968 2015 10
547 5013 -13
275 311 8
9319 7501 -3
3908 6398 18
215 9261 3
6141 7944 14
1276 8860 4
5103 3016 -19
7328 9179 9
5589 1210 13
316 7754 10
1158 3628 -1
1472 6751 12
7416 7419 -4
7055 8028 10
4927 5489 18
4627 1190 -20
6296 6683 -8
9215 6191 7
5042 5415 -12
8964 3957 -13
7446 4768 1
6226 7823 10
5695 886 3
3339 6279 3
6726 6578 -13
4805 1159 7
1338 7372 -10
6933 5572 -19
6879 4 15
2537 2747 -1
6671 337 -3
3859 8628 16
8591 7792 -2
9243 7287 -20
1832 5920 5
4652 6199 5
4280 1116 -14
7330 7410 -13
3994 1335 -1
7834 8036 -8
1663 6115 -4
1545 4603 -13
3729 5069 -9
3434 5703 -19
4494 3816 6
2863 6307 15
6410 9573 5
1170 6799 3
1331 5761 18
2356 3549 -2
3676 4972 5
9193 9169 -14
2099 9575 -3
8138 1421 -5
52 2397 -15
4228 1026 -14
880 5840 0
7547 7247 5
2948 2687 -4
9308 5544 0
1076 3100 -18
104 6009 12
3415 7927 16
5849 3156 15
2440 1764 7
4929 8586 0
1256 4104 13
8805 2309 -12
8211 792 0
5667 6516 0
1710 8225 -16
2717 5218 5
9846 4161 -10
82 7658 0
1912 1552 -4
5301 8902 -11
2383 9447 5
2186 6256 8
2395 5983 -2
3109 5608 -6
6655 5611 -5
6775 3357 -2
8673 3259 12
2878 7966 19
2542 7737 -16
7132 481 -1
3510 8279 -15
1134 4889 -2
8391 7955 -14
5221 4773 -16
9865 70 3
2692 5386 14
2116 1422 20
7172 8571 4
7722 2136 -8
3812 6914 -10
1933 3150 5
4975 9092 15
5864 8121 5
3286 9429 5
6105 8558 -1
9540 747 -11
9664 5614 2
7512 2303 -9
4600 1452 20
4504 5596 -9
5652 9128 14
3209 5130 20
3345 3139 -13
5157 6822 12
8214 2378 -6
6611 5133 -12
7554 1760 -6
2069 7206 -15
8031 2527 -3
9921 654 -12
7262 3449 7
4513 1631 20
970 8253 -1
5346 1619 -4
6891 9762 -4
738 3042 -3
900 106 9
3788 6641 7
7266 4904 10
3637 102 16
7874 604 -10
2972 2884 -16
2412 4942 19
2733 9953 -7
2595 6340 -1
5866 9056 -13
5921 9492 -2
4563 8832 13
9342 4303 8
352 1870 -18
2538 6089 6
899 912 4
1216 4587 2
1321 5407 15
2312 9683 -14
6095 5784 -10
3528 1942 -2
1351 3869 -6
2378 5456 -1
1051 8740 11
2799 3810 -11
2602 4068 5
7216 9232 -6
1942 6954 -2
3539 7345 6
407 6633 10
5628 1018 -8
5879 6776 -2
8797 6705 -2
3992 8441 -20
3770 3512 -7
9789 4712 12
724 9440 -18
7097 2456 0
44 778 -4
7606 7521 19
6453 863 15
5438 4450 -17
3016 8644 -17
5116 2939 4
7494 4022 0
7046 287 -19
6790 944 8
9108 5299 13
7301 5562 20
8810 8218 -13
1821 6483 -18
1920 2992 15
5020 4562 -9
2542 3972 -10
8030 8009 -11
5058 8060 -3
6048 2057 -3
9689 1056 -20
9274 1107 -3
2398 4988 -3
1800 3773 20
4583 2319 -12
2494 5236 -15
3898 6597 18
7998 8220 2
7738 8272 4
5141 8282 20
9039 1371 -16
6899 8388 -5
6560 6679 7
8185 6233 -13
7286 6609 16
4759 3859 -19
2231 8432 19
2528 702 9
6227 9919 17
1682 1815 -8
4026 667 15
3833 6599 -16
8233 8848 18
3760 7823 -4
783 5250 18
1771 7371 -13
9517 9786 2
3855 2987 3
3649 269 -11
5460 3799 -20
5066 4435 5
7249 4256 11
9330 4053 7
8820 9770 13
3913 4983 -5
5473 1082 4
43 2090 15
4801 4984 -4
3570 6582 18
982 7050 -8
8600 5343 -1
8518 949 0
6238 461 -19
6013 7361 -11
9266 9352 7
7487 3138 -6
2181 861 -15
5763 6658 8
4464 457 19
4805 1404 -13
5801 1871 -15
5839 2288 7
7424 7017 7
6178 9495 8
6646 4674 2
8739 2088 -16
8963 4179 0
3917 4177 -20
2190 307 18
346 5391 -19
7181 4495 19
1251 5721 1
3758 9304 -15
2142 4874 7
8471 2275 2
9582 3941 5
5873 7615 -4
7172 8720 11
7466 456 -1
8646 350 -20
2097 7501 17
8954 1864 -9
3920 8357 2
2867 8618 -4
1771 7969 -1
5206 6099 17
2933 6576 -10
2996 2603 -2
9537 1486 -12
1040 5299 14
3866 6754 -9
903 1903 -15
6345 1934 -15
8694 9947 5
7378 2481 13
3239 2750 12
4795 6252 19
4751 3885 -13
8075 8063 9
3104 840 -3
7012 9133 -12
3396 1986 16
9714 6802 4
7230 5104 6
5240 4608 -10
7657 8568 12
7649 7484 19
9438 9933 -20
5136 2590 -5
9615 184 -5
6980 5897 4
3611 4870 -13
4250 3276 -6
9173 8426 -2
3171 2547 11
1700 5120 -11
3986 7887 -1
4760 7497 10
1703 5366 -10
5691 3827 -15
1983 7054 18
8845 7232 4
6998 3138 -6
3413 7992 20
3289 3769 -14
5571 2929 13
6579 5754 -19
8680 9747 15
5911 1847 -10
8449 7467 -3
3051 6602 -15
6568 3019 1
9676 9480 17
1938 5967 -7
1574 8541 8
8295 5160 -6
2100 205 -12
9254 5154 12
7141 9168 -7
1047 9032 -1
1511 7903 20
9963 7659 20
3152 4897 19
6380 9245 19
5364 9413 -2
6380 8203 -11
9700 2436 3
7200 5518 2
7288 7248 0
663 1303 17
699 5373 -6
7394 8105 0
4192 8124 -11
9646 5580 -17
8116 295 19
3376 4490 -19
4633 6198 -7
8744 1499 -13
7337 5036 -12
1626 1765 -7
5638 7309 9
1470 4194 16
3993 1150 10
6408 229 -5
7531 6263 -18
8935 7167 -16
434 8206 -18
1163 9005 -12
413 3886 -9
9417 2413 -8
9315 116 19
1020 1213 -2
4363 4588 -19
4637 7397 18
8981 8969 -16
4194 3495 2
7926 8790 9
4386 102 4
4820 1973 1
6934 7442 16
1141 4692 -18
8084 3768 14
1625 9557 -14
6352 1362 -19
7734 1711 -13
6656 2124 0
2506 9272 -18
9882 936 4
5612 212 18
1970 249 16
5307 1846 2
9917 7470 -10
2174 1452 18
1045 8792 14
6265 5493 15
1077 5916 12
1479 4711 -7
9043 1762 -6
3778 6030 6
6912 4679 7
8520 9748 1
1085 152 17
2507 3877 8
6758 4460 -2
5005 8896 13
8060 11 2
2406 2625 3
8717 3405 -5
8385 7508 -6
7986 6352 -7
192 1576 -8
7334 309 7
4335 6802 0
9427 129 -9
8623 5042 4
5578 2142 -9
4148 3933 -1
6488 8792 8
6299 6469 0
665 3649 -19
8074 5940 4
8310 2142 -18
7066 2757 3
2188 5047 -16
187 1705 4
5111 636 19
9878 3499 -1
7361 3503 -16
2820 1226 -15
7207 1870 2
1956 4265 14
2064 5137 -10
4604 9198 -2
9311 9891 2
3984 9675 0
3052 6186 2
3002 5975 1
3394 819 -18
4852 9344 -6
9441 3270 5
9122 1920 17
8235 8334 -19
2765 9962 -5
9145 5041 -1
8485 2962 -15
415 3758 -1
4841 8038 -14
5890 5884 0
2146 4631 -1
4503 5701 18
9070 1272 -18
1844 5566 -7
2263 1250 -10
4058 3153 -14
3793 3982 2
481 8941 16
5293 4822 16
4592 1936 17
9117 1075 -15
8591 7472 12
5568 5138 -8
6245 3343 -15
7580 5251 12
4102 7151 -7
8055 2468 -10
784 1190 5
1579 105 -14
7761 6736 -17
6791 1301 4
7774 2152 7
7252 5534 4
6850 5486 -15
9272 1068 18
3118 7203 14
6885 7511 4
3529 6981 16
4357 8882 20
269 3097 2
9998 1320 -20
3254 405 8
2122 8837 8
6143 8842 -5
3550 1562 -12
3436 2294 19
9090 2637 17
7623 425 8
7856 3216 -8
8392 8952 13
3089 8435 11
6520 2630 17
7096 8137 -17
5592 2752 -8
5589 7194 15
756 7382 18
2038 8494 -11
8290 9898 19
6480 5441 3
9160 5861 -4
9164 3262 -7
5677 9580 -15
6087 765 8
1228 182 -7
5466 4620 4
2773 7529 14
7323 7009 13
4311 3300 18
6311 9042 7
6217 4778 -2
8872 6817 -1
5193 1545 10
6003 7290 19
4617 2612 17
7449 5984 -13
6133 5572 -16
2489 1822 -20
9623 4043 9
6050 9447 2
9674 1222 -8
3347 5887 -17
5426 6001 8
223 4385 -1
2599 2101 17
228 3496 14
5817 6270 11
1124 9450 17
3018 5675 6
4796 4171 0
2013 7253 -12
3612 8606 -12
9875 4854 -17
4766 1478 9
9568 1439 14
1076 3990 16
5439 2870 -2
3348 6715 2
916 670 14
1961 996 -2
6002 3906 -15
2448 3709 -8
3922 75 -7
1643 9173 5
6839 1101 -2
8040 1241 9
5020 6500 -19
6883 3246 7
1503 4656 -1
6493 7491 -10
5550 1087 -8
7890 9337 10
5345 5255 -17
8149 7580 -7
2094 3567 0
7971 2613 8
5376 9805 -20
2201 310 -20
8171 9909 7
1755 9002 12
9269 8911 -9
6407 8218 -20
8657 946 14
3422 483 14
1576 9764 1
1624 2902 20
6491 6788 -3
3643 4036 -5
7106 9485 -6
9234 990 -9
7812 7929 -5
4922 1005 -19
1863 3773 17
8087 2423 12
6723 2507 -14
318 8820 7
4196 9001 18
8846 6773 20
7649 9252 7
7214 4195 14
1134 2986 -14
1736 1969 12
5745 622 19
8343 9963 -7
1289 9131 -12
7871 3984 -1
3799 4471 13
9188 8403 -2
2291 8662 18
3327 3162 -15
9448 4429 -1
3422 9299 -15
4678 3420 6
606 5543 -6
5846 828 9
5818 1751 0
4376 4191 -19
6335 9948 9
6736 8763 17
844 4624 -12
673 9720 14
1820 3683 1
7630 7926 4
9180 4595 16
9094 8400 -5
4545 8568 -6
8673 6101 -10
6307 4500 6
3879 1343 9
1747 4343 6
1060 3709 -5
1873 2265 -5
3763 5869 -16
103 31 5
3165 5776 1
5539 9143 15
6840 6785 13
5840 3414 -5
9021 6931 19
1571 1027 3
7363 6685 16
7326 4712 -7
8509 3023 10
5340 6151 20
5010 8573 -15
7330 395 11
6214 5111 20
4089 8653 -2
5062 3328 11
9041 125 -11
1323 4132 -7
8307 2394 2
2698 460 0
2092 1381 14
9162 8346 -9
4220 6857 -15
364 2658 -9
6563 3503 -15
3893 8352 -18
4251 4778 8
7983 6447 0
1627 5876 -19
1363 2035 12
4246 1731 -10
3432 1567 -20
4173 3753 -10
6572 3296 5
2737 3828 -14
1850 5590 -14
4758 4244 13
5137 2013 -20
8337 3167 8
9237 2966 -3
8327 3362 5
897 9385 -19
128 2189 9
1283 1563 -3
2989 5120 11
5258 2606 13
4668 9971 -9
6972 7833 6
2504 8621 7
4022 7462 17
3467 3285 -1
1268 7656 -15
9523 8694 16
686 4831 18
7975 4076 -8
2544 3790 4
9810 5577 6
6686 3316 3
8193 4861 -3
2401 3455 11
7786 3940 -13
9974 5283 -5
8049 1512 20
8515 2934 -3
5849 3147 -16
4127 3972 -2
3941 9367 9
6156 8715 5
9442 7923 5
1596 3885 -13
3538 4409 8
1553 6297 16
7091 1269 -10
2416 4386 -18
9776 2169 13
7050 4448 5
2583 8247 -13
6992 9763 -8
9863 5 9
3207 2609 4
5819 1493 -11
2900 7782 -3
2056 2261 9
4286 6108 -19
2108 480 -1
1652 7517 -10
7659 3578 -4
2092 9042 6
5784 494 -9
8802 4213 -11
5710 3827 -11
5231 5085 5
1274 7524 -5
287 9679 3
8412 3253 20
7755 6550 -20
6559 1171 -18
8686 280 -15
1328 3032 -5
1949 8079 0
297 2027 16
2033 5754 -2
1890 8527 10
2648 5739 -11
1263 4274 -18
4691 2016 -20
130 5468 -3
7207 8012 -9
4920 6436 -17
3752 1194 -11
8591 3410 4
1165 6303 2
941 3976 18
2609 121 -19
6889 6691 13
3891 7481 16
7547 6273 12
3885 9054 3
8045 1487 19
4891 1241 11
5887 1590 -13
5906 5797 19
8862 4649 18
8024 5062 -14
5901 5009 17
3388 7969 -10
2448 798 -13
3773 3376 8
4169 5812 -1
6315 951 20
1627 7573 12
2227 672 -13
6185 4255 -4
3982 7778 0
1322 374 2
9643 8779 10
5113 5867 -6
819 8549 19
9545 3916 8
3272 9390 -3
9154 4804 -17
7263 9804 -18
1840 3255 -7
3451 6818 19
8035 4343 18
2701 7468 -19
2250 8799 -19
7675 4949 7
1106 1017 3
7618 8000 -3
2281 7571 -16
3493 8681 16
7520 393 -5
8556 3732 11
4121 8012 2
7325 681 20
6268 1918 5
4635 1920 -2
5893 1373 -3
5909 8742 19
9852 1912 7
3612 5649 2
6653 4294 8
6547 8509 14
9496 9027 -17
5743 1100 -5
5359 6763 -11
16 1399 7
3913 8696 -10
6532 8699 14
6544 2733 -15
9673 7747 -17
3061 9656 -18
4133 6939 -17
5281 9522 9
5787 3892 -10
786 6447 13
6186 8086 -10
8735 4079 -19
2208 3590 -12
1376 6826 12
4429 401 12
5601 50 -4
2473 448 -16
575 7921 8
774 8250 -14
6494 3679 17
8594 195 3
6987 7258 6
9360 837 -13
331 3793 16
4553 7381 -12
4782 8316 -4
5360 8463 19
4533 62 1
4776 1107 17
7136 7567 -15
1621 7719 -12
6736 9627 3
4733 6690 -5
7522 2797 -6
3428 8902 -20
5835 4542 13
1555 4688 -7
8988 785 -7
7648 3823 -18
7326 2362 20
9991 2571 -16
4671 9284 10
388 2388 -12
3464 7162 15
7791 1963 -20
268 561 -4
3937 3852 5
6771 5129 -9
7148 9704 0
4720 1469 18
3411 7988 -2
208 1293 -16
8156 2226 -4
9197 8970 -7
3359 1390 18
612 154 -15
4584 2431 -8
1019 3703 -5
703 4403 12
5062 1032 -18
2772 2000 0
6647 1222 16
733 2563 -13
3262 2966 3
1211 9492 3
3855 9210 8
2449 3760 -14
3588 9706 6
71 1704 -17
4484 7458 14
9497 1537 14
3051 1256 5
6857 2972 -4
2301 4919 -20
5109 2057 -13
6990 9322 18
4678 9924 -6
9930 7296 -8
7543 5192 15
5681 6230 -2
5528 266 1
5908 9637 7
2820 5275 4
4354 6064 -2
7813 607 -18
2420 696 16
9791 3153 -1
4491 6695 -16
3422 5423 6
7991 2180 -14
1863 1234 5
473 7296 -14
6891 7741 -5
1090 4523 20
8082 1655 -16
6178 693 0
9168 9041 6
7696 2611 -4
5986 8393 3
4534 6561 -12
4117 2913 5
8258 8927 -19
4281 6844 -11
3718 9425 8
9799 4837 0
7754 3147 0
2949 7736 -4
6896 4384 13
3686 6901 -15
7095 3464 -15
4071 2064 4
8686 5280 4
6924 5801 5
2424 2176 -6
573 9878 5
2907 2153 -20
4560 102 5
1940 6480 -17
1970 6217 20
754 9411 -19
4298 4065 -17
7644 3607 8
6338 3606 5
830 1847 8
706 5802 0
6849 4159 12
8066 3115 16
9715 5538 -6
5743 9548 -12
2197 9839 0
5801 7776 17
8670 5316 15
878 1303 -13
947 5377 3
3409 2360 18
8598 2969 -17
4008 1145 7
8570 7948 -12
8756 8822 11
7527 2080 -5
891 9259 4
1059 4271 12
1191 7244 10
1354 5272 -15
8957 1925 3
1473 7153 -12
3709 6363 -10
421 1331 18
4298 2736 17
5275 4963 -1
8224 4910 -11
7944 3267 -19
7265 1305 -12
1819 1156 -1
5001 1718 18
1524 9053 -4
9912 7392 17
3410 8370 -8
2642 4792 3
1168 7150 11
79 6857 13
1279 2207 16
1647 7166 -19
8211 6965 3
813 3896 13
3986 5564 -17
9063 7488 14
5586 6509 6
6846 3963 16
5130 8457 -14
5000 192 -17
8081 1311 -6
8393 8935 -17
337 7333 15
9426 2504 18
7854 6083 -1
6466 3027 -20
2975 4663 15
6782 1979 4
8787 2743 -14
2745 2444 2
5941 3175 -7
8475 2093 12
5463 4255 -2
8288 7529 -8
3871 324 8
8774 1975 5
9935 9940 -20
3564 6720 -3
1910 1794 -14
3448 5547 -17
5445 5262 -13
2457 9692 19
6614 203 17
5558 8349 6
9013 9963 -7
1856 7938 -2
592 7783 -6
5629 7403 18
7758 4745 10
1835 9006 -5
2119 2464 -13
8259 9141 5
623 3601 8
7413 2178 -13
7806 2589 -9
8710 1147 -14
4619 1174 5
4081 2191 -2
216 6552 -16
3638 5483 4
8933 13 -13
7222 4222 14
8177 1916 17
4091 7141 11
6000 1650 -14
144 786 16
9669 6340 5
2309 601 1
5179 8376 18
2045 8311 -7
5690 9783 -6
6544 5092 -17
1921 6776 7
7595 2745 -17
7417 5182 -4
6648 7254 -11
5642 6463 -12
8009 9254 -15
6080 6738 7
9332 4114 -5
3476 4663 17
678 6292 -19
3552 4895 12
9488 1684 7
2034 4185 -10
5754 2419 15
6591 0 14
4212 4198 8
8696 3869 0
1178 7122 -8
5359 8795 -3
7010 3890 -14
896 2213 5
8734 6761 13
2726 6023 2
353 1196 7
5864 7940 10
5468 2190 -19
5402 3296 13
2394 1694 -4
5748 6279 -16
2455 4708 11
8272 9042 -8
6955 9623 9
2701 2355 10
3891 6114 -2
4416 7620 13
8136 3890 9
5320 917 13
4799 3634 1
8114 4105 6
5812 6762 4
8086 3329 13
7039 543 11
7320 7529 6
8875 5814 -7
8028 4650 -7
6189 2053 7
2553 7312 2
8026 663 -10
9947 1307 -8
9718 2972 1
8647 5701 13
4549 3655 -15
7166 9810 11
9417 5968 20
2684 9777 12
781 2963 -13
9111 1677 -9
1602 9404 13
2801 2815 -1
841 5248 -14
536 4408 8
7076 7286 9
693 4207 10
4702 2533 -2
2601 9334 14
9045 3493 -19
1476 8219 20
2336 7345 -20
1303 1215 -12
7861 3837 2
2882 1755 -6
6873 1489 13
7171 8531 10
8694 2965 17
2285 1665 -20
9185 6065 2
7559 8129 -18
716 2041 -16
4101 1378 -3
9101 5222 14
9469 6365 17
8984 8090 15
6334 9681 9
5271 8320 2
8924 900 -14
9004 7432 -15
4204 3700 -19
4739 3916 3
4855 5706 -11
8279 2924 -7
4812 1289 4
3992 943 19
6037 5929 15
3893 2061 -11
4885 7118 -9
1740 2900 2
3523 7975 14
9007 8623 1
4134 2503 7
9033 6587 9
5851 4793 16
4784 7803 -19
9904 112 19
4405 6297 -5
6959 403 -7
3874 8479 -13
8564 5320 7
9902 1478 -12
7771 9895 -14
9844 1740 12
3472 9040 -3
5888 2896 -13
6774 7306 6
5978 5797 -17
6027 619 2
8556 6548 -20
5457 6187 6
7915 5065 13
6707 6660 -10
5094 2912 1
952 4902 10
8963 5359 15
9486 7705 12
8901 4392 -6
9035 2757 12
7024 7669 0
7795 3031 -19
5588 327 3
1873 5305 -10
3488 4965 14
4051 9710 0
7528 3359 12
7946 3633 2
6726 4378 1
9109 2048 -4
3810 3593 -16
8418 3817 1
521 5697 14
8933 5538 -4
5845 3048 -13
5943 3973 -12
2967 1901 -7
255 3345 5
8053 5621 -9
1216 1885 20
6943 4344 -9
4326 4813 -17
3469 1507 -19
2410 1892 5
6997 5664 -13
5551 9281 -1
8745 4280 18
2347 4216 1
8485 4380 -18
1625 9061 15
1160 9848 -13
436 3151 -13
1428 821 1
2054 8079 9
8200 8636 -7
8361 5189 -10
4481 4885 -8
7038 9677 9
2897 4842 -16
8035 5398 -16
5434 8111 -5
6106 5987 -11
6964 6509 -16
1960 3650 9
6516 9355 0
1966 9970 -1
3805 4726 -3
8786 947 14
1335 7369 14
5884 6111 3
1824 692 18
1063 5392 -20
3317 6080 16
4877 1587 -6
801 4013 11
3452 6722 -3
134 7736 7
6110 6426 -16
278 5917 -18
165 2174 2
1505 1509 -2
6088 1597 19
7490 5332 2
807 1587 16
2384 2082 -11
9559 3455 6
8113 2760 -2
7887 6204 13
426 6272 -10
1378 4151 14
7718 8339 15
2660 5776 3
1753 7980 4
8657 3426 -18
9936 740 -17
346 9034 -20
7624 1761 0
5130 5426 5
8782 3849 -14
1524 4956 18
2606 4504 -4
1388 7309 0
5220 7250 -18
1723 9540 2
9805 6915 -12
1862 4596 17
82 9812 -3
7985 5149 -12
6081 9547 10
6218 5362 2
9245 4768 14
6444 1779 13
9348 2814 10
574 7453 -4
9133 5745 1
4754 5734 -14
9747 167 -17
4785 7555 0
9438 6945 -9
8730 2195 -7
6104 9299 9
2068 6910 -1
8525 2734 -7
1112 4484 15
3533 3198 -16
5305 1145 12
4715 5885 -8
4477 6548 -15
5931 5213 11
2745 9165 9
866 5175 15
7901 6342 5
2519 7050 10
312 7947 -3
5717 2851 10
3852 2206 -7
5479 5068 -19
1587 3410 -17
2643 4475 -14
814 8773 -4
2357 4487 -14
7543 3716 9
6697 8647 -7
1302 9306 7
2095 9385 10
5091 9022 -4
6227 4519 12
2418 7025 13
2803 2609 2
7951 5310 -17
6351 7265 6
101 4540 1
670 5343 -19
6086 4983 -19
3903 2656 -13
7951 1895 5
7676 9594 -10
4143 9189 -10
889 3107 6
335 3197 -10
8525 9477 1
5487 5196 -8
2857 1527 -5
2670 2881 -9
4692 8563 12
9182 9308 -7
3900 4801 3
5713 434 18
2038 7647 -12
5320 8199 13
7238 8856 9
1855 9100 13
2905 2321 -6
1711 9607 20
8361 68 7
5531 8146 -6
9971 5820 -13
2193 4523 -18
929 5825 15
1801 6636 -8
2566 1659 -6
8562 9964 -19
7769 6914 17
926 6037 14
4501 6951 12
609 5828 4
1324 4254 18
5861 4918 7
6532 5043 0
1709 7792 -14
6031 3038 -18
9393 4358 2
6668 2212 8
980 4522 13
2583 3081 -4
2673 3256 20
3641 5303 -16
6060 6533 -7
9943 1340 17
2596 7911 -5
5845 1057 14
5776 4914 20
7298 1907 -17
8385 4738 -14
677 1286 -1
5036 3178 13
562 9713 1
6600 4818 18
5128 9523 11
9595 2129 -6
9453 9316 13
2342 7903 -5
5597 9605 12
2194 7794 11
8081 3639 14
2002 3575 0
4250 4196 -1
1949 3545 -12
7824 9992 -20
5768 8870 -13
3836 5012 5
7226 7876 2
7322 7542 3
1594 5681 -4
6614 1525 -1
1292 8476 -5
9196 2753 -16
2930 7253 11
4881 9584 9
7194 3884 -12
1561 1670 18
4175 3875 -16
6240 2737 -18
2797 9702 -18
4597 3353 -18
1289 9719 7
2446 797 4
8294 7228 9
3133 5965 1
7616 1797 18
4292 2702 -17
5401 9740 7
1226 1399 -6
7352 9091 10
869 4707 -10
6227 2452 10
6991 9006 19
2154 7763 14
1108 1612 3
1158 4571 0
364 2852 3
2481 5790 -15
6774 9840 0
6390 4050 -9
9596 2904 -13
9338 6841 16
2515 440 18
1758 9810 -11
4683 2796 -3
5443 2100 13
921 9498 -16
8099 3527 11
2005 4659 -15
7075 7557 17
1119 5968 5
8144 5765 -16
3706 1524 -15
8199 3591 -15
8477 4761 -3
6024 9749 1
6423 3996 13
8131 3337 -20
9386 4886 -10
8057 2550 14
1385 4939 -17
899 9898 14
6549 374 -11
8931 134 9
8782 9486 -2
2103 7128 6
8655 1421 -4
7104 7015 -20
7303 7341 -15
5532 338 12
541 7240 1
5802 7995 -11
6478 2435 -10
6360 9024 -11
3924 7435 20
3045 9991 9
8824 2318 -7
5591 8294 2
7414 2883 4
2071 2620 13
9272 9892 -9
5514 2141 4
9922 8721 12
8179 7934 -20
1542 4243 9
9622 4783 -17
2852 7272 15
2909 6065 20
8917 8022 9
8698 2224 5
7704 5101 1
1405 7530 -9
7959 5833 -10
1455 139 -2
4546 2339 -16
6141 6763 -8
5449 7210 3
3561 4499 -12
2574 2103 1
5676 7926 -5
4201 6237 -11
2449 2327 11
3363 556 -17
6825 5589 -13
4219 57 13
7751 4928 6
9850 9281 19
1109 4077 -11
1051 8147 -2
7755 9944 15
4791 3973 11
5626 98 19
9731 9618 -6
7744 5415 16
7435 5226 -12
3234 4659 17
9882 9428 7
3338 6625 7
749 8382 -18
9815 2672 6
5327 7164 -5
7235 6464 -2
2746 86 4
5100 8577 13
2703 9550 11
9405 969 -2
5812 9225 12
192 263 11
6518 3712 20
4331 1796 -9
3996 5363 -10
5577 210 9
8479 1163 20
7571 6402 10
1283 4261 5
8658 2233 10
2078 229 12
9173 1351 17
2097 3051 -19
6945 6749 1
1158 5453 -15
7920 5827 18
9976 7228 9
6544 259 1
869 7503 -7
8457 260 -10
981 3553 -20
8025 7142 5
2256 8483 11
177 9047 -8
3871 7547 -1
9333 9603 -3
7001 4036 16
1801 2087 6
1503 3228 -18
6204 8431 -15
7862 5699 9
5254 2283 13
2140 1141 11
5866 4859 8
5796 8074 -13
5827 4425 9
402 7275 11
7364 5382 0
9437 4230 2
2224 9811 -16
1170 3958 -11
8451 4910 15
3351 2778 18
4250 3938 19
2719 7543 6
7511 5647 -15
4716 9510 -18
7415 272 -2
2206 5771 -13
2520 2742 -8
6841 6701 -1
4332 511 -15
290 4379 16
9869 7135 18
5203 7018 19
7931 5860 -6
8969 6916 12
3915 2013 14
608 993 19
3092 9244 20
9347 4376 13
5527 8786 -1
4710 5158 -4
8494 5008 -20
28 312 -17
5273 8376 -20
94 8007 -9
6267 6926 -16
2203 8508 8
21 500 -18
6603 3783 19
8852 1554 -8
6956 4874 5
8466 6111 -4
2388 96 5
361 7459 -4
3146 4937 16
5625 487 17
6522 8368 -9
8693 4814 -3
7925 8184 -17
9490 9060 6
6263 310 -17
4020 3676 5
3831 2090 -11
7412 4038 -13
5462 8750 14
4437 2147 17
3374 3213 17
5053 8122 -9
3317 3777 13
3102 6464 4
884 1450 18
2178 6461 19
9015 3633 19
7390 9103 -1
5078 6650 13
9805 5425 -12
7562 2281 2
3869 9370 13
4165 4282 7
9322 6166 -12
3206 5413 13
4949 5322 -9
4117 1028 15
2422 6783 -8
3697 3830 6
1841 4989 -18
4809 5237 -10
4399 9984 5
2083 5848 16
2941 6387 0
1311 8150 3
9276 2983 8
5631 704 -4
7033 2616 -10
4285 8299 13
3952 2398 8
7366 54 -1
6735 8074 4
5929 3069 18
7411 1708 20
121 7129 -12
3808 608 11
8014 3540 -7
5469 9500 8
8807 1092 -16
6742 7586 5
8938 1446 18
9455 1836 2
7622 514 12
2282 1538 1
3694 9115 -6
9999 903 6
678 296 -9
4262 9895 1
657 4576 -13
7976 6137 -11
3526 920 -7
4619 9089 -2
1422 89 -13
4199 8264 -3
4833 5561 -5
2319 794 4
5333 7880 -1
6889 3644 -18
752 3828 -18
6949 1913 3
2238 1102 8
6171 2812 3
5565 5568 -17
1829 7065 2
7839 4622 4
2605 9138 0
1654 7423 -18
5241 7147 11
5463 229 11
9383 2459 -15
5079 4898 18
6316 9253 0
7688 9517 -19
5589 5600 -6
870 965 9
781 8598 10
1156 9782 11
8762 1120 11
1681 68 2
9688 7340 -10
4892 6195 12
2188 7512 -14
8372 3461 -13
1939 5742 -10
9859 7508 -14
6892 709 9
9747 9450 15
14 7068 14
9782 5778 20
8089 4921 4
7383 8259 -1
5765 7070 -1
981 5068 2
1361 3335 -6
3278 8769 14
5823 4966 -7
1898 165 -9
3692 2894 -12
3244 3197 -20
8066 6991 -14
6655 1315 -6
4103 4933 16
4704 368 -19
6991 3253 -5
2193 8013 13
6265 999 12
9636 320 3
7477 2912 19
9488 6742 -11
7119 3655 -3
5391 9276 -3
5224 3174 -3
6342 2589 18
8552 5535 5
6964 1758 -8
6306 840 5
206 2407 3
8458 1743 -16
4875 8885 17
67 1584 16
3565 6844 -10
5825 8457 17
9081 6488 -5
6885 9919 10
8281 2436 7
8252 598 -13
2042 7393 -7
4588 1997 2
6489 603 11
2514 528 -18
842 2315 -11
901 8428 -5
1342 8733 0
5886 561 15
1957 2637 20
6930 3050 -2
9109 7070 8
3802 7031 -10
968 9997 20
1285 2627 4
9241 2541 19
7733 9595 -17
4645 5816 5
4057 1964 -12
8788 5585 1
4752 5369 20
8975 6994 11
3791 7858 -5
8899 8173 1
4587 2343 -2
4048 7820 12
3999 4312 5
1107 5183 7
3034 2995 -4
9068 7443 -17
4846 543 -7
3114 3816 10
8211 8931 15
7059 8337 11
1318 9145 16
1824 1659 -6
976 1380 17
8917 3289 17
4653 8186 13
2631 4746 13
8356 1340 -18
2955 4144 -5
8774 881 -15
3436 8191 1
7000 3900 -19
2548 2887 -16
1951 8183 -1
8886 6515 -7
2705 4725 9
8022 7698 1
642 7469 17
7504 3653 -9
520 9750 6
8358 3918 -20
6981 1822 18
5686 5267 -10
5762 5908 16
5530 6648 0
2152 8840 12
3390 9830 15
5206 6326 -12
4712 4547 4
1152 4697 -14
4994 2385 16
8295 3985 -1
4503 5448 -5
6291 8059 8
1471 2755 9
8364 8250 0
2548 5525 18
1330 4462 5
4065 1653 -6
9061 1571 -16
7810 6484 7
428 8729 -8
8153 4922 12
8173 6907 3
6176 6895 -7
9843 627 2
3979 6440 17
949 4654 -14
4100 555 13
5285 9775 -1
825 6658 -2
4374 1673 -8
6452 9653 -1
4395 9958 2
5468 3519 1
2705 7599 20
6645 8100 8
1042 435 5
7555 7701 -8
8555 8249 13
1809 3972 -7
6339 6464 -2
7788 1369 -4
1022 3533 5
309 4768 -10
3166 190 -17
7403 6646 -1
9832 5133 12
5575 4748 10
4798 1265 7
728 8966 -3
1915 7615 3
428 8525 0
3409 5297 18
6160 3330 10
9132 1679 1
6825 93 15
3307 2571 4
7278 4803 5
7442 5158 -11
2897 2795 20
714 2936 -7
6237 9746 5
4 757 20
5113 5802 9
491 6133 6
819 8427 16
4371 8043 4
9786 4550 19
2676 4463 11
866 9547 0
8636 5031 18
6253 4121 -20
8317 7288 -10
9335 1411 8
3337 9429 -12
2319 3722 18
2780 8240 15
334 3536 15
125 9406 -1
4699 2168 -17
3447 464 14
3777 1082 -1
7059 4259 15
1659 4845 -10
3273 5052 -13
8742 5559 0
1282 9274 -7
5205 3535 -13
7600 1657 -11
5381 225 4
3948 2441 14
6532 6435 -6
2754 732 -14
2339 6604 13
9812 2623 8
6208 9138 0
4584 8587 19
157 5276 13
8866 9446 0
7636 3889 9
725 6799 -14
5969 3750 -2
5190 2698 13
4537 5029 10
2673 6726 -10
2958 9310 -13
2461 8823 -12
2407 6527 17
9154 4657 -11
674 9811 7
1174 8292 13
7369 725 -2
5999 3093 15
2133 3721 -7
6971 8918 -17
2219 1184 7
7279 3241 -20
9781 1582 -11
4470 8344 11
9149 3300 4
9467 6872 -12
846 6374 -11
8375 7463 5
6301 778 -11
6463 1925 12
8994 470 -12
5729 9405 -7
6323 6764 -2
276 7031 -15
622 8496 11
6481 5104 19
8072 3371 12
22 525 9
6757 3167 11
4226 286 8
2289 9556 17
5135 7911 10
4957 5771 -17
8326 5093 -8
4382 2799 -2
5379 4380 -7
3154 6740 -7
5472 3104 19
2597 9681 0
3375 9169 9
4890 8940 2
1376 593 3
9892 7640 2
8151 3402 -2
8450 2060 5
8189 7006 -4
3676 8503 -17
7487 910 -18
7284 1702 16
1250 2257 -20
3701 4217 10
4830 4866 -12
3358 4944 -9
8876 5757 20
7529 3955 -18
2324 6660 13
3034 995 -12
6309 1835 -6
2510 6553 2
7624 501 -6
2541 5875 -12
6715 5124 -11
647 7183 8
934 9046 14
4494 4411 16
7774 3948 5
6668 2016 -8
2284 6615 -5
7108 497 -5
8723 8359 -7
8470 9876 0
7034 9551 -3
7874 6162 10
544 7832 -16
4926 1971 -11
4043 3833 16
9459 4144 -4
7073 6079 4
1199 4484 -5
1689 6492 2
65 3236 6
3194 2464 -15
3656 4373 -11
8033 2015 9
9820 9517 6
9099 8773 12
9379 9217 -4
6037 3086 0
872 2331 -7
7375 9421 -4
3026 1936 -9
5034 1342 -4
9705 4311 -15
4346 7023 -7
5547 1676 13
2205 9285 0
4477 9962 10
2578 8380 -4
3307 6916 17
1465 2085 -17
7943 9069 -14
7508 9213 10
1380 5661 0
7800 6898 -1
8280 5004 4
551 9964 -1
6876 3399 20
225 8632 -12
9670 7980 -16
6237 9539 13
1046 7400 -16
3021 3742 -18
6626 8595 16
7752 8101 -9
1547 4056 4
8405 9896 -5
5180 2809 7
725 1414 15
7248 4961 7
2011 4852 9
4549 7771 -4
7421 9980 -9
5596 3172 16
4409 9273 5
2205 9629 16
1284 3990 14
3501 5110 11
3368 4006 12
846 8366 -17
6428 3005 -6
8084 4155 -13
2580 4871 5
4388 8560 13
9130 4459 -11
5397 1309 10
7994 3037 2
6224 8585 18
5828 5434 8
4846 8124 -18
1701 9315 -10
1043 6522 -2
8497 4245 16
2683 2800 6
8101 6513 -16
5899 2519 17
8051 1851 -6
3783 1583 -15
3058 6068 20
8676 2722 4
1735 3407 -1
7430 6400 5
6515 9923 -3
7931 1195 14
8033 2717 -8
4689 4338 1
1157 7712 -6
4116 6680 18
7980 2762 15
3572 5474 -4
3085 8035 16
9726 2772 -13
9433 4254 4
7578 7087 -12
3762 169 6
6508 3884 -7
5376 3074 18
986 7407 -5
6488 8005 12
1234 449 11
3795 7770 -19
744 1063 15
2094 3062 -19
2585 5595 6
2847 5672 -11
882 1436 -6
5027 5630 3
4240 4813 14
6887 5759 -5
2563 7386 -19
8272 6949 11
2886 9763 9
8058 4586 -12
1488 4763 8
6104 2401 5
8900 7204 2
8013 2708 -4
6303 9298 6
8931 3766 -10
4006 6599 -9
8387 2958 10
5076 2479 -5
5578 2318 15
5917 9267 17
2992 7142 19
9779 1177 5
6432 2123 -13
9753 1615 2
9611 419 -9
3474 1693 -20
7622 7135 8
9580 8516 -5
1780 5780 20
437 5476 -7
6771 3995 6
8100 6806 -13
7188 818 -19
6807 8185 18
1829 1932 7
544 5850 1
2099 3070 -7
6275 5104 0
9258 3630 -7
6928 2693 16
500 7829 -13
8375 2248 2
2940 9579 10
6779 7041 -9
7338 2435 -5
54 7800 10
7324 1385 -12
6192 217 13
2887 4737 -13
5017 2270 -3
9532 7226 -10
2778 1080 2
6280 8535 8
9749 1865 12
3628 2297 19
8556 6607 -13
2404 2591 -17
6611 902 -1
674 7835 -9
907 9180 2
1570 4438 -3
6270 9669 17
6284 2466 11
3479 9629 5
6458 2669 3
1409 9276 8
9257 7908 -14
5367 3884 -11
1138 1349 -8
4533 4531 1
6306 842 -18
4895 5507 0
1535 8630 -3
796 8855 5
5726 9539 11
7914 553 19
6454 2847 5
7470 4483 8
1338 4015 13
509 7258 10
3861 7314 2
9185 830 -4
5630 1678 -14
3822 1199 -10
3665 3630 1
3156 9085 15
1548 1504 -16
3158 5467 17
8154 9855 20
1884 668 -17
687 8710 10
1712 2343 3
8014 6719 12
1690 9720 -14
1743 6997 4
6815 7283 -19
1679 6989 1
8187 6053 -9
8764 4284 16
8709 7489 -13
1603 4472 8
6338 1734 -17
5578 6010 -7
8337 3240 -11
8739 8698 -16
6965 7637 5
8657 7414 0
6981 5835 -4
8382 7410 9
9681 4038 15
8325 8030 6
2109 5074 -6
5128 7221 10
8455 8700 -8
5897 4433 0
3458 3149 11
3632 2276 20
2061 5250 7
588 7025 -2
4031 791 -11
3260 5741 20
2423 2667 10
1246 6460 12
2940 914 -3
7134 30 -5
4074 9443 -12
2717 9366 13
5831 4171 3
8411 2554 1
142 7023 9
8506 7786 -17
3637 8637 12
5491 6937 7
2496 1580 -18
2997 6462 7
1265 7287 -15
6751 3636 2
8236 3589 -5
244 7695 20
7165 1920 -10
7274 3909 -14
5383 3727 -17
1150 8041 -2
9964 7216 -17
3492 9931 -13
4344 3036 -10
4307 4447 -8
9354 6023 -5
8073 2140 0
6259 2779 6
2533 2956 0
7304 4126 -1
7117 8539 4
9929 9362 16
6195 3107 4
7257 2309 6
2394 5462 -10
8771 8699 17
8817 8899 -14
7837 6279 -15
5911 2056 13
3287 8473 18
3497 3828 3
8374 9581 -8
5652 8522 -5
4206 3829 15
4124 5835 -6
2128 9268 -1
2607 3743 -15
5240 1453 -4
2519 6223 -17
4078 1517 15
7217 913 8
4406 8838 3
4872 5811 10
127 5927 -11
825 9357 4
7865 6769 -12
9046 5413 9
5068 3727 19
4913 9318 -13
5986 264 8
6681 5305 -6
4585 1353 -16
1639 9688 -5
7961 9027 -1
5628 8874 -7
8650 3280 -13
1543 9232 12
5908 9642 -4
455 5146 -2
5638 4663 7
4738 8080 4
6269 6687 2
6005 1461 -9
7270 8623 -10
2841 2921 3
238 1278 -20
1951 9203 -19
769 6743 -17
3977 776 -3
4155 5033 -8
2471 5305 -12
1563 6987 8
7341 606 6
3585 7419 18
9836 8954 -12
2879 7410 11
3686 44 14
114 763 -7
3160 4434 -7
4472 6752 14
7768 6634 -13
3875 7122 4
9669 6762 17
9941 5355 18
337 5367 9
5465 2215 -17
3523 1446 -19
8119 8752 14
1716 8132 -20
4697 8248 11
210 6109 1
8573 3343 14
1602 6875 1
5720 5522 1
1459 9814 10
4257 4907 14
3923 7213 -16
8393 5203 5
1076 448 -5
9466 8896 9
6317 7587 10
2715 466 10
4895 648 15
7223 3551 -16
4597 1657 -20
9676 502 -4
3904 1122 -15
1236 6474 -20
9287 5858 12
6829 3461 -17
2996 898 -8
1523 8184 -3
4512 7380 9
438 5455 7
4417 4539 -17
7321 328 -4
6139 5333 12
2622 2184 13
9831 5654 -19
8476 5580 -16
4157 685 -3
600 5699 11
4668 9442 -19
3346 8532 12
8555 8203 14
1347 7068 -18
9320 8908 -13
7811 8700 -18
8074 788 9
9615 3624 12
9984 4735 -1
8081 3532 -3
3828 1357 -6
8406 4038 10
7131 9867 -6
8788 9237 16
5067 3261 -17
2752 6881 11
2842 7209 10
4172 3830 -18
8124 1150 14
8755 3344 9
2200 671 10
5011 8695 -11
6782 2983 -12
3415 8563 15
4475 4968 2
4050 8642 -16
3578 4679 9
5203 2663 -16
5037 4625 -15
168 1868 5
1197 6500 10
5614 5269 15
4800 6916 18
2402 8709 -11
7880 5338 18
8402 1559 19
4964 8342 1
8584 5919 -8
2823 4114 -11
3424 6012 1
3846 7048 -9
3538 7403 13
4143 3004 5
4601 3733 -7
8958 2100 -2
4974 8781 9
7561 8579 -13
3127 7717 -17
2605 277 14
2797 9066 -17
2986 6887 18
1947 1859 6
8289 51 -7
2826 7587 11
36 2483 -15
6920 700 -4
9878 4860 -11
8339 846 -20
6173 2401 -6
8571 8983 3
4787 8640 -11
8511 684 5
6316 5964 -3
2313 4035 11
7742 8247 20
8324 5488 -4
9900 6708 13
6683 7061 19
4104 5251 -8
9847 9320 -3
1630 9835 16
2051 9350 -17
6694 4555 -20
8842 1908 3
8341 5418 -19
8140 4437 -2
8089 176 -10
2625 7148 6
1528 7157 -19
35 2094 -5
9021 5051 3
3501 3275 15
2895 2316 19
7961 4166 5
6325 5532 -20
698 7051 17
1755 3547 13
6476 4019 2
6814 7598 19
8031 3127 -20
2894 5111 20
7593 2928 11
5380 7658 -11
4668 8609 -10
4750 3234 -3
7898 5929 15
9554 1246 20
1694 7695 -8
6872 4322 -1
693 494 9
9592 5606 -11
899 8463 -11
6984 3122 12
3040 3517 5
9302 817 3
2525 7143 -14
6292 6024 9
5040 6672 7
634 7734 -8
2634 5605 17
5120 911 -9
9727 595 13
276 560 -20
2571 3092 -6
8172 1432 4
8166 6887 18
627 9079 -10
5523 7412 -4
9571 8046 10
1364 9505 -5
8064 3073 6
8611 2298 -4
8849 5539 -19
3668 1825 18
5976 1754 -16
8115 6289 -12
207 5273 -20
7450 2966 2
7079 8649 -13
3990 5320 -18
1772 632 -4
1736 1529 -7
7573 7740 11
9155 5032 -16
3047 7876 6
8070 6057 2
978 1139 -19
5957 296 -7
3027 7882 5
2401 9283 -19
597 2831 -3
8395 7988 -2
9421 8007 1
7193 9666 18
1914 592 12
2472 7362 19
2413 2361 8
6936 2322 2
3874 3412 18
2922 3475 2
5354 440 -10
2384 9321 -4
5534 4278 11
4037 3238 -1
7502 8433 19
7223 2097 -19
4182 9398 10
2002 8169 3
6083 2028 11
1832 9689 -20
9128 3575 12
2767 325 -4
795 6901 -1
9098 2510 5
506 1631 6
3228 1747 0
9315 6551 -7
653 1310 12
2882 5331 -14
2544 5202 10
4218 8388 -1
1203 8229 -17
8729 5211 11
9957 7658 19
2548 3744 -18
495 9733 2
6112 6347 -3
772 9001 10
3407 3425 7
2110 3533 -18
710 195 6
4744 5738 10
9378 4770 -17
1364 873 -4
5246 7623 -5
7528 5304 -13
8072 9369 -10
6795 7846 14
16 3721 -18
2602 2676 2
6029 7356 1
6288 368 0
1402 2774 -5
9929 407 19
5623 6764 -9
2933 6722 12
4314 5765 -15
3109 2649 -11
6283 696 -16
1703 3201 5
9161 2336 -15
5627 450 8
9638 6406 -9
5570 163 -7
1007 2126 -9
9496 6644 -6
3500 1299 -17
7821 2883 -18
3437 1558 -2
8662 8518 -1
784 3679 -5
8490 4427 -16
648 6211 19
5711 6090 -11
2394 5793 12
3432 921 -9
5933 7756 4
613 3971 2
8616 6363 -7
9754 8565 -1
6405 4912 -9
6025 94 -16
4801 3802 18
180 2100 17
0 7303 -2
8769 2722 15
2646 180 15
868 4000 14
5835 5859 11
7120 3826 -15
8895 1206 -17
1232 7470 -17
422 8181 -2
2367 5025 -16
9979 8720 -7
43 2053 15
5530 6488 -1
196 5569 0
4910 7229 11
5012 7328 -4
7703 5641 -17
6974 7434 4
6005 8293 -11
6498 5357 -1
2669 4371 20
6121 1088 -18
3057 5632 -15
3744 7100 -4
9087 528 16
6922 4759 5
6149 3261 16
1549 5767 19
5622 8701 -10
9515 1138 1
8874 5352 -5
3526 6628 -11
7951 1127 6
8533 6591 -4
3513 4822 19
7056 1354 8
3356 4698 -8
2099 8926 6
7984 8817 5
5789 1433 -12
7576 3359 -9
9715 2048 -16
4363 2584 5
2821 7280 -19
4609 9385 7
8677 4641 -19
1088 3917 8
2207 974 -19
6035 8643 -11
6556 119 -9
3092 2144 -4
4841 467 -12
3567 2960 1
3794 6745 14
2456 4887 8
7257 7554 -6
1946 5175 12
2607 4381 16
8641 9685 16
9447 9002 13
3845 7805 -18
8124 4444 13
2949 9475 7
3390 5330 17
7512 8175 -17
8921 5384 19
3206 5882 4
2013 7526 -6
6961 6937 -17
7066 5520 14
4834 5738 1
3593 5554 -9
4575 4513 16
3466 3911 1
825 8832 -5
6118 3107 -17
382 4404 12
98 2198 -5
7947 3495 -2
5718 294 1
7851 7789 -8
5366 4963 -6
472 3379 -17
2438 7045 -3
5102 4716 -9
65 5517 15
1117 5066 17
8050 8659 -17
6787 3337 -15
8207 5028 -15
2520 7141 -17
6887 4128 -12
4884 9410 1
4854 5216 15
5880 2843 3
9021 1309 12
5613 4149 -12
1172 1012 -17
3248 3412 -2
7842 8839 15
2182 6246 -19
4434 1609 8
3687 1193 12
7956 8098 5
4997 9476 6
4056 6387 -2
2402 4981 16
719 6591 4
8502 2292 -8
2104 4614 20
8267 6977 -4
5389 7031 -6
4511 9531 14
588 3831 4
8184 8501 -13
5523 4885 13
9964 9743 -14
9280 6166 20
2038 8392 -3
1261 2677 15
4715 5767 -10
3681 1465 10
754 7734 20
4940 5388 -10
9949 1081 -11
7606 7651 -14
989 9000 -7
957 2283 2
9350 5308 5
490 8468 -20
6259 8483 6
752 8104 -3
7438 4236 -5
5183 9104 12
8695 3410 -17
7111 9889 12
1967 9562 20
5940 3902 5
6841 7937 13
4345 4658 12
307 1516 -13
2682 1766 -13
2637 9044 -4
1157 3410 -9
7232 6517 -15
7921 8551 11
2167 1238 -16
1515 7329 -6
4620 7660 11
8033 2643 6
8746 6926 6
8054 8281 7
3930 7432 -8
4712 5955 -14
7719 4732 -14
3469 1056 3
8939 6115 9
651 6924 6
7343 2940 -9
2165 1845 19
150 3522 16
6343 9471 1
5338 165 10
1465 9277 -1
3156 4090 6
5831 8456 -1
7439 6844 -2
9031 3815 -5
1620 2732 14
4901 166 -14
2559 6472 2
2719 8075 -16
8376 8398 -20
7780 2467 1
8838 7242 -6
137 8737 -4
6874 894 18
7395 8493 -8
3846 2359 7
7301 920 -5
7988 7091 13
4654 2305 3
3693 9864 -15
3102 8689 -14
7092 5798 17
9484 6898 -20
7049 691 19
8902 5639 12
2425 1145 12
4991 8459 17
2390 5525 15
2935 7870 -16
8542 4208 14
7458 9626 -6
7282 945 -4
5771 508 -14
7514 3540 10
745 7688 3
698 7318 1
1935 7432 -14
6448 3486 -14
7334 5227 2
1849 7551 -2
6215 7210 -17
9257 2178 -5
3635 9578 -17
1560 5920 -9
1507 4506 -16
8475 515 -6
5158 4929 18
5340 43 -10
615 2154 -8
2835 9375 10
2405 794 -1
4894 7318 -8
6166 5586 9
5859 4517 7
5624 8974 9
8635 2843 2
943 122 19
3139 4147 -9
9408 3940 -18
5844 6768 -16
487 7946 -18
4960 43 12
2494 1059 5
3032 7802 20
2990 9197 4
9224 6861 2
3814 3062 9
7148 7069 2
3761 1659 9
6938 6290 -1
2309 7566 -18
8493 9649 -13
3783 7954 -20
8634 7356 1
353 1393 8
4626 154 14
408 7152 -20
5893 8209 12
5880 1152 5
4505 3292 -16
5379 4900 -17
997 9442 0
6029 6743 11
1152 138 -12
261 496 12
7109 8902 -12
7314 620 1
1250 6506 5
1396 2930 19
5711 3513 -8
4797 5557 -17
9586 4108 9
4333 1884 -18
6326 5403 -11
8149 7897 -17
4093 3602 -16
1978 7156 1
9449 4789 -20
3384 2846 15
5962 8820 -15
5395 9584 18
269 4483 19
1079 1891 9
4645 6252 -18
7102 5628 10
4131 5693 10
9450 5310 12
7422 2469 -1
4625 670 -18
5976 7419 -12
4958 3592 7
1312 3340 -6
8332 5371 5
872 830 -3
8955 8622 -9
7548 701 8
8100 6000 -12
1182 360 7
7188 5146 -11
8336 2321 -15
1750 9299 -5
9697 9842 19
3405 485 0
8190 7111 13
8513 8267 3
8714 3748 16
8965 4909 -5
7087 2619 5
1721 6840 -2
66 7227 -4
1440 4384 17
298 2950 10
1350 5354 -16
804 5018 16
2831 8154 19
1345 5399 13
7899 3094 -2
2537 6198 14
2612 3671 -4
290 1878 20
6307 7391 6
1627 3965 13
5336 3040 -12
3832 5352 19
1317 3796 -8
4254 2961 -16
9895 9573 1
5171 43 -14
6916 4457 0
3777 6633 3
5122 4291 10
9126 100 -6
3355 4525 -16
9450 8246 -9
7919 807 4
7419 7288 6
3016 1684 -8
4500 6955 19
5882 4915 1
2626 170 -3
1328 8609 -7
5004 3083 5
4518 9863 -16
1350 1592 8
764 2913 -12
8258 4651 -4
9304 9469 12
2304 9467 -14
1064 2755 7
9545 8922 -5
1837 1369 12
5156 5915 6
7600 4164 -17
3416 6077 -12
2873 3454 14
9938 8884 12
5083 6007 -12
8583 6296 -7
9754 5221 5
9221 6759 13
2871 6687 -2
7128 7554 10
768 7082 -4
6948 8576 3
2050 9855 19
9971 9722 -1
1338 2234 7
1978 1551 11
6884 4886 8
9299 5431 11
8238 795 8
3460 6969 4
1477 3932 16
1350 5605 2
3694 6396 14
5227 7564 -6
893 2285 -17
2017 7265 -14
7289 7234 -3
1119 394 17
1396 2754 8
106 8023 8
2728 2453 -13
7881 5031 -19
414 9842 -5
5448 9927 -18
3213 7739 -4
2719 5205 17
1739 6153 3
3943 916 0
16 2872 12
174 7360 5
7420 8023 0
4891 331 -18
752 3389 0
9718 6318 -8
8138 9518 6
3190 3969 0
1015 8371 3
9304 3383 -15
4305 9004 -7
207 3795 19
7409 2487 -13
1303 3722 18
858 9478 -16
8477 2041 -8
4965 5270 -7
9747 481 -7
1828 6800 10
2642 6193 -9
4267 57 -5
6131 5061 -3
6743 5849 -7
3864 2443 7
7894 2980 -3
2470 6468 -6
6896 9227 1
4142 2239 0
5954 2746 -1
8995 4937 5
8599 7051 16
9660 1885 3
6601 4491 15
3125 1943 -1
2181 4737 -20
7824 3046 -15
1997 8493 -17
1050 1653 -4
4081 3244 8
5057 5040 -11
1470 4929 12
1996 2500 16
7151 7010 -19
9145 3463 -20
2098 8057 -2
2456 4826 -6
833 3993 5
843 8597 -7
6318 1490 -3
7736 5720 -4
8834 8993 7
1496 2216 -20
7184 2847 18
3774 8809 15
1650 8013 -19
8956 2186 -11
7512 4364 4
3163 9675 20
6178 9258 13
270 3852 -15
4378 7501 8
6585 8121 -8
7694 7070 15
5900 8715 -7
8276 6095 13
9042 918 9
5754 4577 -18
750 8842 -13
1795 2278 -18
7082 4880 2
7992 4314 4
4383 9122 6
1153 7611 6
3082 7316 14
257 599 18
5128 4042 -11
6110 3230 19
8423 1885 -18
5333 8656 -5
2539 244 -13
6859 6611 -2
6016 5381 14
472 6900 4
3405 9581 12
2375 786 -18
8688 9519 -9
3638 4035 7
9093 2099 -8
7179 779 8
6157 9996 -3
571 1969 -19
1042 1584 9
4124 6648 15
8980 757 4
1979 3842 14
9289 2628 -10
7855 99 -1
4296 5653 -5
934 898 -16
1557 3103 -20
1562 173 12
2080 6517 -14
3057 2493 -10
9667 4554 -9
2088 8542 -4
9096 957 -20
4506 3824 16
3270 2316 -7
4532 6172 -18
6933 6613 20
6696 7930 -17
1189 6592 -9
2224 2007 -18
3494 1952 17
8269 9323 10
750 6587 -15
5321 3820 -15
6287 4342 -6
345 9801 14
8544 8183 3
8700 1230 -2
201 2019 -17
9520 1482 -5
2879 9207 7
9268 2653 -15
4038 7875 -11
4879 3343 -2
8778 2371 -18
7616 4585 12
3961 2748 15
6677 2297 3
4818 9291 -17
1382 399 -5
3305 8733 6
4265 4687 -1
8570 9352 -12
2200 1456 -16
3702 1526 8
61 1666 -5
9924 3643 20
3531 5569 12
4377 8091 -19
925 5046 7
4037 3400 -20
5873 2363 13
5244 6864 -2
2207 3836 -1
5915 3681 17
2837 1566 17
2664 4400 -16
1640 7425 13
2796 4919 15
3231 4410 15
9027 4485 -8
998 8082 15
6423 4175 -11
6196 9342 -1
9716 9250 -17
4754 4969 20
4559 7281 -8
723 4404 20
2570 190 16
6542 4693 -3
9691 880 -9
1058 2903 16
782 4112 -12
1655 3218 11
5033 8649 7
3080 6346 19
2368 6341 -15
448 6072 -8
2305 8887 -17
3354 5295 20
1298 8530 0
8870 3506 -16
734 5731 3
2088 6388 1
7765 9323 -1
8052 1918 12
4870 7500 10
1640 8242 2
4375 8126 15
4822 232 20
8602 2985 -3
5146 6353 -2
9015 9583 0
8208 6691 -15
6959 71 -15
8698 9672 -13
4530 390 -1
1558 7044 11
969 5720 2
5461 3791 -13
3545 4989 7
4349 170 -1
9531 5215 10
288 2855 7
4303 7961 -9
2790 4227 18
6839 8237 16
4126 2926 -14
6995 6306 -18
9855 7905 4
9201 9987 -19
4246 999 7
5182 4821 10
1965 7989 5
1349 6887 15
1053 7501 6
3497 565 6
4727 468 0
3742 8424 7
9674 2820 18
8812 3368 -14
7631 8650 3
9259 817 11
3528 941 -19
9626 2450 -12
2365 2967 -6
1361 5535 -9
1614 9695 9
6072 8094 -6
9022 6248 -16
815 4311 -10
8700 1369 -8
680 1275 -8
357 8119 5
5293 1168 -8
3578 7812 18
9538 9582 19
4276 4261 16
1221 6070 -17
5140 2466 3
4762 6468 -7
6530 6772 -10
6379 7579 18
3396 6398 10
4952 826 -4
3647 3615 15
1706 9509 16
8629 1719 2
7319 9704 -17
6295 6555 -10
9760 5471 -7
6086 8385 2
4363 1665 5
4398 698 19
1677 4118 14
1676 8240 8
7814 377 19
32 6215 18
8896 949 -3
2245 6657 -2
9726 1685 -6
8916 9196 6
2585 1137 3
7964 7237 15
1044 7989 -18
2807 9241 16
948 9541 14
6610 5386 10
4867 2585 20
4429 8970 5
6488 6185 -13
5533 6959 -13
2960 4670 -10
1480 2157 3
36 5301 -1
9057 4503 11
5211 6737 -4
2741 5699 6
5360 3793 10
9858 5913 -20
7218 6072 -1
9748 3500 11
723 2518 -12
528 3489 -17
1526 3938 6
5134 9737 8
479 1825 -6
2119 8386 -10
6968 8213 -7
5530 5612 3
2554 687 -10
107 9840 -16
9813 6305 20
8047 354 7
6957 9430 14
1563 9628 3
7696 1479 -15
7058 5810 5
5396 2810 -14
1377 3922 12
5190 4698 -11
6773 1506 -18
6867 2724 -8
5303 7066 -8
8633 2497 -17
9450 5793 -6
2041 4657 13
6682 180 -5
4368 9151 20
6105 4054 18
994 3801 -4
764 1397 -6
8467 6216 -20
4971 2365 16
8412 9000 -2
9076 3831 -17
8472 9486 -20
3193 2805 -18
9632 1017 -20
2957 7767 5
6 5182 -1
182 1664 19
6317 2665 7
6578 7929 -14
2150 4466 18
4390 7056 9
6676 4992 5
5701 6266 4
1008 943 -4
2512 456 -11
7259 9206 13
2959 4255 2
4474 3824 -1
6703 1140 -8
3553 6628 -8
5064 4227 5
6715 4040 6
2018 6970 -5
4094 3258 -8
6787 8103 -4
8460 3754 4
5229 3515 -20
365 6397 15
7345 8822 9
7208 3014 19
8133 4974 -18
9424 8096 19
2044 6981 -12
2243 757 10
1716 4125 6
6497 3918 -12
7463 9032 -5
6103 4745 7
1994 7231 -16
2834 3427 19
2166 5496 6
3420 4787 -1
6576 2202 8
9668 1068 5
1444 8754 19
832 5031 -15
8652 7967 -10
2096 5030 -2
984 3048 -6
8226 9647 -7
5007 5785 -9
21 3326 9
5455 1772 -5
6501 4638 -6
9572 2445 -16
2250 8709 -6
8956 4925 18
7469 7227 -11
2614 9559 -8
3148 2052 1
2189 5719 17
9261 9338 11
1986 136 10
6715 6642 -18
4413 995 14
9536 8408 -13
815 3612 -17
1252 1365 -9
6552 4323 -15
8192 4070 17
1157 6150 4
6622 1604 -11
2749 9707 -12
7670 3138 9
6038 212 -9
9765 6846 -2
1667 1378 16
573 8821 -10
4120 8566 0
7396 2548 -9
664 2447 -18
778 9550 -2
2823 7469 -2
6042 7422 -4
2164 8045 -2
1548 5194 -5
2461 7556 -15
9285 3045 13
894 8164 0
4785 5712 -16
9459 248 -9
6266 4400 -9
5978 4942 12
2458 1399 -11
8888 291 18
2553 3741 -19
7553 2517 5
473 8470 2
7227 4081 -15
958 3027 9
6102 9747 -2
6505 2377 3
4326 3181 -19
8655 6872 17
7364 9539 10
6748 2525 -3
7082 9428 -2
7186 3256 -7
5970 3038 -17
403 6942 0
7833 214 20
7993 4350 1
9043 1283 16
3193 9109 -6
3636 2519 13
830 9904 -14
4267 3328 -16
5410 9823 15
1439 2678 -10
4491 2879 5
7029 2720 -4
1805 7962 10
1945 9279 -11
6900 7220 7
3725 1853 -17
6232 5179 10
3375 720 -17
7005 7508 -11
9360 3842 -19
5268 8462 12
8331 7118 -5
9445 7830 -18
894 2948 -13
4983 8377 -9
5075 3565 -18
7372 6412 -15
7001 4549 -19
7851 2039 -4
3281 1304 -16
5022 2371 11
4627 5537 13
3487 9821 8
2926 1315 -4
7464 3938 14
4864 8198 0
3611 7531 5
9307 725 5
7702 3341 -12
8453 6932 6
9459 9468 19
8311 1034 -13
2027 3359 -3
8244 2556 4
5026 3496 -4
9181 3456 2
692 5424 -11
6094 4268 3
8114 7632 16
7286 9805 18
1657 4325 16
161 9418 -8
1706 1225 11
4067 7999 11
9245 7739 13
1132 6480 -1
7751 1796 6
685 1346 -9
5137 9106 -14
5312 2222 -4
5836 484 15
2165 744 20
8238 2037 -2
9760 5170 2
832 6659 12
2717 1885 12
4856 5108 18
7625 7364 -7
6071 1877 -4
6226 3594 18
7406 9453 -10
4772 6948 19
7683 1958 7
3213 2190 -8
7221 7536 -3
9977 2620 -3
2036 3699 8
6582 1523 5
561 24 9
8783 6541 3
9691 4680 14
5111 7317 0
209 9879 -11
6005 8044 16
7194 5055 -5
877 6130 2
9800 5304 18
5090 7402 9
9546 6811 -2
4094 5445 6
852 2167 14
4447 5853 0
2725 7448 16
8024 6105 -11
3612 7116 16
2010 3069 15
1411 6589 5
1573 4414 11
4973 4607 -6
6287 4719 -6
4378 2557 10
2400 9247 -19
6230 1638 -18
7433 4485 -6
3098 1518 15
4360 6449 16
6848 6395 16
6995 7346 -3
87 6987 -19
5760 7157 4
2 8241 -16
2272 686 17
4783 6142 -15
5059 7466 4
2988 5277 2
5726 5434 -13
5260 8741 5
31 8317 -7
4939 1203 9
6769 1937 1
6880 8228 8
2397 3107 -8
8599 2006 20
3042 6920 4
2262 7103 7
5453 8382 1
6474 7766 4
5897 2029 -2
2974 7359 18
9717 1437 -15
2962 9624 11
3475 3572 2
3890 9447 -17
2350 987 11
4870 2577 -13
4113 8113 18
2442 9207 7
6343 6208 10
947 5429 -16
4718 9978 10
4726 2382 6
7566 5017 17
7179 5686 -20
1765 4238 -6
2643 8791 -7
4695 1771 3
2931 4675 5
9494 8578 10
5551 492 -11
4055 1795 6
7310 1923 -12
6594 4475 3
6300 1101 1
3923 9995 -6
2817 4512 -16
6382 5080 1
9325 465 -9
4356 595 -6
9875 5688 8
2826 3902 2
8502 8337 20
2245 5021 -10
7039 8970 15
8593 5967 19
9974 5629 -9
8277 4834 18
6403 5912 -12
2920 4212 6
606 9052 -6
6077 6025 5
9879 509 0
2437 6625 -10
6346 8413 -10
7937 1072 -9
8401 1723 11
5575 4195 13
6714 5090 -8
4336 6591 -12
612 9408 -16
4126 7935 -10
9338 6406 -11
7848 4260 -15
4688 3076 -15
5896 478 -11
1185 4192 15
7851 955 -4
8403 6719 6
389 790 -9
991 6749 -11
5869 8416 11
5518 1881 -19
4864 5540 3
9662 8731 -15
581 2044 -19
1492 2155 3
6796 6804 -4
456 26 14
4354 8593 3
8576 1549 -8
4795 6830 -3
6225 4600 0
2964 5475 17
4877 9291 -3
222 6223 -19
7025 4890 6
555 3036 -14
3146 9735 0
9899 221 16
4005 1876 7
4060 291 5
5058 334 4
155 9104 11
435 5366 -20
4555 4954 0
4881 8183 -10
4869 1373 0
3652 313 -20
8283 307 14
9727 8210 -19
8747 2526 -15
2794 1437 -1
7298 8659 2
9681 3423 -11
8090 4146 11
2823 7379 17
121 7759 5
6855 8446 19
5986 1019 12
3759 8572 9
7239 2804 -8
3422 7125 2
6725 7739 13
6278 5017 16
2610 9332 -19
7819 9673 -5
8229 1631 -8
2121 4818 20
149 8211 3
6239 9337 0
2031 412 3
1380 1464 20
904 6325 3
130 6292 -9
8173 1114 -17
2414 7609 3
4373 5145 -4
1102 9543 4
2520 5534 2
7897 9399 -15
941 9950 17
6992 7109 -8
6130 4728 -13
5755 2903 -7
4488 7880 -17
3210 216 0
170 3626 -1
8245 1328 13
2317 7427 -11
9852 7718 9
5715 1919 4
4670 1358 15
1296 7545 -19
2758 991 -1
1442 3184 14
4139 9582 -11
1368 5101 6
179 2972 0
4042 8027 8
8958 9977 6
6088 457 14
1786 5159 20
2071 8584 -18
1306 4463 18
1752 5809 20
5876 1300 -18
5647 1020 -20
1131 8385 4
1651 7440 -11
1598 1249 -11
7876 7550 13
5905 5607 -18
4436 4712 8
1329 1503 -13
3279 246 -10
5124 2818 4
1154 3922 7
1232 7045 16
9058 7382 -19
7440 6828 -9
4986 7305 6
913 2357 12
5604 8230 20
9505 3977 -18
8364 9616 -7
2505 3366 -14
7018 1385 -1
7146 9312 0
6054 9966 -2
7714 7974 -18
9734 2422 11
9620 9531 2
7778 4469 -11
7526 1032 -16
6536 6178 -5
5817 4821 -3
7495 8487 13
7804 8018 19
1248 3947 -5
7549 606 -15
3878 4057 -3
3838 2278 -18
6238 5183 7
6683 4643 -2
6097 3569 3
1013 2004 -11
6524 5735 -4
9197 8716 -4
4713 5035 0
9082 6241 13
9039 3108 20
8988 8161 -5
504 979 -9
5504 3920 -10
7369 6694 -14
6529 6332 -15
6405 3072 -13
4875 3642 11
382 1669 18
8215 6773 9
5036 3499 18
6547 488 -11
4998 3124 -13
211 7192 -14
4612 1362 0
3764 7342 5
9412 3672 -20
3616 8468 -10
5055 3214 8
4287 274 13
5881 1794 -20
8883 9060 18
4269 5094 -19
76 6981 -14
4489 1158 17
7671 2939 18
3858 8941 -8
4952 5055 -20
2498 7748 -14
2336 5842 -12
1178 626 -7
7325 3381 6
3668 7483 -20
6328 4026 19
2524 2265 5
8427 9090 -12
8755 5844 -4
7947 9065 10
27 555 -1
8556 68 10
1633 4952 -13
7513 1642 -15
4124 800 -8
414 4094 10
5331 1900 -5
3055 2427 -15
3877 5617 -13
1501 9382 -18
4430 9614 10
1243 7663 -2
1870 5959 5
6216 3123 -16
1776 2300 13
5443 388 0
9802 6783 -11
3358 2487 -2
3095 8598 14
3615 9428 20
4574 1466 19
9008 2463 14
5604 4653 3
7387 7823 2
869 6969 -19
635 3774 -19
7513 2609 -18
3870 643 -16
9216 4844 -18
8037 9415 12
4066 1650 -20
2278 9352 5
6787 2994 5
2615 9540 2
6527 4458 2
5088 5420 -20
3963 4693 14
4934 4357 -4
3718 5790 7
971 2056 1
3260 6392 -14
7737 9294 -1
8218 8133 5
9520 2868 -2
9971 3730 2
8467 1811 -2
340 8773 19
1694 2942 3
5033 7666 -11
6157 8072 -12
2467 3719 -19
5695 9792 1
8979 9920 -8
6687 8285 -19
1919 9551 10
2791 5892 7
1575 6508 10
1452 5846 3
2952 9834 -17
2825 5132 3
7013 8314 6
4769 5326 18
7023 9313 15
4639 2360 -1
8446 9466 -13
6400 735 -6
4540 5568 -17
9698 1984 -9
7949 1031 -15
2731 8107 16
7733 7608 19
735 3765 20
3748 3559 19
8643 7787 12
5781 7863 -3
1717 2131 -5
6776 4381 11
6346 5531 19
3052 236 20
1654 7199 9
4279 8960 -12
6637 9766 -9
1194 9523 -12
9761 2745 -8
838 1948 15
3984 7188 17
6415 1483 20
8565 8827 11
3411 3511 -19
107 3544 -19
8485 5102 -19
8915 395 -11
2262 3482 2
3579 5398 0
1922 2083 0
2498 1296 0
1494 1254 -7
1593 3934 -12
104 1445 -11
1474 294 14
446 7827 -7
1617 5287 -20
7748 9951 -7
1445 3454 -11
1506 7522 -10
1255 318 17
2914 4361 2
3687 1841 -17
1905 3425 7
6715 7681 2
2643 9548 -18
1571 1469 -19
3705 4269 14
9924 8024 -10
6243 2796 -3
9145 6550 9
5596 2623 9
7100 7085 -8
275 8609 20
1560 9591 -13
191 6205 -1
1832 4967 11
3661 1245 -9
7704 6380 -9
9279 1629 -14
1061 4323 -7
6757 3780 -13
1492 10 -14
9721 5045 3
7982 5563 18
397 9344 -20
7211 9851 8
4794 4878 -7
6182 4679 12
9533 8990 9
1248 1247 -18
6639 1366 4
7704 6800 2
3484 2268 4
2505 1010 -1
4739 8693 11
7477 314 9
2292 403 -12
7580 9656 8
7090 4133 15
1692 1982 -2
1524 5222 -18
3515 6040 -14
6447 8259 18
6390 5924 3
1076 7041 18
3016 3709 0
9705 4207 15
9252 6069 -6
5652 39 -13
7770 4529 -9
242 428 7
1696 981 10
9659 5703 -15
5494 8028 -15
8666 9064 16
5470 4544 -7
1937 6999 11
290 930 -19
3504 8373 20
8314 7094 18
3475 8892 -16
6481 1896 8
5548 8528 -12
8944 3250 -9
789 5757 10
3050 6969 -8
5080 5438 18
6105 1862 -19
8482 4020 -10
3530 9709 -13
8455 3939 15
5019 1975 19
4294 372 10
1361 7835 -13
3328 7220 -11
2252 5931 -4
9961 2594 -10
7876 5213 4
2528 706 -1
2613 4609 -20
5752 8384 -5
9928 8314 2
2027 9349 15
6296 2799 3
404 9476 1
5313 3077 -3
5810 9780 0
7617 7318 10
4020 835 -10
7144 4885 -13
572 1045 -13
1177 9544 -14
6922 8180 -6
6597 3036 -15
6229 7823 1
108 8399 5
4835 2317 6
9080 7550 10
2816 4372 15
6092 2049 -14
7845 270 -4
9561 7340 -20
3144 6501 20
2243 3921 -2
1280 9603 -19
4645 5408 -5
3932 7517 0
8772 4743 12
565 7492 -11
2441 5179 -12
2396 495 13
3276 3308 -12
8504 6769 18
6770 3418 -3
254 6775 6
2223 4945 -18
2914 7687 -4
8441 5003 -18
8610 2675 14
175 8835 9
9799 178 -19
8820 5071 -8
7711 4806 -12
9113 3041 -19
2001 4368 3
8460 904 13
3097 1112 19
4212 8996 6
975 1925 10
8844 6026 7
9689 4375 20
497 4719 -10
9347 9628 -15
5582 9537 19
1731 1969 12
213 4655 -10
2416 9697 3
6735 7860 10
1198 3657 17
7168 2976 13
2054 1623 13
149 8876 18
800 802 3
8074 524 14
3442 1062 7
315 2632 3
429 7302 14
5624 3084 15
8862 8835 -9
9158 7847 -16
9706 3194 0
7795 5480 12
8912 8014 -14
5972 1299 -2
8628 1855 19
6091 1312 -5
1162 9668 -14
1416 2423 19
8239 5661 17
4923 123 17
8049 6446 -7
3672 5150 -5
2468 4006 -13
9378 2956 18
1872 7691 7
315 9771 19
1476 3030 -7
7077 3536 -12
9516 5282 10
2412 1228 12
7505 4941 5
2699 2567 11
2445 558 -8
9867 8240 -9
6955 9341 -18
7803 432 17
6052 5493 -20
5902 9225 11
9511 451 5
1044 4387 16
3213 7831 -12
2998 5732 -2
8841 2958 -20
8692 1122 11
634 9716 3
625 9020 -5
6186 9734 16
1474 4666 -16
702 2030 12
913 2312 -11
2561 8191 -2
5947 9685 -13
64 5065 13
8752 4080 -12
4212 1682 -12
1233 940 -10
9450 6594 8
3240 3505 -15
8441 8663 -18
7359 3513 -17
6544 5101 17
1448 81 -19
9229 6737 -16
8030 232 -3
3973 3759 13
4982 4522 14
2567 511 1
3217 7000 10
7273 3397 -18
7726 4653 6
7341 8745 3
3960 2572 -8
3741 4049 12
6871 2504 14
8403 1069 10
8484 2764 -20
5539 7445 -14
4407 3890 16
5058 3702 18
7604 4342 -10
8171 9080 -4
1438 3227 -13
2819 8871 -18
6271 9270 -10
9009 3860 1
4706 3405 20
598 7697 -2
6560 7439 18
8073 4558 -10
2818 3485 0
7527 4321 6
6155 6837 -12
1504 6695 -1
8997 7113 -19
8876 7222 7
4408 8225 -8
8551 926 -4
3313 430 -17
4470 8316 -1
7151 4736 19
1104 1283 2
3879 5525 16
340 9026 4
3181 1683 -20
3504 9589 -7
7111 5562 8
664 5723 3
4002 6352 8
8091 6051 17
9042 8336 -8
2306 34 4
4833 7855 16
2703 4213 7
6018 5113 -8
6298 874 7
6457 5568 12
2607 2611 -16
7086 6940 -3
5976 7585 19
9055 2494 11
3463 2447 11
6288 2803 18
8165 2845 0
7823 1559 13
307 9528 17
4932 5565 15
7854 4918 -20
4199 8308 2
8555 8664 -5
1382 6148 -3
3404 2890 18
4393 3892 6
6962 4749 -5
5373 3643 -6
7015 7364 -5
3550 3565 8
9344 613 8
5050 6592 -2
7682 2534 -7
5183 3870 20
5604 8889 -4
7151 1053 13
7508 7511 -15
7966 5780 -1
1018 8470 -3
9334 792 7
5682 1262 -4
6334 3656 -15
5303 1073 -16
8316 7497 -8
4780 1199 -20
266 7917 -12
4335 9791 4
3967 3871 -10
2970 1501 -9
3202 171 19
7912 5433 -20
9146 3372 -6
6129 337 -4
5616 6365 8
4814 2519 -20
5153 5298 -9
8369 6875 -5
1118 6388 -1
5358 1629 6
4276 5321 -2
3808 1939 3
2439 9868 16
4186 9707 -20
7407 8900 17
8021 3730 3
5965 9800 3
1218 5282 11
6337 858 17
800 1572 11
2459 1115 -1
8547 3910 13
4789 5287 -11
7277 5764 -6
6435 5313 -6
8814 5338 1
8920 3901 -6
7477 8917 7
2065 6350 -16
8594 7212 13
5951 706 4
4869 3577 6
8108 5185 19
680 4590 19
3548 1024 -11
9846 670 14
2949 9703 8
2087 2465 9
1437 7292 17
3854 7643 -2
5957 6860 -15
4359 8349 -11
6955 446 -5
6497 984 11
8879 8294 -1
1275 8982 20
1024 6116 -2
4416 3410 -7
1029 4796 15
9117 1873 11
7310 2591 14
9570 9418 19
4981 867 -14
3769 4681 -14
8106 1785 17
9413 2367 -12
8861 2259 11
8553 3958 11
2988 2587 -4
672 3812 -2
2482 6802 -20
7961 9798 9
4176 4851 -1
9396 7009 -8
109 2453 2
322 1391 -4
4707 8820 -13
5717 6093 15
8151 9852 -10
7491 692 -17
6975 662 -19
8070 8422 -1
9092 1840 -12
2715 3662 12
8012 8075 7
5387 2639 -8
1838 4797 -14
9756 3015 4
8502 807 2
9 926 -13
699 1786 6
6543 8815 -4
2396 1268 -7
9327 1126 -19
8118 4765 -12
1648 6823 -15
879 3713 -15
3965 8375 -15
6223 3583 20
6195 3533 18
3090 718 20
6306 7235 -3
1685 6634 -15
1325 2184 -7
3234 5430 -14
6582 6213 14
1781 1515 14
6744 3483 19
7791 4772 -12
7783 664 -9
7964 4435 -9
2917 9072 -9
4844 2979 9
1828 6597 -13
6022 3347 -1
2889 1475 -10
1145 1913 19
927 4236 3
9212 8310 -9
5434 3305 13
9649 6840 -11
8531 3884 20
9812 7218 1
8647 4321 -17
1417 7951 -20
6218 7785 17
6234 3292 0
8793 5694 2
7454 9450 3
9739 6677 12
4539 2419 -6
5872 8401 8
9460 8532 -9
3002 9616 -6
6748 7250 2
2350 9648 -17
631 8983 3
3857 1341 -14
7343 3107 -2
1691 4938 12
5262 5964 18
9537 9953 -6
4516 6722 8
2987 2217 -16
6923 9602 7
9972 7513 17
5111 9569 18
9357 2943 6
5500 1991 -7
8713 1315 -18
3898 6135 -14
7411 1278 -7
6676 396 11
6695 9335 3
5876 6745 16
5096 2242 -7
2362 379 17
3720 1963 2
9958 4304 5
9380 5727 -17
9976 5452 -6
6986 9343 17
9811 97 -11
3623 9073 15
1163 3014 20
8530 1821 -18
3465 3999 -9
1631 3067 -14
9536 5430 -17
4421 5092 10
3144 1399 10
9593 8108 -12
6907 4744 -11
6734 6864 11
7673 5072 0
145 4646 20
4301 5716 -3
9435 2110 -3
2208 3056 11
6885 441 6
746 6938 13
3757 6391 15
70 3511 20
1713 756 -10
8789 4746 16
7331 2505 5
8690 9329 19
4022 7297 11
1174 2779 17
4445 8166 14
2918 7792 17
6617 9546 16
1686 5918 14
4628 8033 1
3045 4366 6
4872 5167 -16
8689 7261 -9
4210 6977 7
2449 3618 10
4260 8011 -14
1882 6739 9
2715 8757 10
6668 608 -8
7950 9473 19
392 8171 -14
7014 4653 -16
3152 4989 6
3482 7978 -18
9352 5865 -8
3870 8860 4
385 1409 18
5138 133 8
3537 7248 -2
4464 2831 11
4339 210 0
7429 6550 -11
9848 547 -9
7443 3507 13
538 6739 -10
4570 3922 16
4728 9556 -1
5977 3691 19
284 8152 8
1628 2285 -17
8897 3931 4
2744 853 19
7598 4994 -2
3554 1922 -13
1219 6658 17
6312 4060 19
518 7764 -17
1328 5896 -6
6387 8674 17
1870 2489 15
7509 275 19
9624 1862 13
8018 4576 -7
3319 9948 20
2299 8489 16
1339 3127 19
5350 7210 -5
2500 7267 10
1790 1621 2
1280 3184 6
1070 8057 -8
3615 8329 -19
4077 6335 20
5177 8263 -15
8888 2491 12
6679 7609 12
7 2848 -15
8347 2617 -2
5404 8356 1
911 9294 -20
1297 2525 16
7237 3273 -11
3601 2882 -1
7327 4618 -9
7522 1536 -5
2430 4833 -16
8427 215 14
623 5620 0
4184 2152 -4
1848 6731 -16
5711 1724 -11
8414 2473 14
263 3583 14
5080 722 12
8777 3873 17
1665 6810 7
6127 4217 -11
68 1417 -8
6326 2653 15
4522 5095 4
519 3155 12
6402 6507 -13
7232 2893 14
7174 545 -10
1741 5688 -19
2268 2774 0
9796 7596 -19
365 8373 6
8080 2638 -10
2586 6326 0
8522 2445 -17
7729 8442 -9
2198 983 -12
2758 612 6
6261 2768 -1
1401 8254 6
5191 1492 4
2383 2917 -7
4241 9873 17
9391 3316 -17
6607 996 -20
1101 609 -10
7696 7210 4
5908 1868 -14
9053 9688 17
7274 9641 -2
9946 4656 -3
1056 1485 18
1580 9084 -16
6117 5199 -5
9353 8941 16
8443 8227 4
7925 2862 12
7670 2318 13
6559 5077 3
7741 3713 -17
9383 3885 5
5883 3626 -2
10 8426 11
3247 8980 -6
9719 592 -12
5280 6403 5
7353 9027 11
5799 6007 -20
7547 2573 14
9903 2409 -15
8260 9671 -14
2718 5875 2
7837 368 7
2676 7563 -4
7242 5734 -18
9054 6190 -4
9878 4148 10
1206 6580 -1
9841 9294 -6
6028 508 -12
1810 9759 -6
3837 5778 -8
9464 80 -13
9245 3857 8
4461 2635 9
8454 6634 -13
7804 8751 15
3626 3777 -2
9824 9196 20
4987 1783 2
9904 7730 -12
8840 738 -2
4283 7598 1
8322 9625 16
4826 4101 -14
481 6648 12
14 6896 -11
8488 6952 4
8733 3161 -8
6078 7253 19
5644 9527 -16
6033 2052 -11
4213 3025 -7
9801 6332 -18
2189 431 7
8405 8547 6
2832 4522 -16
1256 2427 15
1729 5326 19
126 9292 -18
3114 8235 13
6767 111 -14
2628 3494 1
1716 2667 13
4445 8925 8
9369 159 -12
6811 4691 12
7060 6665 -1
3530 4612 7
4708 3795 -9
4487 9591 11
5830 8225 -6
8195 9826 2
7407 5463 19
586 1932 2
7889 2352 -7
4823 6614 -7
2621 8423 -6
6572 7334 -20
4400 9395 -10
4346 1782 -7
2673 6697 -15
1621 9048 6
2674 4953 -11
7462 288 18
9143 9455 16
2791 9719 -19
8051 9937 -3
2848 3223 11
6585 9774 -5
726 6736 -18
2678 3681 -20
5523 7313 -18
2173 9016 11
4002 3672 -11
1586 9723 3
9916 115 10
1393 8649 -14
2044 4902 -18
8169 2085 -12
2324 5191 17
2164 6814 3
9619 9170 10
3952 5226 -10
766 7409 -8
9905 9404 -12
8954 4133 -7
3621 6671 17
2892 1518 15
5287 638 -4
2819 9345 18
1827 2608 1
7662 4338 -5
6135 402 -18
63 1259 -19
3032 9940 -13
9477 6818 -5
4972 8785 6
5607 2565 -6
8814 399 -2
73 4014 20
1874 9883 6
1471 3560 7
6051 9332 20
3298 3059 8
1085 7928 2
4139 7467 17
4015 3521 -11
5578 4025 10
4424 4005 19
8235 4783 -6
8000 6090 6
1932 7564 -7
9110 3829 -15
9847 5132 0
1086 9906 17
7614 4204 -17
7765 6332 15
906 2336 -9
9204 1592 12
9926 4849 -6
8346 705 -18
4005 872 -9
6033 4845 -5
7038 6797 -5
8349 7380 14
5072 9720 -3
6768 5889 4
6101 1064 -14
2037 1346 12
7326 3647 -20
1820 4620 -2
8647 7411 -4
2928 1959 6
641 3642 -4
208 1383 15
3749 6697 7
9023 322 14
3073 4315 -6
5646 187 -3
1485 9141 11
3245 7154 15
9184 9380 16
1662 9526 -10
4256 3903 11
2675 6262 -3
9065 9519 6
5870 682 16
8890 6664 -3
8664 3576 1
9382 7452 10
5508 9327 -2
1937 6650 2
7924 2961 -20
9568 4534 -3
9281 2340 6
690 3636 13
9340 4953 18
9504 2009 -18
4564 7155 15
981 3526 18
5660 1895 18
6994 4613 -10
8426 8700 3
3696 6039 16
6250 7157 -17
6552 5660 7
4581 5069 -9
7822 2044 -10
7447 7072 -1
5746 9850 9
1552 1205 4
2948 3158 10
5963 561 19
710 6295 9
8046 3920 0
112 3649 10
3988 5990 -17
9344 4615 14
9970 3435 2
4443 8136 13
2745 2302 -16
3486 9347 -18
435 4912 -11
223 5865 19
9615 6662 5
209 3115 -16
4733 9971 0
751 7978 17
6953 2231 -10
6126 8003 3
183 4306 19
64 8604 -14
4411 8479 -6
2922 3751 -5
8164 8201 -20
4631 4065 -8
9918 6430 -18
6757 262 15
527 2636 20
2247 2063 -3
9465 6878 -9
1750 5556 -11
3186 4641 -9
7828 4056 -20
7244 5875 -12
9930 5546 -13
5293 3287 -2
2730 8526 -7
384 9751 8
3738 885 -19
2921 653 1
4518 3300 -3
4897 2113 -9
4719 5943 -7
4411 5064 -14
6106 5438 8
4833 7490 20
5517 4304 2
5948 1401 7
6580 1586 -7
2189 3288 17
1099 9930 -11
2970 7249 20
5747 3827 -10
7720 5191 -13
2291 2396 11
3876 4529 19
1424 1750 -1
1379 3369 11
5469 8051 19
9603 5617 3
780 2925 5
1826 9310 -2
9715 8669 8
9518 4809 17
4887 5883 -5
9903 9193 -18
8735 6529 12
3861 6041 12
2566 7607 4
8726 9971 18
7660 7986 17
4479 1467 -5
6457 6000 -3
4773 421 -10
1156 1721 8
4989 3265 -7
746 5537 -10
1620 2580 -10
19 9050 9
672 2724 11
2940 259 3
3791 4286 4
1041 4046 -2
9138 3041 -8
4842 9369 -17
5352 8250 15
5297 4698 20
4682 390 -1
5866 2207 -2
4994 3480 -14
9553 9909 15
7055 3562 8
313 2734 19
7828 9983 -18
6763 1890 11
268 5330 3
278 9360 5
6519 7339 -20
1447 7074 2
7785 261 8
1276 4571 10
5315 2629 -12
4762 981 17
4620 5125 -20
9627 6653 -20
4998 2655 19
1367 9 -15
5209 6240 -2
1246 3900 -1
4110 1980 19
7233 4036 7
3894 8850 9
3322 9513 16
9537 7952 -16
3593 1685 -12
4147 1970 -19
746 6100 -17
8939 2129 -12
9028 759 16
4612 4834 7
5131 3796 8
9293 3519 -18
6239 1431 -19
233 5701 -16
8644 7088 6
996 4662 -7
6201 5694 -20
9644 6885 1
5640 6538 15
7069 3596 -7
6295 6130 9
935 8678 -18
5344 986 2
4364 6529 -16
8975 5089 -7
8008 4902 17
5698 649 -14
2970 4493 11
6855 9481 -2
3853 5064 11
9886 4263 15
9006 2431 -11
4876 652 17
3166 2315 -2
9445 5314 -12
654 5750 19
8236 7924 9
2140 6271 -6
3355 6589 18
1459 736 -7
679 6439 -16
5291 3294 -14
4342 2789 10
1537 9261 -5
9115 8081 -12
9338 643 -7
5083 7426 -5
620 5922 -19
735 4599 -19
4052 400 8
5943 4451 -2
1974 3708 -1
9166 135 20
6158 4015 19
5702 1027 13
9045 78 14
9533 7502 4
2514 1826 -5
641 4936 1
4729 6175 12
687 4858 1
1396 8748 -5
727 5633 -12
900 7816 4
2974 8715 11
4882 1545 -8
6186 1791 19
2426 8714 -16
5083 2309 3
3133 9649 -19
6509 8804 -6
4297 7506 -3
5072 1594 -9
3791 3874 -3
1075 2758 10
3963 8186 2
8722 5688 15
6110 4940 6
2651 9238 15
2501 5777 9
760 8190 -2
6937 7703 13
171 3593 8
1203 7430 -1
1729 3933 12
3793 5956 16
4572 2544 -13
369 5524 -8
7253 1319 -4
7484 130 16
3366 5714 -18
7616 2393 -6
1002 1458 -10
9934 6797 13
8619 1800 -10
6492 3497 -5
3165 2843 9
6597 455 -14
370 1558 -10
1546 3500 1
7761 8159 13
5033 1358 -4
2869 9462 2
5680 5436 0
4541 2233 -3
5175 5217 14
5001 6076 -2
1231 4607 -17
2764 5826 -16
8666 9249 -5
6757 5600 -1
6922 9120 7
4317 4392 -17
8782 54 -20
7759 6563 7
3380 8310 -19
3767 9517 -15
9408 9958 18
5675 7291 -11
5577 2193 18
7464 9238 12
8819 7050 -20
3478 443 -11
5237 964 17
3460 640 -2
5486 2359 -15
752 6505 -4
3866 6739 10
2042 5862 7
3713 7042 5
8281 4186 18
5146 7316 7
3505 2748 14
583 4953 -13
8171 8331 -14
2555 2116 -13
1009 1101 -7
2215 620 2
4938 3888 -17
680 7490 -10
5056 583 12
9799 4783 15
2620 3775 -4
7577 2481 4
7579 514 -20
7642 9830 19
4474 573 14
7150 8957 -3
6523 6222 -20
2089 4187 4
9922 8232 2
8567 3267 -20
1252 6456 -15
2145 5405 13
7583 8327 8
876 2898 -13
4895 7023 10
3755 7699 -11
6025 8920 -7
6863 3205 -13
9065 7101 13
5531 6454 -5
8322 4788 14
3482 1076 -18
9769 8642 2
2080 6178 16
4955 5025 -8
1487 7680 7
8755 2733 -15
772 5417 -3
9324 7822 -20
643 6451 -19
6061 1514 9
2633 2556 -16
9988 4002 20
5233 9530 -9
3687 5304 0
791 3026 -4
6837 2124 -3
9518 5320 15
715 9115 -17
4525 5933 -11
3144 222 -16
5144 9680 19
4385 3187 -17
6833 2432 -5
898 8285 20
3274 7184 -2
3483 4203 -2
4692 8769 -16
1754 8659 14
2267 5159 -7
8747 7063 -9
2069 7563 12
5511 1536 -20
3811 6516 6
9549 2007 14
7043 7590 0
836 9382 6
2668 8226 20
5577 5044 15
5559 6909 -18
4518 7550 -3
9220 2759 -15
902 4972 -5
9466 1242 8
9368 7270 -9
2162 3633 -18
5525 2904 3
7702 27 7
3397 5289 7
5268 6528 0
3670 3203 -8
3001 3755 -2
3890 9586 -10
476 3597 -15
6489 6962 12
6785 2319 -16
4910 9623 -1
4335 4561 -11
2710 7381 -18
7644 9058 10
5358 7715 -16
6589 2290 -17
4825 8736 14
6167 1686 15
1235 417 14
1078 8796 6
8546 7227 -15
6288 2609 13
7551 8254 3
9678 847 -4
7406 996 18
9428 1656 -1
1194 9444 -5
284 2393 11
8887 993 -1
7132 8876 9
8418 376 2
8876 4141 14
5218 8975 1
3792 7295 0
6155 3009 13
8277 8163 17
5064 5989 -6
384 9973 -15
2703 1937 -2
7773 3142 13
9653 8763 2
8395 7871 -9
7641 4804 18
4747 6203 -8
3840 5031 -12
7903 9701 14
7010 3739 0
3803 6235 15
2763 1018 19
7880 2320 4
6608 9075 7
496 8007 7
3572 7917 -12
2973 9437 2
8698 9000 -15
2456 2128 -17
5486 1499 -19
9628 1232 4
405 1829 -2
6656 64 -12
5239 8265 13
4441 2201 20
3136 1921 7
3128 6284 -14
5399 9113 -1
1182 4081 -18
8163 7870 -12
3715 8911 9
4828 3837 18
9462 7950 20
7284 4995 -4
2047 7775 -10
3713 7293 0
582 6577 7
4164 8193 0
6143 1742 15
4084 6405 19
8073 5332 13
4381 5523 8
6561 5079 -9
5350 1390 8
4925 2999 -2
4790 7041 -4
4940 7429 -1
7960 6112 5
1996 4009 -5
8280 1764 20
4331 7979 -14
3042 789 2
1682 6529 7
7680 3532 -5
9010 2878 -4
1986 3290 -18
7298 4388 11
5544 4834 -12
1799 5558 -18
623 9152 13
1130 6232 12
9474 4939 12
3271 8677 -13
6808 7303 -2
6763 7362 17
3984 5905 0
8336 4605 -2
3590 105 -9
3426 9322 -15
3831 129 11
5456 580 16
3703 3469 5
9257 5284 19
593 8861 18
6572 8899 18
7218 2869 -12
4342 9381 -20
769 7821 5
1226 81 5
2063 4255 0
8499 7703 -11
8970 2771 -18
1544 3618 9
6000 4313 -11
5821 968 -7
184 6341 -10
586 1548 -11
6508 2023 -13
5306 785 -1
2079 4606 -13
5414 4147 -18
7575 2546 11
8128 3861 11
9058 9709 -20
2507 8910 -10
6394 7362 -8
7744 1080 4
8591 4299 20
2231 4108 -4
1753 9634 5
415 8310 -14
2307 3615 5
1211 7578 20
5810 20 -15
1892 6879 3
3837 6849 -5
1667 2759 9
8040 3501 16
4566 5641 -19
4493 6826 -4
9520 9839 13
5948 3366 17
2664 4139 12
2173 1112 -18
9429 6527 -4
1135 4519 3
5866 8909 12
2135 2665 -7
9859 6895 11
5137 4198 -15
4195 3046 -19
1553 3126 11
1845 8991 17
8599 9476 3
4294 7486 -18
3882 4178 -17
1896 1480 2
7659 6617 -20
3449 8255 11
9824 91 14
2222 5146 -5
5933 692 -4
2161 7869 2
9889 8799 11
3981 3532 -19
4276 7162 19
9984 5231 17
7709 330 1
9874 5573 7
6540 4309 -20
4995 5828 11
4512 8310 12
9070 8866 -20
7845 4459 10
8521 9566 3
6439 9772 -14
6286 4875 13
7728 809 -17
5987 6223 -7
5091 9529 5
296 5703 -6
5459 6715 16
6612 8200 14
4582 2853 -12
5351 7599 -14
6652 3109 -18
3320 4521 -15
9168 243 19
8251 6653 -20
6574 629 -4
5495 7820 16
5965 8547 -3
8627 3882 20
3002 4069 20
6271 3869 -10
3158 2950 6
3087 4187 1
4127 6428 -13
8836 2899 -18
280 1455 6
3977 5789 -9
4395 2778 4
9959 6811 15
6347 7975 -17
6510 7014 -6
1887 7749 14
4669 8402 -13
8105 2469 -15
4116 6692 -15
2422 7526 10
1792 3950 -16
3224 9981 -7
2314 2928 14
9413 4932 15
9521 931 13
5163 5867 -16
1414 3215 -10
2154 8379 -6
4879 306 16
1962 9192 -17
4732 9980 -14
4779 6261 10
4008 8580 1
696 3435 -16
6571 7927 -8
8307 7195 2
3056 8957 -20
3676 61 -18
6896 1026 -4
1250 4189 -14
5693 8577 -20
8543 5860 3
6444 7411 -18
741 4854 2
6285 4960 -9
9022 538 -13
1505 6477 -11
982 1744 12
1040 1066 -6
2503 6988 9
4842 7510 19
287 9194 13
4705 1063 0
8388 6973 14
6483 3194 16
8343 4219 7
6004 1724 -11
6276 1876 -6
1668 6358 13
8767 5021 -3
2676 7562 7
749 4084 -10
2696 3645 3
8932 8135 16
2190 7425 3
3133 7839 1
5067 236 3
3356 5241 2
1231 244 -10
3124 5632 14
4907 5383 10
8608 3407 -17
6396 5058 3
6839 7135 12
2770 8916 15
4136 4726 4
1844 379 8
5476 9746 6
9871 9724 -16
167 4584 5
5337 3393 5
9013 4684 17
2592 809 19
4271 9619 -19
8609 2840 3
9430 7687 17
7339 7070 13
3796 4808 -18
7084 2754 8
9224 6683 -18
2638 3123 -19
4172 3368 -4
6420 4507 7
7513 8408 12
4978 5597 11
2946 3664 17
3819 959 3
8895 7964 15
8470 8926 16
8215 942 10
9774 1702 8
1522 5295 -13
7038 8094 -18
1655 8775 1
9214 8405 5
7596 1899 0
9775 8190 13
9602 23 -11
1129 5220 8
6257 463 1
3658 1206 7
1870 3730 -14
5537 336 15
8177 3538 -4
6792 4890 2
7965 5008 7
9600 2440 12
3620 6442 11
342 9702 -18
889 6126 -9
8307 7216 10
3598 6418 17
1784 8113 -3
6284 1536 6
3015 8269 -18
2897 7138 5
9160 3406 -8
8835 2655 -13
4262 2753 14
1935 3927 -2
836 8905 0
9031 8247 17
6925 5701 16
8576 6562 -20
7418 9974 -6
9823 8221 -12
2178 348 14
8917 4747 -20
7261 606 0
278 2002 2
8719 7172 8
6103 7046 -19
7571 5900 -1
9609 8853 4
6575 8431 -18
7024 8844 -4
2871 8312 9
6496 2958 5
8544 46 18
6060 271 9
9689 4631 3
681 1693 0
6878 7610 -8
2846 9579 -13
1054 2813 19
1092 5222 6
5801 5324 -18
442 3599 10
9041 5083 -12
235 1098 -9
7602 1582 7
6001 8731 1
7003 329 11
6128 7340 -11
6540 30 14
9431 4004 2
4838 5482 16
6921 9914 -8
7537 8167 10
9591 2450 7
2741 5394 -1
4667 6244 9
5891 2110 -11
8806 5986 2
2943 8968 -17
3535 1272 -16
4528 6806 2
3865 1929 -8
2407 8236 -11
4315 8618 -12
515 7953 -14
152 8440 0
4386 2733 -5
8633 5438 -18
1079 4893 9
7378 4574 13
2967 9383 7
1947 6365 2
7259 746 1
5042 9172 11
6547 5393 -6
9925 6269 7
4996 1959 -2
3254 58 7
8874 9203 -15
2962 5318 9
7966 9998 20
7654 6922 -8
403 135 -17
8849 4185 13
9607 8027 -5
9463 5241 -11
9156 535 15
3992 1003 15
9946 4446 15
3250 3711 14
9060 3564 -17
1472 8689 7
6287 5570 -9
6212 2459 -9
8718 503 -6
9688 5905 14
5418 2588 -2
1328 878 16
9399 6818 -8
420 3860 -9
10 191 -11
9777 4383 -2
7387 3358 -4
7298 9979 7
9436 1501 5
3734 6496 -7
811 7096 -12
6614 7220 -9
763 2559 18
1795 5645 -5
9994 280 -19
2950 8273 -8
9363 9137 -12
2974 7487 3
3563 5450 -2
5479 6317 18
5995 2414 -8
4546 6306 -2
8389 7798 5
5168 7628 -11
8260 9146 3
2398 629 -4
2430 6646 6
3808 4492 17
5854 6470 15
1981 6511 -9
5350 8458 18
4391 3846 2
9217 5808 -3
7391 3659 5
6718 3332 -5
8565 9861 -7
8333 1727 -5
3995 5986 -7
486 2009 19
5482 3644 10
8612 3287 0
2336 9655 -8
5260 9571 -4
1161 7020 17
2741 3581 -5
2284 1917 -10
8831 730 10
7486 9602 -14
4692 9097 -16
7681 2042 1
7514 1739 4
7584 7822 1
4085 7466 -9
8298 5816 -16
5427 2849 -18
1945 3399 -7
4419 5036 2
6987 4313 -15
4362 1934 3
448 1768 -13
9315 3558 19
5531 139 -15
1476 492 14
9662 5999 -3
5336 4457 15
5957 3585 6
6694 3414 -11
2582 9415 -14
574 6319 11
7136 6757 15
4267 8653 9
4404 2205 15
7304 9975 6
7428 7947 0
5285 6901 -3
197 80 14
973 7557 3
8337 7333 -5
9852 1507 10
6723 9277 19
9592 1478 14
4604 818 -20
3730 8533 -8
1510 3301 -17
8617 9947 4
6371 1986 -9
1247 8627 0
3542 9882 -14
318 5434 -16
366 7942 -8
3573 4196 -3
7686 7428 -6
1899 1642 1
5434 4639 2
2667 6129 9
4308 9504 -12
3242 1765 -20
690 9047 -15
3902 7881 10
6421 340 3
6154 3788 -7
8399 3732 19
9636 4640 0
6543 3598 11
6854 692 -20
8003 7136 10
2381 5480 -15
6033 7548 -17
3099 1934 3
6837 1595 -9
3479 5931 9
9943 3812 16
6280 7190 -9
2330 6515 5
7863 2564 7
1771 9386 -20
3086 4833 0
9594 9568 6
8440 2408 -8
2069 2104 9
57 6034 4
3867 8677 20
7902 4164 7
9303 9166 18
9954 7008 -3
5045 3123 -13
3245 6274 7
3685 2805 4
7121 5146 -19
2862 2200 -3
4398 1113 19
6770 5768 4
1279 6044 -17
7427 1985 -18
8497 5246 -5
8654 77 -11
7616 2526 0
256 6442 17
4361 3778 1
5297 4266 18
5796 7186 -20
8040 432 -3
1564 762 5
9659 6233 12
3552 3560 -18
393 2305 -12
1318 6695 -20
2252 2482 13
8535 825 9
2168 9997 7
9054 5046 -5
5185 8142 -6
6694 1256 8
2799 8777 -20
7227 3258 9
5424 6964 9
371 3817 7
6663 1911 -13
3115 4853 -20
5607 1532 5
8815 4627 20
1875 6047 19
900 9477 -1
5912 3969 1
9592 612 5
5581 6966 4
6188 2981 -8
1130 2294 4
6373 9904 9
8621 7479 -13
930 4201 4
8231 3815 -12
2514 6352 -10
7095 6712 -17
5835 420 -4
4814 4812 -12
6895 1363 -2
7671 1080 8
4539 3133 -14
8044 4973 -12
3289 3501 -5
5256 5333 -13
819 8737 17
9841 4713 19
3810 7440 19
1132 2426 17
7876 2633 19
169 4153 -9
6213 5302 20
3015 7827 -1
3162 8030 9
4742 9554 16
3360 3345 12
5447 1987 8
9503 9509 -2
1661 6800 -13
3771 8115 12
4236 3916 -15
1757 2364 19
4377 2015 8
6886 3437 -11
7244 6645 7
7310 7965 0
3354 9930 -16
5924 270 -7
8337 5324 8
5267 8272 -14
7971 7835 7
8977 157 7
767 5021 15
2402 3074 3
4569 2171 -11
6574 1495 6
8271 3884 7
1783 2789 -8
8351 4300 -2
79 8409 -9
8272 7798 7
6571 8214 7
7242 2434 -17
71 7907 19
6812 8758 0
978 8355 14
2630 346 13
8433 8728 -9
3918 9381 -10
1879 845 -16
3257 3370 11
8142 2799 -20
8888 3247 12
6371 7438 -4
8313 2499 6
5156 9072 13
999 8391 5
179 8220 -1
3825 1079 15
6079 2279 -12
3962 6827 -1
6458 9232 6
4105 7588 5
7754 9664 4
6052 4927 12
4506 3699 2
547 5016 -2
9817 8937 6
5915 5458 -16
5442 9862 4
3677 8356 -16
732 1853 -20
7315 3054 3
3054 2169 -19
5682 6123 20
7190 4958 0
4900 5530 -20
5935 347 8
257 9103 -9
3673 1441 8
2064 8482 -9
3315 3161 -7
4104 9835 2
4322 7884 -5
7668 7056 -7
7699 5633 11
7000 1515 18
3855 6445 6
2370 5735 -4
456 9280 1
6138 7095 -19
7795 8234 5
6102 8733 -15
4719 8566 -13
8944 8793 -10
6702 6293 -18
9909 3073 -10
1805 5217 13
5236 9653 -7
8697 8212 10
9829 8040 -3
8502 7012 5
1957 9066 0
5247 5306 5
3695 4308 -9
3413 1463 -8
5644 5129 4
5809 3624 -8
6904 3169 -20
5695 2551 18
6529 6410 -2
6963 1881 -14
9444 4216 2
1578 3177 0
5937 4547 -9
4677 161 4
7381 1071 -6
698 7405 3
4320 5305 1
4170 3507 -6
4869 7356 -7
6224 8873 2
2355 8961 20
1666 7414 11
9011 6609 -9
9876 5952 -11
213 817 -16
5553 960 2
8342 8303 -15
1678 8421 -12
898 104 -15
1557 4019 -10
655 9198 -10
9546 5114 16
5864 7443 -17
4446 8855 13
9209 7319 -19
477 3442 -1
8343 1819 2
5422 1308 5
8807 3569 -12
3237 7227 0
9197 5998 -11
6924 6294 -19
4734 5344 18
3138 9193 -5
4170 8597 11
1558 269 -17
5876 5272 14
4968 1923 1
1097 6824 19
9677 2858 -2
1584 5836 10
4542 1484 -14
8223 1575 -8
6149 9792 20
434 1950 3
8965 3571 4
1923 5608 -7
4400 515 10
5945 6253 7
871 5416 10
4046 5003 -20
5086 3170 16
974 818 -18
875 5034 -17
282 143 6
1399 8084 -12
4777 5927 6
2400 5862 -16
8646 4968 -20
9527 7223 -9
2651 1400 3
5087 709 8
3114 7605 -1
4676 7742 -14
3970 3248 -14
9819 8401 2
2656 6543 -1
716 5862 -4
5027 1249 -17
5678 4830 -12
3245 6424 14
6089 3005 -1
3816 3257 7
8998 7734 13
4651 6246 10
5923 250 20
2008 3630 17
7529 5786 -5
7249 3025 7
6446 1620 14
3566 7787 -1
3032 4991 7
5294 5621 2
3939 7879 -1
1237 2387 -7
3410 9576 18
4853 6143 18
3620 8687 17
6929 948 12
46 432 -19
8720 5967 15
9589 2817 -3
2011 7829 -2
2422 3294 -14
6520 9180 16
9899 5275 -17
6460 4404 3
8285 4590 13
7548 6560 -2
5119 6793 6
5720 7541 -4
1457 7936 -19
3204 7002 14
9754 7503 3
4894 3191 10
6918 6640 -1
6806 3978 7
4435 6803 14
6500 6624 2
4330 3502 -9
5025 7628 12
3354 8593 13
4865 4964 -6
4598 2956 4
3120 5845 5
2050 747 9
2972 1552 -6
2408 6708 11
176 3890 7
2195 4385 9
588 4014 3
1507 2060 20
1198 5765 -6
4587 2021 11
4819 5812 4
2621 8802 -5
7705 3549 8
3133 6112 -14
5268 5913 2
9155 7204 -3
7133 765 18
1784 702 -17
1579 5110 6
6656 8693 -20
7056 8018 8
9903 791 16
12 7718 -7
6612 5418 8
4074 9930 9
5291 8466 -17
9258 5797 -5
6587 4819 11
8530 9744 8
9137 2255 19
3181 7143 -2
5728 4309 13
9547 1712 -19
7344 2929 -14
3757 5928 12
1435 7835 -13
5815 2758 -13
1529 7083 16
5678 6817 6
6892 6715 -11
7199 9140 -2
6940 4412 -18
1178 3706 -20
6003 8672 -13
2642 8437 12
5638 487 -10
2325 174 11
1443 5580 -15
3425 803 -13
52 7235 8
9129 2931 5
7995 6414 4
3060 291 5
6377 3369 17
7432 6391 4
978 8865 -12
4849 5105 -3
3305 4385 4
62 5822 9
5317 2255 5
6980 6597 -1
86 2223 8
8786 9752 -20
8618 2930 9
6504 4535 -17
9717 1539 -11
5144 1479 8
2741 8511 -2
1770 1701 -3
999 6787 7
8328 6270 -14
1936 2573 -9
3689 1042 8
2686 3777 -6
4986 9992 19
4307 6771 10
9051 9222 -3
4549 810 -6
9989 6979 -5
118 2234 -12
1113 8895 -13
1857 9503 -18
198 1179 16
2133 4265 -1
1138 6936 19
1072 5775 14
975 6201 9
1643 7697 12
9255 295 -7
1765 8858 15
5287 2260 10
8628 7049 5
121 5498 -8
7940 9114 4
9683 3179 13
5114 8944 6
6691 768 11
9833 1811 -3
8775 3283 20
565 3663 2
9424 1656 -13
3173 837 18
1341 1300 5
6062 5624 0
7220 5958 17
4367 8159 -10
8281 2648 -10
2222 2487 2
2656 1255 1
5013 125 3
8428 4830 -8
7334 1218 -16
6178 8115 18
1143 4411 -14
2240 6173 2
887 701 10
5019 2260 -5
2411 4234 -18
4302 183 9
2885 7261 7
3666 5658 3
4263 9948 -9
4084 3227 19
7570 7006 15
1200 9730 -20
5758 8676 6
849 2270 3
1344 6447 20
1158 4674 -20
2228 7063 -15
8562 8284 -4
9989 3526 20
9985 2710 18
9675 6364 -13
4627 7757 20
1747 4840 16
9790 416 -15
3459 2212 8
5070 8869 -2
1758 2546 19
5703 7935 -15
3146 2395 7
2599 6691 8
6615 2649 9
1563 6540 -4
3784 2496 -13
1852 9825 18
2241 8118 -4
4172 7242 10
4257 7965 9
4145 8030 -13
1814 2892 1
339 2796 12
4061 5397 -10
7087 128 2
4795 5962 -20
3785 1162 -6
6311 2960 2
8673 8768 20
2217 2931 -4
1909 5487 -15
9085 6568 7
1882 7940 -4
8064 9671 -2
6368 5216 10
7278 8850 18
6988 624 20
4576 2412 -16
5273 3958 -16
5155 9493 20
6950 6495 -20
8205 2887 -13
4047 1955 3
6848 9594 -1
9454 6152 19
2542 2105 7
3881 2084 20
4903 6368 -15
4448 4659 -14
116 6908 -1
6644 8310 -11
5304 7359 -7
6280 6278 -20
7872 2911 6
4426 2618 0
7630 77 -8
3306 4776 3
933 8789 -20
5895 5781 -1
1923 2740 -8
4338 4007 -18
7474 415 -4
7884 704 17
2866 9993 18
8889 1884 -11
7281 8506 -11
3743 4171 -12
778 3054 -17
2776 5363 -1
532 7732 15
5163 8443 -2
9698 4969 4
241 4620 19
2758 2423 16
1633 272 19
7182 127 -4
8294 8366 -17
9673 7024 -19
3295 5136 -12
6030 3320 18
3439 8645 -18
5512 2275 18
7368 3542 6
3483 9043 -8
9302 5179 -20
5714 8453 14
7951 6533 -12
246 1262 -9
9084 5636 5
4325 7485 17
5015 2021 -10
5649 6656 17
4622 9410 -16
3531 6745 -7
3596 1343 -15
8121 1131 5
4797 2860 -18
8140 3080 -19
6779 5452 -6
1625 1118 8
5703 1338 10
2795 1553 -3
5806 7701 15
5506 1562 15
4508 2414 12
8822 9645 5
7963 6490 -14
5737 4979 -18
6808 1872 12
2914 6154 -19
3536 3743 2
7005 8919 17
81 6969 3
2661 306 -1
7445 5825 4
8190 4912 -14
4461 335 -2
3668 8714 -9
8108 9522 4
9930 2352 -9
4790 3569 -13
9859 8296 15
165 6619 4
8607 4165 -17
7346 1259 4
3483 9517 0
302 5217 18
902 6855 -9
7566 6112 -13
7477 1908 7
1240 6222 12
3245 3735 -16
8171 3581 6
1623 6140 -3
1258 5287 0
7307 5925 3
1514 1512 17
1145 8167 14
8613 5031 9
4084 6744 9
5367 2643 -9
7647 497 8
4601 3012 -7
496 9048 -16
820 5886 -5
4797 7344 18
747 1218 2
5407 3476 -5
2430 6140 -11
740 1785 -12
3675 9628 -10
146 3096 -12
2337 7236 16
2801 2777 8
4697 6946 -16
8949 8235 -8
3790 6682 -17
8786 5793 12
6686 2549 -16
6185 1562 7
6477 9336 -5
4511 7972 0
5967 3785 -5
2831 9072 1
262 6141 -7
1279 5776 -11
3904 2217 -17
8680 3020 -11
7909 827 -5
7186 4550 -17
5615 960 18
9760 1655 -20
5923 5021 2
7281 1573 -13
8097 3947 -18
9961 9081 10
5463 840 7
2659 2763 12
5657 4646 18
934 2266 13
8835 5343 -11
7678 5001 -17
8231 7765 15
4495 2737 -11
8434 816 5
2903 4787 9
8313 4251 12
580 5521 5
8538 5014 -14
7816 5389 -5
6784 2194 14
6304 5015 16
3750 5892 9
8197 5830 -8
4693 2994 -4
8628 7642 16
603 7054 3
1077 6559 7
7327 5422 20
913 4993 19
165 2502 18
9196 3974 -17
1059 7899 11
3443 7240 20
8673 9802 20
7674 1123 -12
8789 4269 -1
8086 3431 7
7439 5738 20
2435 5701 -17
149 668 -5
9176 1548 2
1267 1398 17
6443 132 -7
6432 1928 4
2035 6064 11
8029 3666 12
1099 8267 19
8520 3513 7
6583 9511 -18
1166 8611 -13
6262 7895 0
7228 7799 -13
3861 5954 17
7507 6354 1
3566 7709 0
8102 2803 6
8383 1200 -19
6617 7470 -1
8706 3696 12
5435 159 13
554 6993 -9
4735 792 -1
9222 7894 -16
1509 2901 -1
7840 9537 10
5400 2495 -7
1083 5697 17
7508 5321 20
1843 7187 -1
6675 6943 7
6941 3726 -17
9612 2293 -1
286 3170 -15
3859 4864 16
1920 9155 -7
1663 7701 -20
3029 8879 -4
5724 9880 19
4729 8004 18
4067 2623 -9
7521 3068 11
3409 2005 13
3038 2806 15
2647 8353 -13
3687 6831 20
2742 2944 7
1023 1946 18
3669 7218 -20
8200 1520 2
1857 7907 7
5202 8473 15
7947 3195 7
3508 2487 -7
5355 8855 17
8351 6650 11
3753 5459 11
5738 6480 -17
9732 1690 -6
4203 807 11
6057 1836 -1
1937 3572 -1
201 8156 -13
4836 9267 -1
2049 5527 -20
6546 4960 6
5577 722 -14
5535 2121 12
2341 9806 -6
8401 6995 16
2052 4386 4
6855 3750 16
9301 9494 -4
1687 6294 19
6275 2370 6
8375 8638 10
3635 6518 20
9999 8426 8
6105 5441 18
2723 139 -6
4559 2450 8
6642 9248 -5
4356 7893 -15
2272 6428 7
8090 7228 -4
9185 7669 -6
1136 2509 18
4167 9151 -8
914 7674 -1
5449 2565 4
281 7028 -16
9517 2099 -19
6944 2010 -13
7063 5558 18
5061 2674 -5
4712 6666 6
8968 7620 -1
2670 8289 15
4310 9300 15
4969 8152 11
1387 4614 11
9846 6703 -10
3708 5817 3
2284 1494 5
8725 3832 -6
1791 712 14
9194 1893 -19
1396 5427 14
9214 57 6
3881 4098 -18
6594 4786 -11
7561 9469 11
6937 5565 -12
6344 9133 19
538 7248 8
9138 7298 -5
8027 6592 -19
7511 7967 -15
5314 1254 -19
3153 8492 -18
6461 7569 -9
1911 4118 3
7245 6073 -18
7545 8818 -6
5641 8029 2
3909 5126 -14
7331 5264 -16
6136 8758 18
5971 6991 -14
7465 1179 -6
1705 8791 13
1033 9150 -3
3662 4858 -14
6919 222 4
6617 4763 -5
9123 7436 -1
1022 7929 -15
4861 1485 -20
1988 7429 -5
9472 6428 -10
2069 4568 -12
1250 7191 13
2872 7360 4
8934 4441 -9
3154 7129 6
5950 1127 -19
2491 4430 13
8389 8575 14
888 9620 13
7194 1311 -15
4020 5696 -4
3682 4822 -20
4320 6734 17
3584 6692 5
472 1641 -10
5131 9934 9
8980 8305 13
1117 1738 4
7363 585 -13
7321 1469 10
5049 3428 8
7070 7354 20
7333 7254 2
469 8363 -15
2554 2113 0
3888 2285 -2
3975 8044 12
8895 216 0
8145 8803 -9
9243 6819 -13
2574 8135 -18
4923 4081 15
7653 8334 -14
6999 2554 -18
9716 6763 16
5135 1019 11
5092 6015 -20
7324 1523 13
432 4768 -18
832 7056 10
5999 1126 -8
9443 3224 -13
2567 9538 5
5699 9511 -7
632 6169 -7
7110 7610 -4
9393 5267 0
9220 7107 -16
7167 7978 -8
7917 4206 15
4646 5569 -20
2147 119 1
98 62 9
3844 8521 -13
1940 1369 -3
1557 6925 3
2069 5772 9
556 9623 -7
3509 3471 17
4526 8082 -17
424 1797 -5
7796 8118 4
4855 3277 5
5156 3673 12
69 7276 13
5758 840 6
5342 7146 0
3099 4940 19
8882 4640 -10
5930 5664 -12
4207 9375 -10
8123 3269 -2
2480 9433 -12
3511 2800 0
9834 4116 -8
2783 1060 -10
2132 1652 1
5992 148 -8
7513 6455 7
9972 3597 9
3519 8461 -19
5403 7366 3
6156 166 -18
5869 8866 5
3908 6588 -15
4812 3379 -18
1737 7638 -15
8669 7687 11
1501 5178 13
5428 5640 7
8735 3748 -14
256 5220 11
1546 9055 7
2154 6933 -17
5812 4823 -20
2040 2021 -8
1875 3639 -18
9139 5447 8
3387 8710 -5
5219 2785 -2
5032 6521 12
9364 1066 18
3860 7604 1
2174 5957 2
9635 7857 3
2465 3436 16
153 8861 -19
8658 1866 12
6466 3089 4
7431 2475 -17
717 8598 -4
4090 9489 -17
3837 4991 19
8467 9173 -14
1512 1094 4
1084 3717 14
1599 8759 -4
4365 9220 -12
7107 615 2
7847 5866 -12
8547 4316 19
9753 9337 20
5789 1526 4
2455 7006 -16
1641 2416 19
7111 1993 0
9793 430 17
7147 5388 -12
2182 8626 -13
287 2521 -16
4392 8651 15
4636 2982 -9
3475 2506 14
6492 8346 -19
1722 1025 4
3281 477 8
5084 8643 -1
7512 4277 -2
3688 47 2
6305 6772 -19
4235 965 -6
1181 5804 -7
5285 5027 2
4159 987 17
4073 817 -7
7090 1686 -11
6835 2233 -14
5000 9 -17
7116 8255 16
1121 3265 5
8790 3859 4
4241 1164 -10
7893 3771 6
5460 2000 -15
1911 1076 -16
6791 4856 15
8260 8779 -7
7690 0 -11
4703 5636 -17
8121 4305 11
1789 8520 -18
9702 7202 10
7833 2381 2
9 8605 -4
1584 7552 -14
6513 4879 -15
4445 5239 10
3479 6944 16
6525 3921 7
6157 1898 -6
1325 5346 7
9911 1675 8
1832 3900 -7
2321 7427 20
1056 7878 -9
1211 9426 11
16 6725 -4
7356 9270 -9
1862 3785 -20
8372 4451 14
5656 4483 3
3740 6780 8
6489 2658 -17
4120 404 0
8012 8232 5
8258 6277 14
2968 3153 0
4471 6381 -7
2326 8491 -7
4610 2439 16
4787 3677 7
2247 209 -12
2193 1222 -17
1504 1412 -16
9849 6085 12
4428 867 -15
6880 548 -8
5084 9962 18
4319 7896 -5
3428 2596 -5
694 2704 -3
2443 8710 -9
9624 5112 -17
2552 2597 -10
5752 2249 -18
6864 8322 3
6043 8704 -5
3940 2817 -12
7206 6253 17
9798 4567 3
5596 1985 -7
5577 7029 13
7521 7201 20
6777 3852 6
4338 6343 0
4956 9035 17
8362 8367 12
7474 5685 3
8377 3812 8
9672 6477 11
323 3919 -15
9576 4057 9
5995 6640 4
9336 8801 -5
5413 2440 -2
253 3095 8
643 7987 -2
6165 9242 10
9932 5530 -8
3183 1262 3
5052 6417 -8
1054 7741 17
472 6071 3
8166 9166 16
8741 4759 -2
5648 734 -10
533 2359 8
4504 6355 10
7112 1341 -3
6150 1404 -9
3114 9896 11
3775 9318 2
9387 8914 -5
8198 9884 11
9558 7432 4
9139 6594 20
9961 7581 -11
2909 8569 -6
313 7841 -17
8539 7516 4
1728 8685 -4
6845 7030 -5
8028 2554 19
7955 8682 0
1358 3597 -19
7688 4546 -12
8811 9530 -1
9761 1749 -6
1056 5426 -5
5867 3530 -6
5834 6356 2
6232 7072 -9
7621 8222 14
526 8412 11
1410 9514 -6
4676 6318 15
4750 2853 17
372 893 1
4328 2556 15
1461 2529 -16
868 1734 -7
1612 1632 17
3090 2453 2
5253 251 -4
5246 5269 -15
5616 6846 -7
1576 8377 5
485 7414 3
7942 408 -17
3425 2424 -3
3093 2529 20
2502 6690 3
3909 8065 14
6786 2820 -18
2996 6208 -3
1584 3735 16
289 1981 -6
9916 372 -16
1355 8092 5
201 2592 -7
9270 287 -14
5927 3939 5
4523 9154 -13
6566 896 8
8732 2578 10
2353 4318 18
7658 6803 2
8379 9350 0
2162 512 -18
3355 4276 -1
2958 9012 8
7451 8784 5
1513 332 -1
9640 395 -17
5751 6364 -7
2270 3323 19
1909 566 4
6018 97 6
4962 6204 7
2921 4519 -4
2716 1116 -16
6812 2807 -10
1011 6493 12
4170 6694 -20
314 9698 9
2659 1433 5
7087 8233 -12
3413 2056 5
6643 1214 -19
8433 9670 -9
8165 5260 -9
9415 2469 -13
3954 8287 -19
9067 3164 -18
1111 7704 2
7261 2667 8
190 2575 -7
1744 5878 -2
6715 8013 17
522 7106 -6
1032 8563 9
223 6222 18
4930 6940 -14
5878 4441 10
1155 9335 -13
986 5002 13
4623 8484 -9
8294 8356 12
9091 5810 13
9511 1848 4
6848 245 -1
7781 1514 17
4 9174 -12
8015 819 4
271 213 5
7246 1272 -11
9483 5627 13
4965 325 7
2002 8633 -14
6886 5186 -14
9635 7370 -18
2747 7782 1
8305 3371 18
5140 4820 -8
3427 6211 -10
6038 5119 -15
6045 5856 1
910 1797 12
9196 837 6
9571 9902 18
8434 8299 -10
2652 5610 7
758 1139 8
6421 5911 -7
6846 8795 20
2987 5576 -20
7807 2722 15
5924 5096 -15
3448 1008 18
8818 664 -5
9110 3577 -12
4784 7771 -2
5204 128 7
3395 5652 -9
4117 8795 7
6970 7744 -8
4278 9888 -12
7362 5822 11
342 149 -5
5472 9701 -7
1149 9589 -6
1769 8531 13
5826 7910 -6
7299 5912 1
7169 5070 -4
5570 7625 13
1799 7125 16
5939 3943 -6
2151 9770 9
5653 8676 5
871 4330 -20
430 6044 -5
5768 7811 -10
6420 2541 8
2605 3150 8
7048 9526 -9
1299 1301 -2
6604 7840 7
5563 1474 3
8156 1347 14
102 2159 -16
9265 4802 -11
2071 1850 13
5083 8920 -20
7453 6974 -8
8072 6117 -13
7961 2574 20
6079 6022 -2
2325 2993 8
7902 3819 -6
4844 2023 -7
695 7632 2
2293 6304 7
7398 8277 10
5336 5202 9
1114 6848 7
8364 8022 7
6794 7598 -14
8566 7753 5
295 9078 -3
4614 8796 -9
798 3756 18
2199 4221 17
8594 1276 -18
2879 598 -7
346 3644 -1
4214 7779 13
4558 1190 -18
4615 6154 -13
9150 5788 18
1325 7779 1
1111 8802 -5
4346 7636 20
5994 4092 -8
4677 808 3
1495 4309 6
5705 4840 0
8519 7093 -20
9693 5099 -19
2808 884 20
7675 9839 -2
8308 2950 -9
2521 3719 -4
6604 6945 11
1665 5813 6
8030 892 -18
3622 3502 -9
2682 1142 6
5375 1392 -13
821 1549 -1
6523 7996 7
3689 4359 -7
4595 2902 -9
2589 4862 -18
9621 9144 -10
4513 8476 3
4558 4995 -10
2756 9898 18
3828 212 6
9371 2155 -13
7041 7464 5
9824 5214 14
7388 1968 -10
8540 6668 11
811 1041 8
5315 6495 -12
9447 6921 -12
5792 9887 9
8397 4394 11
5939 9466 2
1242 7838 12
576 1434 -19
2408 4806 16
2818 9762 -12
2724 9720 -16
8380 5858 -14
3757 8806 9
3772 6434 -17
9733 9621 14
1201 9268 11
5111 2585 2
5434 6653 -9
8685 124 5
2765 2846 -18
6827 1856 4
5834 9263 -18
1496 7843 -14
1756 7538 3
3819 2840 -2
7633 3230 0
6016 7852 -15
2049 7805 3
5846 3053 6
7099 3264 -9
7771 6181 10
1641 9587 18
2803 4147 20
5702 7471 -14
1475 5557 17
7025 2092 -7
3709 9339 11
593 7363 20
41 7378 5
9246 9924 16
3318 7605 -16
1054 1220 19
6593 5741 -3
2332 7457 -4
1538 6559 -4
3889 3750 -6
7978 5154 4
3195 6226 14
7483 389 20
924 9164 -17
6588 6217 13
4365 3376 -3
7663 2751 13
6418 7822 -16
6925 5768 3
6854 7076 18
9408 2546 4
7421 3334 15
5420 4420 15
3135 1596 0
8701 3014 -9
2055 3707 -14
9738 3763 0
4764 4715 14
4612 627 16
1867 3507 3
2677 9427 12
2117 9830 -1
3109 8085 -18
4311 6657 5
2805 8008 8
8281 9442 7
9141 7592 -16
1863 7569 6
4734 645 -4
6560 5032 10
8873 565 -16
8861 6991 -9
9348 9838 20
8752 995 1
5575 696 -20
2002 4163 -19
3127 9565 -16
1205 812 9
3396 1350 -1
9052 2273 -20
1663 6332 -8
1924 6219 -11
4230 4349 -18
570 3070 -13
5596 6042 12
2797 8967 -2
702 2082 -9
1737 4610 5
3153 8523 -5
6147 5829 -18
4920 3848 2
8236 1134 -20
8855 7682 0
8149 5484 19
2183 8420 0
1314 7331 7
4616 5085 -4
6149 8600 16
2628 649 14
3897 8006 9
8800 1676 1
7122 1079 11
6872 2536 3
2950 9576 6
9431 1454 15
2820 9799 -7
399 668 8
3177 3362 -10
3739 1170 5
6736 9428 -1
9049 3558 8
4967 7848 -16
6692 518 17
2442 6544 5
8407 2892 -19
9869 5468 10
9203 2810 8
3919 9936 -3
2471 8491 -14
3450 4114 15
63 1961 19
4868 9077 5
875 219 17
4774 5336 -17
9526 8254 -3
5009 1594 -15
5390 6270 17
5728 1750 2
3453 8258 9
1672 5303 -19
4375 3675 -14
3181 5898 -7
8497 915 -12
1549 7271 8
5011 7642 -7
6831 2731 5
8123 3204 8
6500 6148 -1
689 9023 19
4103 5514 -2
5853 1306 -18
6293 5106 12
4258 2247 -14
372 8914 17
4289 2936 13
5810 3547 15
5489 3640 20
7952 6208 18
6193 4247 -19
71 3247 -16
2218 3050 18
763 737 -11
3008 4552 -5
9050 5696 15
5257 1036 20
7972 9237 -2
2814 7075 -13
4318 1144 -16
629 2377 -10
7857 4312 -20
8974 8423 2
7746 2283 -7
580 7320 20
8366 343 -8
6969 4418 3
6659 4564 5
8722 6439 5
8338 9862 16
6600 1114 -11
7501 5405 1
2417 1397 -7
1374 408 -9
2257 3214 1
6592 7097 15
5123 7676 -8
7795 9730 13
3648 2703 -16
6879 9236 1
7903 5930 15
9794 3966 20
5361 8839 -20
4999 9985 0
1561 1075 -8
6891 7605 -3
5907 8554 -15
1633 4142 0
5521 7170 -15
8304 4842 16
7142 1683 8
5099 9950 6
3830 7234 -1
8972 4140 3
161 5625 17
9864 5182 -5
3178 3265 -4
3079 4577 9
3602 2167 4
9873 227 -17
5637 7818 12
1703 5805 7
9419 3545 17
8915 3433 -16
7271 707 20
919 7663 3
5690 2159 -11
6661 8916 6
4564 3735 4
7373 3467 -10
1388 6191 -15
8273 7533 12
9338 1905 -7
1864 3499 -3
5231 6830 -4
1163 4222 -10
9513 6388 -20
8323 8749 12
5687 7468 -11
1453 365 14
3956 3668 -16
7173 8059 -16
4 5616 0
3975 9455 -12
6396 3332 -8
8285 792 17
3590 4174 -3
1337 3253 -4
5272 466 0
7064 5684 -11
6088 3050 15
8605 5242 -13
1236 6081 -4
978 3444 3
9362 2180 4
7293 853 13
7405 9416 -5
9474 8349 -12
4828 4210 -3
8308 7552 0
4712 1671 -19
1921 6373 20
9198 9850 -17
6701 2418 11
5644 6785 -14
1831 9225 19
1304 2247 -19
3458 2186 -11
9159 2236 19
7423 9231 -12
8024 7652 -14
3058 4843 -13
3615 2543 9
3055 6821 -16
8309 3561 3
4335 3825 -7
1051 4474 2
4811 3320 -20
6895 3431 19
1912 3262 6
7748 500 -14
7038 2061 1
9195 204 16
11 118 -3
8665 4655 9
6643 1009 5
738 7072 8
7175 8830 20
879 3213 15
8912 7300 -17
8312 1528 -7
3198 147 -16
494 24 3
3606 5322 8
8905 7781 3
888 2236 -10
6806 9825 -2
348 668 -18
4873 4654 3
4531 5045 -15
8680 2228 2
310 4431 2
1858 2006 17
7296 344 -10
6661 5228 11
2679 7032 15
9958 939 -20
1826 8240 9
4796 9244 4
7799 4540 11
5504 2003 -5
3302 7501 20
6290 1458 -17
7682 3306 18
421 1940 8
3162 3701 19
5140 3850 6
9385 2456 14
9985 4000 -8
8414 3304 7
989 3060 17
643 5403 -2
6578 379 5
4123 7979 -3
3722 631 -20
3191 1884 -17
6504 8345 17
8549 6993 -4
377 5440 10
3396 5204 16
1103 341 8
3335 158 14
6813 4545 -2
6718 1416 -15
7220 5234 -5
4748 2185 13
6846 8587 5
1114 117 0
720 4681 10
4926 4860 0
6785 2242 11
6882 8244 18
8499 2920 -16
3514 8524 4
1783 9415 -14
2414 94 14
4546 4824 12
4749 3404 15
7985 2679 8
9666 4358 10
3491 9410 -6
2753 2549 -5
6366 2485 -12
246 6576 18
8098 3573 -20
917 5844 1
8539 2055 -7
4157 3258 -7
388 8730 0
9986 7201 -16
7633 7930 -16
7338 7168 20
2930 3072 9
1325 6850 3
2358 3849 5
3716 5199 15
3146 1444 13
2377 7358 14
1959 6432 -11
2258 7432 -12
6051 867 -4
7840 1884 9
2186 1815 12
3281 999 -10
5166 9185 12
1604 9585 18
9270 4019 11
7316 2808 -15
9470 9064 6
2486 7302 -16
6982 9489 1
5234 161 1
6243 3211 -2
4724 6058 10
5227 5487 -5
2745 6703 -2
985 2064 13
6222 8706 2
2474 8051 14
9319 6131 19
6156 974 16
2864 3682 6
4193 273 19
2470 3634 1
2099 6026 -14
7700 2487 -7
145 2075 1
2570 3902 18
1765 3906 -9
1159 8829 7
3470 3428 -18
3902 672 -5
858 6868 1
6570 1178 -8
6576 846 19
3410 9906 16
9571 6111 20
7217 8544 -18
729 1350 -4
6379 6943 -15
6675 9604 -5
7836 5841 -3
5284 2965 -15
2720 5822 9
9920 6246 10
813 1970 18
1223 4442 -11
1925 869 -8
408 5994 -14
6629 6064 13
9348 8465 8
1133 2393 9
4966 2407 -10
9187 6815 -16
3626 1060 -12
5866 8587 -4
558 9007 -8
1784 2908 -12
8631 6898 -11
9065 4210 13
4535 4036 16
8329 4749 0
8533 4278 13
6684 3450 1
4264 6495 -2
7726 170 -4
6970 119 -2
7520 778 20
5819 9727 -1
4398 509 -6
6609 962 -16
6268 4532 -3
7328 5816 2
7786 8312 14
2125 2291 1
5795 5691 11
2602 5059 -9
3805 2820 -10
8334 6640 -18
9117 435 14
9340 9452 -11
4664 2573 -9
7812 3572 7
9069 4537 -12
8694 9173 -17
3991 2152 8
3309 4876 5
4352 6978 16
6393 6680 -1
7495 8651 -4
5249 6379 16
9026 643 12
9277 8138 11
1074 6698 4
8669 9531 11
3541 6755 1
3234 1316 9
3457 9616 -15
1704 2566 -14
3967 5340 13
5606 2367 12
5485 1260 -8
6154 5512 -3
6305 975 10
9642 8241 -16
1183 1697 -14
9406 8992 -8
2279 4696 5
2257 6816 -19
8987 4245 -9
2674 9941 9
4938 5102 4
7915 76 -14
4862 5328 9
4932 5222 -5
4468 8780 -16
8365 6034 1
5894 3773 2
7460 7497 -16
3173 8021 6
6694 7710 17
7992 7282 15
5907 6091 3
398 5536 9
163 565 20
9181 4845 6
3576 3774 16
8645 7096 -18
9511 5553 13
1583 159 -7
2715 8542 -11
8675 1622 10
5351 8617 0
9688 6963 -3
7480 3721 4
3320 7486 5
3969 8241 14
1866 6196 15
4584 3364 7
3367 9816 -15
2568 7794 12
6279 1053 13
9753 9148 -5
1408 1045 -4
276 735 2
5166 4986 9
1088 949 -16
3785 2110 -11
6350 1639 7
814 4727 -5
4013 7549 -17
2505 1125 -8
2949 6161 -2
7598 218 -4
6124 782 2
8746 8787 2
6268 4130 -5
7430 5262 -10
6777 5381 8
5162 1206 -2
8989 8901 -18
9713 7646 1
2132 9369 0
7863 9337 8
2795 3357 -1
6508 9865 -14
6843 6593 -17
3929 379 1
1131 1727 17
9604 7346 14
610 2880 -16
8604 3185 -1
919 989 8
9035 4728 -9
9403 2538 19
1556 8477 -16
661 3437 9
6760 7648 -15
9949 6330 -16
2765 1947 -6
8003 2319 -15
6336 8548 8
8533 7798 9
2459 8014 5
2781 9796 -10
1927 5440 16
5702 729 -14
2915 4742 12
7108 68 11
1249 3362 -8
5639 8789 5
9485 9542 1
8814 4215 11
3351 5989 -18
945 8273 -1
6306 3113 13
7438 5347 -13
3442 8509 -9
4892 9656 -4
1172 7604 -16
3260 2613 4
5871 3244 16
1058 1505 3
6998 6362 6
6656 7277 -7
9060 4785 -4
3185 1447 15
7219 921 -10
1175 1111 8
8996 2184 5
4554 157 -17
1963 6764 -2
2187 8042 -17
3157 9472 11
7299 9037 -3
366 4277 2
6986 8044 -6
2583 8687 -4
267 3818 -14
3730 419 8
74 1344 8
6034 7744 -15
3210 5495 19
2853 1567 0
9195 2687 18
4695 2850 12
1009 2225 -18
3211 2297 -20
593 3872 -11
8434 1509 10
1474 1889 12
6000 2597 8
7742 2037 -5
1658 6258 9
2991 7356 -18
6342 1986 11
3779 5165 -14
9889 9774 13
6462 4425 -11
313 2115 20
8987 5324 12
1914 2018 -18
6606 7474 -11
3086 6707 10
3878 2197 -2
857 7390 0
6738 9015 13
1835 8239 2
5634 6807 5
226 904 3
3997 3195 20
3933 8503 -6
3515 8416 19
9394 6152 -19
8078 8429 -1
6468 2594 -9
6109 378 -14
8366 9050 -5
3177 2941 12
603 83 14
8084 9460 3
9159 2060 -4
5462 7130 -5
1850 9477 -20
104 8497 14
7965 7647 8
962 9350 20
9693 2755 -8
1497 1198 -15
2310 2637 13
6997 8435 -19
6253 2032 15
4872 9054 -1
4310 3489 -8
415 5156 11
2968 8429 -20
9207 3166 9
6327 8710 1
2497 6103 -10
4748 8896 -10
1556 2864 -14
7638 5029 -20
6266 1610 -10
727 3377 9
6773 9034 -19
5608 7025 10
4825 9340 8
3392 883 0
4609 6893 2
6913 9225 -3
488 860 19
2839 7940 7
3749 9984 -17
8957 5694 18
1179 1503 -7
4907 7105 -15
7435 2574 20
1144 1657 9
7359 7829 -20
1162 5620 -11
5120 9606 -7
695 4506 11
8255 3067 20
1296 8924 0
2079 2021 17
5430 4204 -8
2054 8849 6
7366 154 13
9982 9127 2
8382 6803 13
6824 6845 -8
2617 3362 8
2893 8573 16
7491 5202 2
3831 7135 -13
6050 231 18
7688 412 11
8866 4103 -1
7030 4359 -7
6794 3158 20
1571 7261 -3
9211 4143 -6
7485 9944 -9
6895 7430 10
3571 6827 -13
5337 1308 -3
9759 8030 -5
7569 184 -4
250 2789 18
6985 4361 -12
541 8030 5
8446 1139 -5
615 1530 -13
6920 3470 16
5886 5850 11
781 270 -20
2154 1649 -12
5308 1471 7
8339 2569 -12
8448 8685 3
4533 3197 12
829 5209 16
5371 318 -17
5322 7334 0
5082 3707 18
9823 711 -20
9463 5648 -11
6747 8173 0
5452 3534 19
5947 740 -10
8235 3639 -14
4187 9356 5
5421 2572 17
1102 1685 -16
9353 3599 -18
2626 1965 7
6834 6880 14
6591 6778 -16
2748 5226 18
9875 1927 -16
7189 5870 10
1786 9567 13
1517 3170 -16
6859 824 -4
1786 9301 -20
4764 1192 -6
871 4604 -5
7095 3294 20
9918 5643 11
31 1492 2
5540 7521 -20
3037 2399 4
5716 8399 10
7428 9404 -11
4817 9699 14
1735 8700 -17
7132 3853 8
3911 2969 -12
6733 1867 8
7599 1516 15
6401 3394 -8
1955 7517 17
2427 5135 -14
3933 6745 -18
5530 2435 -10
3370 2511 -12
2012 7513 -13
8091 5283 4
2661 159 12
4037 8915 -1
6996 9575 -3
7397 4397 1
316 4536 -5
3571 465 -20
8884 4399 13
1219 7401 2
1406 4303 18
156 5461 14
7058 6830 12
2897 6085 10
2969 1825 -3
6501 9206 16
1118 6675 -3
4385 1823 -1
4813 8364 3
5286 4259 -10
8960 6202 -14
4362 2093 14
5046 3588 20
6925 640 4
2757 5115 4
9380 5513 8
6265 7675 19
7327 6663 13
8813 783 -12
9729 1979 10
3079 4138 -4
4346 3072 16
258 5143 -9
825 8466 15
2375 1134 -14
7158 1775 -11
4257 8658 -7
3430 2731 7
4285 3026 12
7126 2870 15
6455 4306 8
8406 9884 17
2110 2777 0
2 9318 10
7866 7857 -4
630 2606 8
4357 6971 0
9198 3032 1
7646 2725 2
5599 1528 -18
3958 5402 -6
5483 6176 -10
710 8877 -12
8681 4133 -4
960 7893 -5
3924 3294 -16
8910 3344 6
5962 5477 -15
2147 79 10
5722 1026 11
7829 4193 10
824 3427 1
9401 4034 9
2792 4145 20
504 2788 -2
9088 3216 3
8811 2686 15
4166 4593 -10
7859 4825 3
3764 8780 -14
4761 5033 -19
3955 4779 3
4395 7459 -10
4143 9590 16
5179 3018 -11
7694 1422 18
7030 1442 4
4614 1628 -10
2436 188 19
7707 4641 -11
2285 6926 -1
8005 6585 -18
4136 9928 0
3380 9914 17
4600 8963 6
4326 1885 14
3467 9362 -1
3150 8445 14
7042 3843 -5
6312 6892 -15
9561 8850 -8
82 9578 -2
150 9375 8
6934 3236 -4
2551 4973 20
2910 8221 6
5105 496 -19
1909 7211 -11
8800 6355 -8
4782 8953 14
7044 5938 3
1957 497 -19
9910 2148 7
4279 3284 -16
7701 5549 13
2755 9786 7
9491 5387 6
4777 9413 -10
8879 8779 -3
5411 130 8
4336 8341 9
757 2783 -20
8265 5188 13
7437 8594 0
8067 18 -4
5743 8265 -6
7965 8276 10
2796 7520 0
6339 7205 -5
7545 2111 18
3366 3286 18
3228 2721 19
9235 444 19
612 7981 10
8803 596 -14
402 7060 4
4424 5866 -18
3398 1021 -4
3995 2294 3
8707 8418 -12
5816 6436 8
7192 3909 -19
6359 2277 -1
823 6515 -8
4208 5194 -20
2871 6462 7
4981 500 -19
7992 1500 15
2722 5627 19
6475 4005 -5
984 8019 10
4493 7280 11
4274 6820 16
8249 2881 17
3768 2397 2
7851 3389 11
2594 5281 10
200 2218 13
473 7850 1
7644 8709 17
137 2532 2
9666 2782 -13
1113 6608 3
1930 4168 1
5350 7857 6
8141 4068 -11
7927 8033 -1
8182 6240 1
6848 4364 7
9988 2779 10
2855 1370 -4
1443 5209 10
3127 9915 4
9739 2268 -12
4005 9507 -11
2861 7642 -1
1991 9183 -4
2862 4491 -7
8710 4579 17
1593 6372 -1
7774 2439 17
4391 1038 19
4855 5938 5
2505 2046 18
463 9355 -20
9462 3644 17
7549 3622 7
7704 4049 -7
343 7762 -4
1714 9710 -17
432 9072 -16
4040 7324 -11
8689 9068 0
1557 4527 13
6553 4092 18
30 4344 -3
4405 8951 16
8358 5040 -1
5090 1511 -15
9044 1812 -16
3314 1829 -18
8164 4889 0
49 1190 -16
2729 3818 -18
5968 8526 14
8146 1720 2
2744 2614 -6
4046 706 0
9508 8112 0
5419 615 -15
5759 692 -4
1798 4301 -10
6120 9145 12
65 1499 8
8948 6234 9
2979 126 5
9842 4882 12
5331 1425 9
8186 2072 20
7540 5047 -20
8972 649 -5
2193 7580 -4
4548 6964 -4
5958 4881 -18
9335 9847 -16
1960 7446 15
1071 610 -20
3708 3078 7
6347 5384 18
3103 3718 10
2196 5307 19
6242 3968 4
33 986 17
8878 5591 19
9029 9023 -1
2701 7048 -10
3067 8692 12
2615 1796 -20
3149 749 -3
4720 4672 16
3712 5330 2
4415 6322 15
7061 1122 -20
352 2321 -17
4139 2600 12
4338 4930 -11
1782 7808 -2
5471 9443 18
8526 902 9
2439 2336 -3
8107 8194 -3
7112 1475 12
2823 3313 14
2184 3458 9
676 3529 3
4289 1844 -18
950 4991 -1
2359 337 6
686 4557 19
3600 2234 -7
4152 7407 12
6515 3658 -15
8964 4789 4
9132 1093 -19
8551 5677 -13
8918 3887 19
936 4769 10
1144 2252 12
3626 5471 8
5205 8966 -4
3029 8263 7
8405 7056 10
3093 3769 -15
7752 4792 -9
3023 5419 18
8917 5240 7
6556 9243 -13
3695 7322 0
5477 3378 18
6167 2074 -19
2602 2525 -11
9832 5541 -9
4764 8009 -19
1743 6361 6
5682 7382 -3
4929 5818 -19
8556 3364 -6
9203 3814 2
8016 7009 0
3407 2757 -19
4396 1780 -8
4490 633 -5
1489 4554 1
3692 7144 3
5229 7079 -12
9447 3970 -3
972 651 10
9801 8575 12
523 9870 16
7494 8929 -8
4441 5080 -17
8398 5071 5
2772 9068 -9
6417 2475 20
2804 6291 5
9439 7215 14
1906 2430 -17
6630 7333 10
9789 6828 5
3899 3322 0
7848 2039 -12
2299 2166 12
4650 2721 6
2510 7041 0
6556 9487 -1
2509 6882 5
5004 8660 7
5020 3406 15
1142 4824 -13
7259 9628 19
8767 8662 4
40 8139 -1
2742 3135 -12
1164 2407 -13
40 6116 3
9522 2540 7
5964 2639 17
15 4761 12
6779 392 14
194 5807 -2
2528 6784 3
2375 5173 -3
5233 9121 -10
8876 6327 6
5584 9238 -17
4698 7033 19
8256 7216 -17
3439 4751 14
2238 5678 16
9546 6482 6
8202 2823 18
1367 8947 -16
9385 7873 -19
6294 431 3
6245 2443 -14
4413 4243 20
9901 9939 13
4760 1684 -4
313 9080 -17
1714 6769 16
7384 4399 12
4080 3739 -19
7106 1827 -12
4172 714 16
4841 9831 3
9853 6434 -11
5074 303 -20
4816 3997 -19
7759 4397 3
2855 4086 -11
1881 9170 -9
4803 2470 10
7928 6775 1
4265 471 -18
7524 6516 -7
753 6870 17
7161 247 10
8597 4742 15
9238 9472 16
5728 8490 -16
5406 421 -7
7628 8537 10
3878 8127 14
6304 6517 -14
3274 7790 1
582 6925 10
3886 160 17
8797 1102 -4
2765 6197 17
4177 5817 -19
2975 4817 19
1392 4318 8
7589 2120 19
4316 2311 1
8298 5411 16
9986 9617 9
7403 4961 -7
6204 7072 7
8103 2983 13
991 4174 10
4350 6623 -7
3544 1389 -16
6129 1440 -9
4064 484 0
8795 2376 20
7382 3165 10
7417 5820 19
5358 656 12
9609 608 10
1958 7749 -2
1961 9272 20
6376 1577 17
2653 5800 9
7040 7893 16
2129 1858 -20
4614 6170 6
5268 4908 5
9121 2077 9
9106 220 18
7154 3806 7
8499 3644 14
1781 6722 -4
4407 2842 4
1811 9216 -19
5980 3774 2
6424 640 1
8104 8363 14
8966 3503 -4
6402 3314 -11
8120 7421 -18
2184 6131 17
3180 2509 7
5575 4778 13
8403 7703 8
6054 8145 15
1883 7178 -6
4459 4968 20
1250 1554 -9
8141 8379 -17
6209 3079 9
1026 9817 -20
3332 3557 12
9811 5932 7
1856 4137 8
2513 8445 -1
5412 4714 -20
7966 4135 12
7063 3682 12
4465 8224 -14
9715 8074 -18
7519 5396 15
1096 9587 -18
4169 7257 15
7610 4405 13
8386 579 -13
1979 3850 7
7372 2533 -20
1350 3069 16
7718 8439 1
8609 3762 13
1269 1671 -5
4429 1256 -20
8979 9153 15
9060 5861 18
6970 2622 -6
3572 9207 8
1374 8591 0
7661 9279 -13
4995 5375 16
8433 5615 13
6071 8848 -18
1403 1741 8
4624 3049 18
3505 1087 0
8519 2331 -8
2259 5244 -18
361 5827 11
2712 7276 11
7731 8943 -2
5486 4547 10
137 7905 19
1272 7566 20
9996 5121 -11
1012 2352 14
1929 1553 -12
7741 4068 15
3331 5344 -20
9732 2452 -6
9756 9937 9
5316 8089 -10
3325 2896 -18
5088 2803 -17
6259 4683 13
5151 1034 19
4573 7910 -18
5404 7171 -8
9520 8199 -16
4524 8446 -6
7213 9300 -4
7017 5175 3
1487 7833 7
5062 1549 7
9325 6167 -14
9752 9767 -1
1756 840 8
3816 6018 -7
1039 7886 1
4859 5531 -17
3988 3063 -8
1736 220 -4
9320 6793 -9
3961 2268 -14
6992 5697 -18
4050 2143 10
595 2321 13
6799 6232 -9
4501 37 1
3428 612 -13
5096 9382 5
5000 756 10
2568 4524 -15
9830 772 16
8946 1072 -7
9854 3297 19
9415 6366 4
4475 4103 -12
6885 252 -4
3003 6761 2
7972 5922 -16
3648 5518 -7
7504 7942 16
78 2211 0
6430 9638 -1
2070 8372 12
3119 5080 17
135 1733 20
2026 1014 -11
3966 4442 0
9336 8275 7
1373 8606 3
6819 7893 6
8583 1955 1
6713 7097 -12
4568 9719 -11
2831 3887 5
4911 2295 9
9112 8435 9
259 5492 -17
4431 9878 -7
3897 8600 17
9627 475 17
6058 4191 -5
2259 4384 -10
5569 8712 15
3985 9203 6
8691 7292 2
8153 3292 4
706 2346 -5
6791 7101 16
5452 16 -18
4275 7242 -7
594 6864 -12
8737 9512 2
4807 7985 -19
8866 6292 -12
7074 2481 14
4458 2617 8
1284 7207 -6
2512 6121 -20
8556 7475 20
5878 471 17
1008 7781 11
9079 1339 16
3133 5095 3
9990 4008 10
1257 9468 -8
7188 1714 -2
3284 5490 13
4509 1600 3
4593 9904 13
677 4325 2
3577 3289 14
1590 3091 4
57 2209 -12
3317 7496 -13
274 26 -3
4898 8452 3
2100 1445 11
7183 5449 18
1040 5264 10
5025 6751 19
5419 1537 13
8580 1539 -10
5286 3342 9
2627 8219 -16
9689 8116 6
2173 9527 -19
923 8370 -15
1676 5879 8
8468 3385 0
3772 3441 4
498 2543 12
1583 7660 -16
317 8905 19
1697 6359 14
9103 8294 -13
7959 3830 -7
890 9565 10
4206 5946 -18
7149 609 -20
8965 2906 -11
9305 7490 -14
1818 9379 16
8487 5716 20
3322 4005 -18
6623 8709 -5
2699 5434 -16
8333 3735 -16
6501 3824 -16
9940 6778 10
6296 6310 11
1692 481 -12
5085 3151 20
7839 3426 -13
2110 2715 -1
3695 668 -8
7086 2622 -13
7931 7887 -19
6258 8477 1
4476 1429 12
4518 5268 -9
3785 4997 0
5990 2583 2
7751 621 2
2168 4434 5
9752 8403 3
7498 4033 -1
9437 6682 14
1071 1310 5
4648 3302 0
7467 6563 -8
7639 6885 -2
2547 5513 -9
3795 2192 6
5905 5670 18
6439 5531 -12
8836 4909 6
2254 895 -9
9502 1711 1
9504 683 3
4559 7432 19
9560 7783 -18
3718 6409 -15
6434 6958 -2
8462 6541 -8
6460 1028 -6
9773 3860 11
9007 6728 -8
7528 7925 -16
5431 34 18
7134 3069 20
336 6026 18
233 3533 -6
7507 7604 3
3269 4000 8
4467 5474 -6
2060 1868 -9
2548 7046 20
50 3126 -2
394 7917 -14
9726 9593 -9
1413 7403 -15
1409 1886 4
4221 4333 -14
6370 3010 -8
9397 101 -15
5057 3816 -6
4099 7461 -14
1924 9539 9
3718 5346 -1
5533 7137 6
7673 2696 9
5505 9264 19
8157 2735 10
1138 1834 -9
1232 9007 4
1199 9811 9
8709 5436 -11
2157 5748 -4
8143 2163 -17
9539 9180 18
54 5581 11
8380 4569 -4
7456 652 1
6752 5521 -14
4541 3966 16
6226 5346 3
1241 6402 -3
783 1316 4
9692 2658 8
6212 4069 18
5359 2863 -16
2853 3242 -9
4378 8260 18
6868 8103 14
9712 704 19
8153 7576 -18
3629 5760 -16
2003 9940 -4
2714 7762 15
5173 9389 10
102 8516 -13
1159 4491 -19
3948 3233 4
9002 8914 13
9553 7019 1
6113 6726 18
6687 733 -2
3955 8100 -13
4324 9360 -1
8759 8543 1
4366 2902 12
3599 762 7
7799 2914 -4
8045 5465 7
8265 2657 -7
7978 8702 18
6673 3081 -2
2688 2147 10
2169 1718 12
9988 2450 7
5060 8117 -17
7298 2872 17
3088 2330 14
3595 1506 -7
194 8500 -20
9480 6925 7
4267 965 -16
2558 8515 -20
3629 5959 19
3408 7534 -17
7791 717 2
9781 3578 -19
888 8062 -17
3423 6131 3
6504 5094 -8
2272 6790 -10
1982 8926 16
9922 6775 -18
3935 769 -11
1600 1980 10
8093 7855 16
3737 1479 -11
7459 3194 -16
4730 3237 -3
5923 615 -12
6225 5678 0
5161 9817 -2
7827 8316 11
8905 4621 -2
3949 4270 -16
7280 2717 3
828 2316 3
376 5884 -16
8617 1212 4
6659 1621 2
5090 48 17
4371 9543 15
4650 4701 -20
2049 5744 20
6378 6629 -11
1192 5380 -13
2658 1099 -5
2135 7508 -8
106 7954 3
8604 267 10
4985 404 4
7132 6366 -19
9301 6786 13
8375 6727 5
4342 790 7
7019 8777 -11
6658 6226 -17
8274 8730 19
8137 1663 -2
5140 6044 10
8324 5313 -5
8449 8381 -16
6593 1461 11
4994 264 -13
6077 2766 1
2073 7357 5
4468 1234 9
2150 1609 16
1311 1051 -7
7728 5738 13
4408 5849 13
3107 500 -10
2660 4217 14
307 9160 6
7123 395 -9
296 6883 -2
1926 8726 -7
5903 4032 -20
7812 2345 6
5847 6594 -15
2507 8168 12
4985 4464 18
1123 8145 -8
8981 8917 -19
7973 7539 -17
6679 6700 -11
7031 8281 9
9344 1164 5
8683 8717 -20
7610 2026 -7
2777 6132 -5
7892 3859 9
4964 1126 16
8167 5995 -5
4203 1068 -3
4504 9190 -7
1096 3003 -1
3639 2731 19
8484 1044 -1
7452 7362 -5
7383 5284 13
8817 8314 -1
5352 8270 -1
6980 4200 -9
9494 2439 18
9213 6064 11
7770 9053 9
1311 2999 -17
1537 854 16
1875 9907 -6
5369 5645 -18
5116 1543 5
5343 1804 4
5082 8475 -4
3304 4912 16
7966 1941 19
7471 3767 7
9434 7013 13
5094 2235 4
9683 7995 -12
3179 4571 20
4792 1411 -15
8396 2872 7
8958 4484 3
5734 788 -15
9506 2178 17
4770 8257 10
3629 7557 -16
8507 4298 -16
8476 6993 2
3685 2848 -16
308 5160 1
5351 5813 17
8007 136 -7
6145 3121 -16
7807 3841 -11
8742 2712 18
3889 4136 14
9204 3709 10
5678 764 8
3499 7153 20
957 9311 12
3722 1157 1
7023 3242 1
9868 9449 11
7986 8744 -13
7581 7136 4
1663 8549 -3
8342 3007 12
3476 4090 9
4663 5806 8
8050 9935 -15
8189 7552 18
9279 674 12
2488 4784 -19
8304 6931 -3
7270 7718 -9
782 496 17
3598 5929 -16
4168 4732 -2
6911 3280 -6
6514 1629 9
7996 5143 5
9361 8875 7
2142 8991 -5
4436 3942 9
476 2825 -10
589 5594 20
5704 3571 -4
6929 7185 2
2601 5204 -14
4187 7001 20
2234 3533 0
1198 4133 -2
8947 1606 9
6784 6901 14
9285 9277 15
9603 3987 6
214 2824 -9
9594 6162 6
9502 3410 9
1914 9604 -15
7006 2642 -5
650 8003 2
9909 4852 -18
2085 5783 -12
4939 5546 -5
5656 4759 -11
7696 6200 13
8172 1176 -18
7004 133 -19
7804 7431 15
1197 1331 -14
7839 7508 -4
882 6659 -13
4137 7550 -19
8075 624 -1
5839 1939 17
6663 1214 -2
484 3001 12
1149 9266 -13
4876 2128 3
821 1870 -11
127 5925 9
8106 4718 6
4100 7197 -10
2410 2916 -4
4327 7970 20
8016 1619 3
5430 7157 17
1010 2730 -11
7585 669 -7
5436 4522 -7
8531 685 -12
7224 2847 -2
3825 2388 -5
7873 8727 -4
317 9650 11
2093 7959 -8
8491 9301 0
7568 8117 1
9385 5359 -6
7328 4358 7
2693 2038 -16
7995 4621 13
6076 8274 -19
5589 3505 -14
849 1555 16
1506 2588 -20
4145 2740 -4
5470 9628 19
4275 3393 -8
3940 6549 16
6672 7722 17
7016 3236 -14
9530 4895 -10
785 7412 -19
9425 7203 16
8485 8948 19
6656 3680 -10
8459 9884 15
2309 5463 -15
4940 6948 13
1987 7106 15
3474 7676 6
5419 4125 -18
4152 9894 -9
5151 8498 14
4659 7053 -16
8022 9610 11
6803 4527 -14
6769 4703 20
3193 6935 -8
9059 3358 -18
963 894 -8
7599 81 -6
9376 1905 -20
8008 3767 -15
8806 7540 18
7068 2183 12
4299 6021 20
4448 9253 -3
3376 9603 -13
2997 47 7
6034 3539 -2
1857 1518 1
6743 5941 0
1689 2584 -5
6771 8398 20
8038 2812 18
3595 778 -10
7008 732 6
8745 5803 -8
8053 823 -19
2390 7874 -9
4592 7942 -4
7616 5264 -18
8517 3564 16
6613 9388 10
2890 3954 8
8366 7721 20
1762 3283 12
8141 3410 -8
3160 7062 10
926 7015 -19
5371 8365 4
3435 4414 13
133 3948 -18
8600 8840 -8
3170 4431 6
6493 922 -8
775 2202 15
6962 8118 16
5535 8064 -13
6211 8154 -1
2539 2981 1
406 8295 10
9323 9215 -10
2915 5788 12
3961 7907 18
4934 9318 -5
4067 6812 0
1094 1262 -1
3712 682 -6
7966 8661 -19
619 5081 -10
6823 7684 -16
9933 9952 5
6345 322 4
3988 8945 16
1545 3295 18
4601 7599 5
3775 4885 7
9323 6694 -17
4580 8131 -7
267 4294 7
6588 3813 -14
4957 4728 -1
8165 8901 15
3593 8035 -1
1050 7433 -4
9349 1070 17
1243 7922 -15
7701 6419 9
3478 6719 19
3866 6447 10
5787 6862 -13
6745 3371 7
4006 6309 -14
3293 7324 -9
8455 4001 6
7026 3151 -7
3747 4771 0
9782 3748 -11
3269 3427 -18
1648 2163 -20
4623 152 -9
6037 9667 -17
364 3780 5
5833 5831 20
9082 5979 16
3584 2774 7
9827 717 -10
4650 5711 20
3073 3997 -11
510 8934 0
745 922 8
9393 5428 17
9515 1665 15
3637 8870 2
5114 9190 12
4465 2768 10
6452 1823 12
4445 601 4
4356 9246 -9
4286 7607 19
9735 9180 -10
9598 5002 15
4391 5196 2
5678 8179 4
1921 5712 13
6593 8303 -1
5136 241 -4
8889 8459 4
1198 8546 -20
4184 4497 -17
1093 7112 -4
8714 8741 -16
2650 8343 14
33 6071 -9
5402 7843 -1
7143 145 6
5668 9546 9
9101 8543 6
7415 1784 -17
5764 4996 0
659 7999 11
7996 5221 5
706 2162 16
9952 6890 8
4363 2762 12
2931 7878 14
3498 5102 19
6295 5574 -9
2548 5337 3
3014 4770 6
6001 7359 -9
5965 5601 -4
9509 1225 16
4963 1927 -19
413 9064 -8
750 3930 18
8174 9675 4
1290 6728 -7
4388 4854 5
1804 8330 16
2553 1417 -7
7576 2841 19
584 3513 -20
7022 7805 -1
2560 1664 -2
40 6646 15
8976 4778 12
6882 8429 -2
273 5637 -5
4057 7173 -4
6720 6357 -11
1691 3621 11
1845 998 1
1480 3389 -7
1921 9143 -12
4986 7987 -16
9391 8274 5
4643 8969 -12
3374 9247 -10
3562 6519 11
1453 2545 -4
4838 7656 -11
98 527 16
5052 9918 -19
9395 886 -10
601 8286 15
9430 632 -14
6219 5489 -20
3692 1226 11
5728 9876 -6
5724 2428 -13
8392 4127 2
5569 5616 1
1592 5711 -12
7122 8675 -4
9735 5558 8
9346 2247 -5
248 7704 -14
7221 65 16
7010 8247 -17
9506 8596 -13
5748 4228 -11
9293 2023 -15
1311 7645 -5
1509 9361 2
3904 2769 14
8755 5461 3
404 1403 -20
2874 6215 -19
6845 1155 3
199 2889 16
1079 2204 -7
9330 2415 19
3111 4443 18
2217 9833 3
1911 8433 -15
6505 8894 -15
3282 3743 -16
5329 4749 3
9124 2164 19
5028 1769 -15
6665 5161 3
6652 919 13
3369 4337 19
6332 8781 8
7044 9141 -13
8582 4272 9
3716 1765 -6
590 7703 10
9522 6327 -13
9531 8625 -14
4876 1537 -1
3686 3567 -14
2277 7244 14
5912 8145 19
9686 3899 -16
2017 8532 13
1537 5240 11
5219 8100 7
9434 9518 -3
3749 8192 15
9162 7946 12
4186 1407 -12
8 882 -13
5149 6360 19
4999 688 19
6381 9591 -9
3927 9496 2
4918 1667 -18
9553 2107 3
8575 27 -13
7357 3594 2
7418 8257 -12
5449 6370 -1
2259 2880 -15
9141 8108 11
1748 8170 14
9464 5220 -6
539 1851 14
9677 6492 20
3261 9143 -8
5244 3117 -5
3852 9567 -19
2081 1487 -8
2604 385 15
8320 5196 3
8782 5514 -15
4723 6281 -17
3870 3052 12
4147 4859 20
9050 5550 -10
6696 8295 9
1162 7514 9
8684 5390 19
7685 4357 -20
1980 6044 -13
5737 605 -8
1684 5687 -2
5852 5261 9
4726 8131 6
6904 1109 -7
5887 1387 15
9614 9290 20
6201 8164 10
7700 7719 16
8412 4479 15
4863 9629 -19
9160 6942 0
9217 3607 8
6890 8562 -9
5951 8164 -3
6500 73 13
8668 9689 -12
2447 7944 12
8668 6895 13
1037 4106 -11
9447 6035 6
4649 7386 6
3301 8614 9
8787 4936 11
2256 5632 11
8499 2521 20
4726 8089 19
3094 9053 -5
5464 7351 -11
9582 6409 9
8186 4951 2
4938 2878 -18
1990 1449 18
3986 3694 12
7787 4659 10
8425 8906 -5
3124 8231 2
4855 1057 18
713 2304 7
2775 2260 16
3615 5038 -16
6812 3111 -9
8411 9710 -10
8551 1122 -12
8921 1407 6
5623 8129 9
1027 4767 7
829 689 9
1690 7421 10
651 193 6
6193 4787 4
4751 8480 8
9750 1230 -8
9281 2035 -1
8635 1245 15
611 2127 -1
8689 5596 3
6034 4090 -4
9152 7060 8
2309 4828 6
2574 8528 16
6083 8882 9
158 1111 -4
6401 401 8
4120 4740 16
2843 4175 6
1863 2419 -1
454 422 -7
3834 4804 -6
1829 622 3
1196 7491 0
7250 3376 -20
7085 7555 -13
9406 3962 0
7838 3029 17
5389 136 -10
5858 4604 7
5390 8987 -6
9651 5600 -6
1919 3410 19
3610 3998 4
6090 1159 -9
1281 4812 -16
7533 4071 -8
8097 4634 1
1679 9167 6
2 4224 -15
5929 7846 -8
2381 6362 0
2321 759 20
3148 1899 -17
8824 3840 -5
452 6382 -14
8243 960 -16
4657 3983 5
7788 1707 6
8752 8706 -4
9652 1486 -17
3965 9119 12
9399 4573 -10
951 613 -2
6597 9651 -5
7898 3653 0
6075 3544 11
3477 3485 -12
5838 4743 -19
992 5190 -20
362 1493 9
7162 6057 -19
8879 5379 -10
9249 8589 -17
9740 2647 2
7994 3709 -3
1190 3400 3
5063 107 -18
9346 9475 -13
5524 5065 16
9960 124 3
9503 2214 -12
6705 6098 -4
6067 3892 4
898 7750 3
2280 7822 -7
7064 7564 19
8536 2184 -9
5848 576 -2
2756 6522 -9
7250 4687 11
2538 9990 2
6315 5825 18
9277 8085 -17
764 4201 -15
9119 677 11
8463 4927 -18
3744 4754 8
2905 4698 -7
9872 9491 -13
9417 2802 12
6408 1048 -18
1073 7345 19
7925 3370 -20
7388 8618 4
7592 5860 13
2553 275 19
4141 1480 -17
5172 4005 12
5771 2004 -3
4545 49 2
1607 254 12
9983 2457 -17
1930 5044 1
6615 1844 -20
111 8355 -11
9961 5449 14
6072 5453 2
8471 373 -19
5413 5795 -18
5544 7712 20
4247 9162 20
4810 6384 -20
2049 9231 -11
559 2435 16
3106 3926 2
9369 4806 12
2892 8291 -15
5682 1980 -15
9532 7446 9
166 7959 -9
61 8797 -11
7226 1207 4
7766 4317 -3
1164 1531 15
5580 3034 13
7141 129 -12
8702 2364 4
6398 1799 3
9177 140 -15
3375 7102 -7
1672 3464 -20
7 4496 4
9568 6513 3
7785 3978 6
276 4667 -15
3371 7466 15
3086 1804 -8
1338 7364 -11
2265 873 12
4249 7610 8
4291 4263 0
9441 4241 13
5598 5480 20
3609 8361 -10
3846 9960 -16
1123 1305 -7
3628 1517 -5
8949 7052 -10
5027 6448 15
57 1429 10
3158 7341 2
2371 2777 2
9679 537 -16
8812 5098 17
5078 8099 15
8367 7289 15
4095 122 2
2601 5559 -3
5583 3680 -7
6150 7162 7
445 9156 14
5471 8738 -18
2347 4858 18
7081 2533 10
4703 7741 5
7855 1400 -11
8719 4827 17
9834 4381 -15
2654 1480 11
4087 9857 1
9664 770 14
7796 8087 -16
8215 599 -20
5134 7295 -2
8890 2171 -1
9621 9647 -2
6396 6369 -3
6460 9074 -9
7275 843 7
9293 1113 11
2602 8632 13
4749 2486 20
3449 9934 -11
9061 3481 -18
3251 9114 5
5790 2356 9
5953 7629 -19
695 3953 4
180 5409 -3
820 410 13
496 1973 14
2894 5914 -11
2523 8511 2
6883 8661 -10
3587 8190 12
2706 5794 -17
9950 9092 -17
3922 5267 17
2075 8918 -13
2488 947 14
8409 9994 -12
9615 7628 -2
9017 6418 -5
6988 8922 6
639 8247 -14
9627 9531 11
8718 2985 -1
5390 3094 13
5771 7927 -16
8302 8811 -19
4593 3498 -4
7487 3404 16
1239 8617 -10
9030 3840 11
4952 2921 -6
9697 9708 -7
8089 4383 -16
1836 3986 12
2786 4365 10
4042 1971 -1
2075 9136 4
1388 925 16
8904 7693 -17
6293 1015 -13
5567 6160 -4
6004 843 10
1264 739 11
1865 8900 -1
3930 7354 -17
3297 6069 -19
7657 2155 9
8257 7594 -5
6071 6708 -5
459 4073 3
2326 9316 17
4363 8862 -19
8003 3328 -10
747 1493 -15
1181 3792 17
4720 350 -20
2010 8568 -8
1282 7444 -4
7861 3745 8
1594 8569 -4
8491 5682 8
4196 2406 10
3185 5541 1
9575 1623 13
3382 9546 18
4940 6786 -4
2832 5919 18
8203 5838 -14
7154 5352 6
3865 2957 7
6599 3225 17
2520 3945 11
8273 1584 -11
7039 2193 8
4893 3153 -16
5413 3160 8
8435 2308 -3
6577 8771 -14
1131 7855 -15
5003 3140 11
1042 3425 5
8391 1275 -5
6376 426 1
2524 9316 5
2263 5365 11
291 12 -14
9480 6519 -12
4515 3512 -6
1077 6252 18
8946 9019 9
8996 2322 -4
8282 1021 -11
710 6691 10
1195 5443 10
6801 853 -2
3045 5267 7
8168 5505 13
8323 6908 15
4087 8874 -6
5128 5401 -9
2232 4446 9
9575 4506 -15
9499 8413 -3
6958 4211 -10
5484 1486 9
6528 5444 0
2787 7116 -3
6350 9052 -4
8234 3522 18
7248 1196 -13
9281 6877 -9
3725 1157 -7
2757 2870 -13
3311 6379 13
5371 9826 -4
5765 8609 -12
2465 1308 6
6068 6004 -16
8866 5585 -2
1743 8621 4
1681 4777 2
3056 7572 19
6355 4098 -20
884 5940 -11
1989 1300 -5
8042 4313 -8
3067 1713 9
4753 4922 8
8302 1652 -7
2976 6356 -10
5873 9254 -9
5782 3355 15
7442 5348 -8
3575 861 20
5351 630 17
6753 1872 4
5885 1795 14
6597 9323 0
1808 7481 -10
8421 9393 2
3047 6504 14
3400 5383 -2
8303 5895 10
7978 7492 -18
9883 1162 2
3160 9506 2
8252 5901 -2
779 7648 -8
3572 9751 -14
226 22 14
3752 1105 4
821 6391 11
8409 3577 6
2012 9943 6
651 2382 -10
8059 6979 17
6237 5492 -3
3439 7663 -20
4065 9906 3
1155 890 -14
8254 1380 2
121 8687 12
2574 6653 -2
9133 8575 -5
2440 7942 9
5405 5823 5
1086 3713 -20
9025 2239 -4
2996 9366 -14
1842 3483 -14
6101 5362 19
1146 6696 -18
7194 6923 -18
5788 1572 -9
2405 6939 -17
301 8172 12
4707 4410 -8
8879 8522 -6
5016 5293 -14
6316 3063 -12
7558 3238 -10
4317 5972 0
2183 1711 -13
5609 4359 -14
4696 4698 -7
8554 4511 17
3798 2694 -4
1614 2896 -10
4811 7968 -14
6059 8878 9
1164 2904 -13
891 608 15
3955 762 -6
1213 8551 -12
17 6854 17
4316 1481 -1
7095 4832 -14
664 3831 -10
2460 9125 -4
2844 2302 -14
2568 5161 -16
5204 3183 -7
4885 4964 6
9263 5963 18
7978 4276 10
5685 2773 4
7285 4267 20
1606 95 -18
5180 9229 14
3486 9263 -1
4661 97 12
2597 6244 9
5037 4078 13
8091 9844 -8
3055 9008 4
7545 5006 16
8784 2033 -5
8023 9642 7
9092 3256 15
3207 7929 17
9624 5233 5
6721 6541 11
7183 4603 0
6100 9 -4
7364 1638 -20
9050 6636 19
1895 7551 -2
9470 9157 7
5296 8990 -18
4502 1552 3
3039 4298 -19
7711 3062 6
5972 9802 4
6611 4595 -3
2962 8626 -8
1087 605 5
3910 3632 8
3839 2837 16
4486 9066 -10
4735 4858 16
9035 8572 18
586 3443 17
8961 2133 -11
9429 8443 -18
9113 6721 3
248 3160 -13
7930 9103 6
1526 8417 -16
1770 1864 13
8198 4840 14
9876 4505 -10
2321 3857 14
8479 5009 17
3023 4345 -18
428 20 3
1864 1382 -9
5369 4286 19
9943 7638 11
5079 9727 -17
8761 2876 -17
6648 3776 -20
4952 9220 -11
4665 1002 -1
5363 195 -11
1907 5248 14
9535 6241 7
2396 1445 5
4746 6759 14
4460 6252 0
2835 9982 18
8882 3970 -1
8201 3860 -11
8471 857 -1
5805 507 5
263 322 7
4169 6385 -8
9535 9431 -5
2793 4713 12
8603 3366 -1
6417 1256 -9
8776 7463 20
2165 3869 20
8449 9515 7
1399 1713 14
7280 2346 3
3167 6926 -4
3111 8513 2
5570 9537 -5
8374 7160 -4
2401 270 -14
4680 2737 -16
1019 3863 -3
5651 2148 -17
6694 5128 -4
1152 6863 6
8349 2735 -14
7750 6487 -15
3827 5395 1
994 6901 5
9207 7161 3
817 421 1
2662 9825 17
4197 5476 -17
7050 2938 -14
3568 986 -5
4421 7431 4
8861 4297 -17
4862 7782 -12
281 3367 3
4123 7268 -16
4448 4667 0
2508 8122 19
4200 9121 -4
791 9293 20
3558 5509 -11
3204 1555 3
8709 3960 15
1541 7115 -8
4148 4268 -13
2361 8404 -20
6724 2174 -10
3631 2848 15
4911 3299 12
9491 8357 7
8348 5220 10
8936 571 -18
1390 9552 8
8276 9502 7
5339 9834 16
5579 8727 -12
3000 7648 -16
3811 4026 -4
9879 8804 20
3450 9449 -8
883 5541 -12
5570 1941 5
7355 7442 13
2809 4216 -3
6350 3383 5
7562 4170 -10
9252 7055 16
6032 6831 4
576 5304 -9
9123 7458 12
1448 1220 3
2155 2711 0
5588 4357 -20
7618 3246 -14
3573 1572 -11
9813 3105 6
1631 4221 12
8813 5124 7
7072 7504 3
227 4739 -20
7673 2479 -14
8827 9629 -6
1839 9766 -6
9301 8766 -7
3245 4021 9
5224 2552 -10
317 9370 18
3267 8305 -20
8349 6325 -11
309 1362 -14
8497 3699 2
9635 9340 10
9100 8019 20
3446 8598 5
5294 1863 0
8607 694 20
7664 5981 -19
3526 7646 -1
2592 3588 13
3702 9935 9
4312 3446 19
7094 5932 -10
9378 8553 -19
1958 8086 10
4048 456 15
929 7780 18
5834 9495 5
7251 5103 -8
4582 3721 -9
4923 3689 -12
7975 5733 -17
7493 9128 10
6895 3248 13
5789 1999 3
5011 2009 18
9287 7829 20
6628 1292 -8
7801 8077 5
5975 6709 9
4233 6656 -8
9588 1122 6
5013 7001 -14
3164 8906 4
5329 7525 -11
4264 5466 -4
4467 3319 -10
1963 5785 3
2637 5175 -14
4389 3401 11
5379 7863 5
1569 4596 -2
3407 2971 -6
8311 3743 10
3875 9321 -14
2628 3119 15
5818 8881 -15
5773 1526 11
4534 8104 -9
4254 2276 3
865 3396 8
3504 6185 3
1777 8609 8
85 7270 11
6946 8848 2
5150 4029 18
6703 6377 -2
2036 5846 -20
5912 4615 -14
9211 393 18
6773 277 -3
5524 5638 13
6098 1820 8
5131 4128 14
928 2430 20
7205 9352 -3
3856 7092 16
1226 2622 -20
8760 146 9
5354 6702 -8
1645 7932 14
7776 5919 4
4449 6549 -7
3556 2000 16
554 8825 -3
3428 2084 -9
7283 7675 -1
4681 2615 7
8101 5034 -16
5010 8268 8
5173 9035 19
1001 9510 17
5853 2173 8
2611 5262 20
1304 3193 14
3236 2674 5
4028 1399 -18
5503 2830 3
7864 797 8
6906 3793 9
292 1088 -8
8642 9116 -1
5107 2134 -17
1815 7221 8
1777 5496 18
5117 9730 13
9632 5563 -4
8776 7657 -1
6155 6741 0
2905 4452 -11
4199 397 13
7500 7036 12
5394 9949 -15
1149 5792 12
3297 7329 -9
2451 7012 1
542 6649 -8
8247 9602 -20
4346 997 -16
8592 7269 13
2560 5567 3
2285 2623 7
962 2607 -3
3062 3055 14
8122 8824 9
8314 4218 2
4878 1396 18
1837 3948 17
6459 2491 15
8838 228 18
1630 1428 -3
5893 1727 12
315 2770 -12
650 1684 -2
8562 9183 -2
8150 3106 5
6747 4162 17
1326 5754 -4
1451 8835 -18
2281 4799 -11
620 8224 10
8505 7150 8
9684 3194 18
4020 3364 -20
5501 5869 -1
5470 7200 14
2503 1686 20
1206 7193 3
7269 284 -1
2669 6298 -3
9970 4538 -4
9442 4393 14
49 6135 8
2008 4779 5
8436 438 -7
3870 5565 -17
9095 6845 13
3235 2662 20
7124 295 18
5007 4981 -9
8790 3715 -17
4630 6190 0
2728 7791 -3
6637 2840 0
2981 8342 17
9304 4493 19
9790 5506 19
1513 5933 15
8564 6115 -7
1156 3742 18
9134 4571 -2
9727 6217 -20
5240 253 -16
9766 9436 -2
3741 6202 -9
9331 3859 10
9985 751 15
8079 2926 -6
9891 2285 -10
7773 1322 18
3414 660 -4
6256 289 -17
9310 6081 7
9168 3919 -4
2713 4261 3
2879 3553 20
9132 5390 2
9562 2522 2
7390 4879 -9
5409 2895 4
165 5371 9
3769 613 1
9824 4992 6
1388 7730 0
7725 5652 4
1796 3360 -5
2386 9292 18
7438 2693 -15
8181 3081 -10
9899 5365 -9
6890 5323 1
8744 8801 8
7049 6596 10
9256 9597 17
3348 2511 -16
2925 2484 4
1929 2058 -5
2700 8976 0
763 963 20
6363 6359 20
1660 9769 3
3743 8645 3
1555 1663 19
3486 6841 -6
6427 970 20
9516 3448 13
6806 8896 19
2865 7961 -9
2876 3518 -11
7540 6243 -17
6597 2684 -14
9730 1234 7
9799 6002 16
6162 8599 13
4183 7281 4
2460 2137 20
257 7305 -6
2142 1116 17
7663 1920 -10
3990 3041 4
5309 2423 19
5027 3604 -16
138 1261 4
5766 6871 18
1415 5350 13
4848 1923 9
4547 4332 -15
1755 5966 -12
398 1377 14
7242 2202 0
3501 5934 -10
2926 8176 7
961 4673 10
4084 9091 5
1958 6605 5
7616 8005 -14
2168 9528 -5
4742 8678 -6
8406 2626 19
9015 4211 17
1868 2937 20
9652 1563 -17
2236 6071 19
8478 7440 14
4616 7486 -5
6885 8012 -19
9670 7232 -12
6714 6364 18
6750 2994 1
9936 8339 -10
7433 1021 -8
5071 5139 16
6053 6678 -19
1859 4173 12
4363 6331 6
6341 3050 16
1628 4014 -7
0 5516 18
6292 371 11
2085 9635 -10
6869 246 9
8191 5087 7
1501 7583 8
1429 3588 5
2731 3973 -3
9082 8288 16
7795 2987 19
508 3707 -16
8992 4840 15
6843 8912 -12
269 7915 11
6049 8876 12
1739 2253 -15
3064 8355 -18
2214 5283 -19
8357 6920 -5
1857 3551 -3
9456 724 1
7687 3094 -20
4617 7220 1
1506 5283 -4
6637 6228 -4
5618 5329 -1
1656 5054 12
8415 5442 15
9497 5078 12
6360 3250 13
2498 7833 -13
9749 938 -9
6158 1653 -17
592 634 -6
3686 6409 -14
3686 2592 8
6838 5983 1
3694 3583 8
768 4171 17
55 951 -19
2200 3675 20
8690 443 -19
2519 4310 -7
8591 5516 14
1528 1210 -16
2102 1572 2
2631 8659 19
9558 8345 -18
1731 2957 -6
3593 8654 2
9152 213 15
8266 7876 -12
1818 6729 -3
4758 5597 -2
9645 2645 -20
6689 8278 -4
8816 8361 12
3327 4817 -16
6559 1864 3
4360 7362 9
9481 7244 -2
2707 3681 11
2423 8326 -1
2190 566 -4
5922 4859 -12
5318 1128 -13
759 6235 -16
973 6778 -10
853 6893 -18
6225 3476 10
3769 4842 10
569 4334 -12
7672 5086 3
2411 3374 -20
7814 6734 -9
8482 631 -10
4372 1128 -2
6307 4680 -13
5374 3471 -3
1728 4409 16
9082 4353 8
7551 1491 4
9119 8876 14
9542 1956 0
7099 3921 1
8796 5239 -20
6902 3754 16
8170 6531 11
4555 1881 -1
6271 8175 1
6456 3814 20
635 5905 7
9134 1124 -14
3566 4447 -17
3417 9289 4
167 5741 -20
9075 7952 -16
4617 6362 -13
8326 7691 -7
1561 3051 2
6003 8974 6
3064 8801 3
4267 6783 19
8582 8544 -19
8392 8685 -4
8697 2718 6
4237 3984 1
2386 1678 -1
9272 2274 10
2192 9474 -13
9100 2903 16
3615 6439 10
9754 162 -1
9502 4152 -7
7588 8860 20
8516 3434 8
6074 5231 11
4180 8764 -12
6658 9971 -14
357 7272 -19
7823 4092 -5
6435 461 -9
7011 4306 9
5013 8414 -2
7268 8202 -15
4310 8908 11
5421 2424 14
5586 1104 2
7309 787 -16
7885 2543 4
6843 6874 -5
6654 8054 -17
3959 4517 2
1380 190 2
9125 5718 -2
5826 9771 1
6920 4222 3
4842 4120 18
5269 7264 -19
8307 8528 -5
776 9088 12
7055 3502 -12
3062 4042 -15
9247 7412 14
4058 7522 6
983 2851 -15
3167 5431 -3
3100 9681 12
6781 3586 4
4849 3336 16
6517 7725 -15
9934 1734 2
2406 914 3
3834 9101 9
966 8083 10
4991 1126 -11
7832 821 -13
4951 8475 -5
8600 9120 -16
4733 6155 -12
4081 9684 5
2787 6279 17
1309 6117 4
8238 4353 4
6391 663 -3
9204 3924 -4
7499 8826 10
9684 3850 1
3609 6201 -13
4322 7678 -17
1530 9363 -16
127 8596 -3
5078 1155 5
6567 3590 -4
6167 961 5
590 9068 -12
4580 7203 2
2254 4334 19
7934 7206 1
1584 2929 -20
3205 6305 17
1216 4885 15
8193 2785 14
6058 8635 -12
758 6089 -7
5141 1745 3
210 1050 18
965 2566 -11
7276 7265 18
7744 9582 18
3634 4532 -9
2450 6827 -7
881 6645 -9
4615 4910 16
6591 3028 1
3155 7821 17
7078 8803 -10
8988 7965 -11
2861 7768 -2
2256 7864 18
7628 4808 5
6945 4654 18
5743 6961 9
9093 8625 0
4545 330 -2
3860 1577 -16
3734 2451 11
447 8954 17
4108 4769 -6
8931 7543 17
9699 2135 14
4879 8637 -20
143 5547 -1
1297 743 -12
6915 1275 7
922 5909 14
6706 3422 15
9187 9142 -10
2044 1038 -14
4595 5037 -13
9281 7654 -20
8325 6444 13
9661 8791 -7
2739 2929 20
2254 1866 -6
5042 5363 3
6720 8716 8
8586 2373 19
9267 7217 14
3038 9223 -4
7910 2801 5
8407 2876 -2
9130 3055 -8
9776 8364 -16
5454 7951 -7
6087 9248 15
1109 8108 -18
5003 4253 19
7980 1960 3
6716 6586 -20
7129 2855 10
97 920 -16
64 7958 -10
8388 3098 -9
927 9476 -3
4192 6459 -5
4487 5843 13
2382 5055 -14
7474 7522 20
9752 5590 3
3679 7726 -12
1104 3935 19
4229 8469 8
7941 1446 -8
9146 3100 -7
538 7406 18
2333 2801 8
4501 3142 17
1248 5994 14
5132 5180 2
156 1670 16
7105 4249 4
6438 8987 -1
6240 1106 6
4822 5515 -11
3858 1712 8
373 3064 -14
2633 4936 -2
6038 6398 -11
2334 8748 -11
52 8892 -13
5368 6684 6
8293 376 20
5762 2433 2
1543 263 16
3797 914 -1
3479 405 2
6259 8142 1
5620 1946 -8
5326 6656 5
6705 2361 -5
91 5357 -6
8675 531 15
2906 5043 18
8375 9963 -19
2360 7696 -8
7022 5410 -20
1317 1451 -14
7022 252 20
6758 1960 18
4251 9269 -11
8612 2069 4
7006 987 -2
1324 6916 19
5919 4700 -19
8043 4531 -14
1293 2149 13
239 1283 -13
5496 9683 -10
6227 990 -18
7265 1902 20
6425 2760 -1
3689 7039 -4
190 6095 -3
6680 1747 17
4131 5342 -3
2529 2049 -12
2453 6986 14
7186 9352 -15
247 7386 -11
6084 8893 -14
4693 6146 13
400 9892 4
9841 5137 -17
5042 8274 0
9889 7306 5
3339 60 12
3103 1689 18
904 8041 12
2069 9210 7
4193 158 -7
9538 3338 8
8558 3448 3
4749 472 16
4182 4788 -17
9641 3071 -19
7516 3148 2
6137 7579 -2
6908 6693 -1
1676 5721 -10
8802 9555 3
340 7907 -1
4122 8178 -12
3535 4901 -8
1861 1746 -18
9431 8305 -4
4756 9868 -17
6639 7682 -8
2457 2931 -3
7094 9513 16
9712 9056 -8
7407 9560 -15
9706 3524 -2
1389 1314 5
7287 1578 7
928 1498 2
5489 8560 14
5616 5157 -12
8184 3939 -14
4749 8180 -17
3561 8712 14
7032 9790 -6
3561 5148 -12
3308 5813 -3
1892 6316 11
5084 2285 12
9763 434 9
3377 3808 -12
2784 7552 8
952 9208 11
2332 2654 13
2255 6614 10
1341 3948 8
2531 7206 13
6664 8431 4
8100 7607 2
4515 3694 7
2512 3974 20
464 6625 0
6361 8683 -4
7709 6644 -6
9183 9188 9
4808 8661 17
1880 9034 -11
9438 3992 -8
4180 9782 -15
6538 6066 -8
8863 7327 19
2677 4895 17
9137 5868 13
5345 5879 14
787 5006 -14
9577 8096 -8
7160 9605 3
2438 6512 20
1971 495 -19
3046 9489 -1
157 721 -6
56 1696 -7
8209 1050 -13
4662 975 -3
606 5664 12
9211 290 4
6652 2922 10
5099 1117 -15
9004 2778 14
7815 6201 18
6301 7575 -15
4733 6296 9
6277 9971 -20
2563 1666 -16
6983 9328 20
8949 417 -6
2611 1982 -5
3696 8074 7
6178 5652 6
7615 1403 -17
9566 9147 -14
7827 4232 5
5408 4272 17
2094 5555 15
5934 5346 -20
9511 6472 -12
3575 4573 -14
5082 7083 -16
2457 1419 9
4671 5333 -2
5950 956 -17
8639 9751 13
1887 2201 8
5991 6328 -1
2464 5708 4
642 4567 -3
7417 3005 19
8669 4794 -12
1273 8560 -5
8680 3686 12
6533 2164 -7
2739 6331 -12
6010 6105 -11
2286 2594 -10
4367 5114 0
6384 5976 -20
6659 9700 18
8719 847 19
5324 2435 6
2354 93 -11
5404 4136 -16
2901 5811 12
3618 7546 -14
9864 1607 7
8538 6595 -16
391 6351 -16
6750 6310 -18
1441 5103 -2
9950 2273 11
7350 3391 4
1653 2361 -14
4649 8839 18
2427 5459 -5
1487 8895 -3
1441 8109 -18
1877 1110 -1
3793 1416 5
1063 4700 -3
15 1240 13
3456 410 13
303 4693 3
4980 2166 -2
8185 8789 10
950 4494 -7
3594 8944 -14
6104 5020 -4
6336 9173 16
9452 1948 17
5428 9606 11
7755 2203 12
2155 437 -9
4693 9063 -2
7941 9219 -6
7236 7500 3
349 3211 2
491 596 16
5724 2965 -6
831 5769 19
9513 202 -13
1052 7185 8
5808 9486 -10
4360 6562 -8
2787 2918 20
3848 3425 -9
4688 8821 7
5744 4764 5
3239 3959 -16
8620 3408 -8
2842 6851 -19
4238 568 -20
4018 3631 19
9365 6244 19
3871 9927 -10
1877 7099 -13
3519 4030 -8
4354 5018 -7
7421 9239 -7
3232 6377 20
1186 505 0
5831 6371 8
5037 4350 7
6705 7542 14
4218 7538 14
9115 3114 7
5245 4747 19
8676 501 -20
4669 2122 -13
6521 5767 -18
6149 8550 -2
8076 5918 -10
7343 1449 17
9109 4511 -8
3362 5498 9
6361 7560 20
2319 6347 13
3317 2183 10
1193 5376 0
8424 825 0
8965 2732 -2
8974 2537 -15
5763 959 -13
5247 3159 8
8577 3685 -7
2642 850 4
6744 941 5
6938 9064 15
3075 6190 -20
2163 615 5
3869 5951 -19
5221 7228 -9
5749 1403 8
1631 1742 16
159 3364 -11
9556 7815 4
840 7730 -3
6521 9169 12
2868 6217 9
9223 5786 9
2710 1537 -14
4399 7947 0
1724 884 0
3194 5963 -18
8245 4194 19
988 2124 2
1036 2067 -15
3643 6378 -13
1605 7285 3
1814 7692 -9
9561 2177 -4
3975 2358 -2
864 2732 15
895 1255 2
5385 8752 -13
5264 5556 3
7434 4143 -18
6257 407 -10
6367 1810 9
7563 9666 -13
3689 8973 8
1030 1644 -12
8454 418 17
1883 4107 -6
1518 6024 -14
3274 7331 20
4736 8234 4
5743 2536 -1
8395 1628 1
6665 7278 -18
7319 9590 -18
3236 3603 20
3879 2168 12
7262 5861 1
8755 157 -17
4863 8668 -5
5180 4284 -11
3676 2231 15
1112 2068 -12
7215 9794 19
4147 8059 -2
5789 5025 -3
2009 6044 3
1839 5578 -16
2720 8140 1
9426 843 -7
1433 4590 20
1646 629 17
296 7429 12
8127 6012 13
371 7692 -8
6617 6664 3
8064 8112 20
3161 6799 14
3329 2847 -6
5064 4652 -5
7239 3757 6
9845 4453 -4
8111 4988 -4
4613 7798 20
2698 4101 9
7279 358 -9
2133 4542 7
4860 8281 -10
6734 2746 -14
5829 8285 6
1496 7411 4
3665 9868 -14
4199 4650 -2
8933 1873 -5
1438 8030 -9
3129 5313 -7
7583 7361 -15
8773 7009 -18
7365 5324 4
2459 801 -15
4687 9923 -7
3508 6963 -13
2447 8521 -7
7087 1303 13
5287 590 -16
3756 2783 11
9788 5581 -9
8815 658 -4
673 3318 16
3865 3082 4
6262 1826 -5
937 8838 3
3315 7492 -8
2451 6876 -13
739 6344 -6
9150 7847 17
8021 7231 -10
7700 2280 -4
7865 9606 -3
6101 3924 0
777 4817 -15
9549 4472 7
7976 4752 -4
1389 4599 -14
90 1096 -10
1997 5974 -7
6520 5856 11
448 960 -5
2620 7418 11
6043 209 -7
4314 5525 1
3317 6142 -2
781 4993 19
7900 605 0
8667 2226 11
6258 313 11
7471 8978 6
4325 4330 2
9815 9882 7
7166 5586 6
2532 558 1
2464 1958 -11
4174 8198 -7
880 2573 15
1704 7717 19
6725 6359 -9
9439 7355 -1
3834 3840 -6
4684 2008 -7
7176 1048 -8
9810 4426 -9
1554 4724 -2
5434 80 -2
7265 7032 4
5609 4481 2
3453 6854 -16
4139 6804 15
2393 7867 5
1961 8373 4
1830 3283 6
7226 1630 -14
984 1219 -18
6388 3712 12
8594 4046 14
7921 4546 -19
9914 6354 -8
3972 1969 -16
4775 5350 10
3768 2654 19
6262 5166 7
8467 5489 6
8322 1386 -5
6416 5085 -11
3162 376 15
6858 3795 8
7314 3237 12
6678 5758 14
1594 122 5
8528 6820 14
4850 1460 14
5477 6389 -16
4433 9521 18
4617 2558 -14
5686 7967 -5
2192 3492 3
5260 3421 -7
2772 4857 -20
7996 1857 5
9716 9881 13
2698 3037 -7
4429 6726 -5
5951 7399 -1
847 3004 0
5285 683 11
6409 757 5
300 4822 19
4302 8511 7
167 7382 1
4376 761 -9
568 7590 -14
4600 2260 9
8530 1494 10
7330 8027 -5
4667 1883 11
2356 3568 18
59 1575 4
3114 4171 -14
8930 6635 18
6602 9700 7
1931 1396 -10
1940 3310 10
165 4122 8
4127 8302 10
3147 1319 -14
7413 6585 -6
9396 1924 -3
3762 5792 8
9335 4646 5
6842 8621 3
3028 6690 -14
9204 70 -2
6054 5337 12
4527 2848 -18
9687 7881 -4
5826 1356 -19
6702 4104 -10
5443 8489 -8
1021 8180 -17
9292 1038 -7
3532 1965 -10
7797 7299 8
1293 6933 7
8586 8028 1
6353 9113 12
1418 5081 -16
7157 2071 -4
9399 7405 19
3380 9045 4
437 5729 20
3268 1973 -13
180 2388 -1
5259 9284 -8
7270 4635 12
4361 2360 -17
1309 2838 12
6196 5930 17
1041 8438 4
3108 3402 12
9429 2326 -13
7116 330 10
7872 8604 9
3882 6097 -3
5433 4495 18
1944 6287 -19
5118 882 -13
3006 1986 7
1124 4840 -13
1820 2002 -4
8467 5960 7
2313 9013 12
2719 4207 -5
574 3268 3
6396 746 0
7565 5849 -17
5035 6643 -20
8759 2101 18
8628 9670 16
5136 5167 -19
8000 184 16
667 9904 -10
8178 6907 4
625 1733 13
9959 4507 -12
1968 4593 3
6521 4527 -17
5108 6440 -15
8626 9549 15
4923 8666 0
6390 773 -6
9812 6121 20
9779 9921 17
6179 9068 6
3366 255 19
916 6531 -19
5552 9767 -6
264 803 -16
7857 5124 14
7789 8200 16
4154 5068 -8
9304 332 2
1431 4525 -18
7597 5819 20
4184 7115 -17
4405 7537 11
6285 3609 -4
8722 610 6
6093 6267 -4
5835 1427 -18
9668 1845 15
1552 341 11
5532 9301 -8
3274 2994 -11
6908 5219 13
8559 7649 9
6457 6932 -18
704 6880 -7
8902 5530 10
2485 8896 -13
5664 8898 -11
7590 2242 -14
7185 6541 19
7513 6229 12
1098 5976 -20
7691 7754 -15
2 3867 14
445 1233 12
9205 1364 12
4547 5452 2
6213 7591 -7
4824 4930 -13
2559 6153 16
260 8786 7
9934 7196 -7
3216 7103 2
7008 35 10
4092 5896 -15
3659 393 5
3299 1888 20
8306 1596 -6
4249 9452 20
8244 9996 4
6322 3359 10
8389 9190 -16
3047 7598 -20
9453 9426 15
1818 6224 14
7147 9796 -18
7743 4013 5
4134 2397 -11
8407 9537 -7
8304 3490 -8
7210 2928 -18
4774 4669 2
6413 1473 17
1889 1512 0
1522 6167 4
5566 4746 0
3310 5791 -7
3051 8272 -2
2326 4544 13
5677 9062 -17
5597 3243 0
5732 7707 -20
9891 6869 -3
2296 6593 -6
1274 9788 7
2521 7459 2
4773 4900 19
4600 5434 5
6495 830 -3
6844 2289 13
2731 7411 6
9154 3125 -14
2338 926 15
3225 4977 -20
7877 7148 -13
31 507 13
9895 2934 10
9612 7700 18
7966 5973 17
8390 7694 -19
4149 7563 -7
7409 7972 3
816 6087 1
4005 2173 -19
6234 4728 -5
2981 3095 -20
1772 1205 -6
8852 1547 19
700 1626 -16
2907 4971 -13
2275 7690 14
3477 9353 -3
8684 8372 18
8631 5667 16
1869 9070 0
41 7431 11
1020 7885 2
8097 7858 -15
9241 7607 18
8883 9415 -14
8111 3294 -9
166 1636 13
5327 7506 15
1127 8208 -6
1466 7789 -12
8459 8888 -15
7717 4283 -10
7595 2480 0
3251 8109 -6
9409 9381 -19
8886 8265 -6
8783 6281 7
7634 5168 6
3343 7373 -20
7240 4347 -18
1906 9825 13
1929 9544 -6
2520 4777 18
9475 2032 10
3352 7200 -18
1751 3879 13
5595 3093 17
592 5561 16
9914 448 -16
3008 1842 14
9126 1441 -6
1626 7297 14
6624 5607 10
1331 9208 -7
6665 2714 17
9323 8969 -8
5529 5680 11
6540 9713 -7
8963 6964 14
1896 6697 9
6645 3312 -11
6776 8728 -13
4308 2109 19
3303 4659 -3
5680 1364 -2
543 2724 4
8920 7509 11
3243 4539 -2
4181 9480 -17
8263 6809 9
1870 5157 8
4674 3426 9
9919 6218 -8
6075 3380 -5
1531 7177 -15
7736 902 8
1457 9742 -9
8507 26 -14
7714 9943 -5
8 146 0
3871 8635 4
1838 5786 -17
1567 1963 5
7391 5556 18
9520 250 18
9548 1269 3
4375 1215 -15
5818 9236 0
2439 9231 -20
457 1993 -13
3049 7086 -20
4206 1319 -19
3568 1351 18
7985 2715 0
4450 591 9
100 328 -7
2446 273 -1
2716 6754 -6
4987 993 13
2950 91 15
7148 5864 4
5448 4584 -7
1089 7971 -4
3410 4162 -4
8182 1963 2
2290 2097 -7
9512 4688 -8
204 4685 19
9567 4357 1
337 215 -7
4721 7024 11
2486 7811 17
2744 8949 -18
3050 5635 -20
2823 3776 -17
8862 1433 4
8158 1312 -8
2342 7587 -4
7932 7274 3
7053 9759 8
5957 9745 20
8864 4489 8
7631 3036 -10
4913 4671 13
3485 5291 2
3839 9703 -17
6201 5667 -12
5996 9035 17
1959 182 -4
7102 5608 9
9161 4330 -16
4510 3905 17
5939 4024 5
3020 1558 -16
1208 2366 0
1214 7336 4
1406 1416 -1
1470 7266 19
2709 7465 -1
2810 6113 -19
20 8615 -15
813 486 4
4092 4226 0
4111 502 16
8977 9563 17
6664 1079 19
9467 5251 15
1929 1524 5
2573 4442 7
8271 2941 -18
6037 827 -1
268 8150 0
2639 4420 -7
569 2566 19
7726 9298 -8
6442 9109 6
3973 6079 -8
4132 5692 -11
9667 7263 -12
8486 187 -7
2647 6240 6
782 1599 19
9914 8553 2
946 9923 -5
3771 6237 0
8334 9164 8
7490 990 16
6318 8011 -15
8109 3800 18
7190 5347 11
5622 9716 -8
7414 5301 -11
9871 7722 1
2370 966 4
2295 9093 3
1633 8811 -5
9044 6995 -6
7869 9239 2
9236 5706 4
4095 4806 8
3505 2374 14
4081 1601 -5
7342 3075 -6
9285 5894 -14
11 9429 -6
7356 3329 19
2622 332 -14
2652 2551 4
703 6870 -12
8448 3243 -18
8570 1966 6
5155 2163 11
6593 2461 -8
9682 1526 2
4340 2839 -14
6801 2004 15
7310 21 -12
2295 8189 -8
6883 6713 -10
3095 6984 1
3358 1493 -19
5552 8931 11
6557 6690 4
1696 8392 -8
9787 9015 1
1174 22 6
161 1070 -8
4215 8303 -11
7414 4539 -8
3820 5270 13
9656 841 4
943 428 15
899 74 -5
5629 8004 17
8671 3264 -5
5819 5488 7
1424 716 8
830 5095 -14
1530 2927 16
3707 3968 -20
1218 2152 -4
7387 6403 -10
1568 2920 18
256 6220 -13
2978 8665 11
5821 5820 -7
3016 186 -14
9375 1035 -17
2709 4710 9
8315 3878 10
9042 6757 -7
8564 5178 6
9236 297 -6
1219 4342 -8
4666 1646 3
9425 2721 4
4324 6213 6
7940 9473 13
4860 8306 -15
3447 5501 6
4620 7417 -1
7247 5223 -4
3901 6368 -18
4868 4237 -3
1478 1689 -18
8049 597 -7
1354 5843 -8
1647 1331 15
5834 1287 8
7602 8730 -16
2427 8564 6
2735 1028 -2
776 1563 -13
9689 1936 -16
7268 2262 2
8910 6306 -12
9965 9200 19
265 3935 19
2817 7483 -16
7575 7792 3
4070 6423 -5
5715 332 -6
2465 7157 10
2395 255 10
2031 3395 17
7042 6943 10
4740 1704 17
9625 4910 9
9382 4879 20
5821 8477 12
6783 290 14
2112 8880 -14
3517 7231 3
2262 6919 15
983 3314 12
1701 3022 -6
8905 617 -14
9903 1093 -14
1814 2465 -14
3460 3386 18
5035 6559 -17
3116 478 -7
6896 9587 15
175 2564 13
9144 3403 -8
81 4863 -11
6564 7870 9
9614 4011 0
226 1471 -12
5275 6271 -16
1169 9775 13
822 896 2
5255 4200 20
1331 1293 17
9567 4781 14
9810 6637 6
3349 5748 -3
1594 3335 10
6531 3493 -2
9859 1359 -13
95 8452 -18
9767 1692 1
4800 401 -6
8642 675 -17
5521 3943 -8
4339 2158 19
8389 9782 -19
8381 2635 -1
464 8761 -7
3708 8572 4
9103 7211 1
694 6748 -17
5862 9783 4
9554 6256 -18
7115 3316 -16
8045 1442 12
8715 9002 14
4294 3202 13
5561 2139 -13
8621 5329 -11
5181 9055 4
2710 5182 8
8905 3170 -13
8967 6295 10
2971 8913 9
8103 5107 -6
2481 6317 12
2132 2768 16
5588 5396 6
6748 816 -1
4538 9830 -2
1814 2818 12
7216 3441 -15
1386 3927 -2
34 7650 5
5926 7262 -16
6088 1058 18
9799 106 -9
4843 1308 -1
7839 1299 -11
4007 1471 -9
9522 7476 1
1126 3271 -11
4059 2245 4
1953 363 15
7329 306 0
7404 2341 9
1493 5251 -9
153 4509 -9
3511 2752 10
6070 5901 -6
149 8578 -6
3874 9667 -20
4340 2639 -5
8648 9088 10
1127 6968 3
1166 2606 -12
7145 4911 -3
4033 5826 10
9761 3728 12
6321 8396 1
3055 6305 14
6432 2900 6
3245 6078 3
454 6502 -1
2565 4359 2
4309 7536 2
8457 3273 10
3733 3564 -7
4051 5923 -20
5204 1354 -11
6273 2055 -19
3661 2772 -18
1903 3765 -12
1464 3901 12
1070 8533 14
8003 2374 8
199 1154 -13
4537 2685 4
5058 5788 19
9783 592 18
1 6289 16
2633 311 -10
6450 7435 0
3180 3322 -19
251 5839 3
5749 740 -13
5789 3128 15
9321 8545 5
6587 6473 -2
9086 8919 -16
6151 1874 4
3373 6969 3
7396 4828 -15
1799 971 -2
203 412 -5
8828 2610 12
7167 1406 8
9209 8738 20
8526 5002 17
1200 7008 4
1714 5379 11
5003 9685 4
6409 6134 -14
8735 7729 -14
7042 4379 -15
8233 8723 10
5598 1272 1
7665 8530 11
6123 7442 -8
7949 2822 8
9587 1062 20
4159 2623 6
5911 7588 18
9307 6709 17
8375 2946 -9
6692 3777 2
7600 5653 7
4895 1982 -18
9640 8247 18
6577 3999 -20
6701 2594 12
5957 8180 9
1004 7988 -3
8249 8860 0
5160 1733 3
1364 8220 -5
2849 6517 -10
8929 144 14
3358 8685 0
4183 5968 -16
7712 1978 12
1019 8408 5
4981 2283 -15
3010 562 11
6805 6209 -15
6158 1048 16
7294 4425 -2
3210 536 17
8948 2512 -11
8471 2500 -2
832 8202 -19
6955 7176 13
4370 1837 -18
2300 3290 1
8065 6546 -11
7452 9229 19
4215 8024 -2
8983 5932 7
8047 781 -1
1391 7671 7
3151 5815 -2
4653 2899 -16
7368 2136 10
3524 1260 10
9985 521 15
2848 8904 13
6760 3943 20
6133 6835 20
8880 4592 -8
1663 2755 -5
5650 5328 -5
5515 5290 -11
9677 3726 2
4225 4333 3
1548 2276 -17
2494 2637 1
8187 6283 -8
7251 4883 6
861 3118 -8
5841 1471 -7
1906 9834 19
4135 130 16
4088 5489 -2
1198 2008 -13
270 780 8
9191 7949 -17
240 7002 -5
1223 4867 -10
6728 4521 -8
924 9949 13
8647 1997 -2
9390 3937 0
4378 9724 -1
1473 1331 -8
2160 2164 11
5249 3438 -1
3310 9851 -16
752 2873 -19
8820 9634 17
5401 241 6
4242 6481 -2
3019 9968 -8
7134 9157 -7
7001 9378 3
546 9355 16
1763 3541 17
1814 39 -20
6121 627 1
4274 8458 12
292 5781 -9
7797 4277 15
1711 411 -2
5244 9662 13
4627 7093 11
3543 4927 -3
3536 5878 4
9010 1041 16
9650 597 16
9163 2841 -8
1798 9600 18
2055 4978 3
2524 7872 14
429 5162 8
2527 5123 14
8687 719 -2
971 3345 16
2926 3894 12
4242 1531 16
2431 7686 17
2793 3970 -4
7414 1060 17
3824 3644 6
3454 2018 -2
7310 852 13
5361 7582 -17
1642 9653 14
849 7968 19
5133 3451 3
3950 9341 18
3950 7954 -18
2286 6292 2
2931 6519 -10
1524 1853 -12
1669 9095 -15
1003 7961 16
8665 3274 -15
6491 3119 -20
5831 4526 -8
1910 5395 -7
8145 8475 -1
9095 6966 20
1286 1507 19
312 1306 14
2699 6110 -6
7733 4448 -11
80 7914 -7
6285 8620 -8
8882 8910 15
271 4090 14
8032 295 18
5491 2684 -11
1427 9412 1
2720 56 10
4156 5570 -10
5044 4448 18
8525 3609 -20
7313 9748 -13
8670 6858 0
8957 449 -7
3731 6927 -3
1983 9185 -4
6444 4931 12
5226 6857 18
4487 3655 -16
9813 1938 17
1279 5702 8
9659 6380 18
7498 6128 -8
4992 8070 -9
5874 9922 11
3970 439 15
355 5072 4
759 9321 -13
8722 9180 -1
3998 8111 13
116 8163 -11
4601 7206 -18
5788 271 18
1793 5613 1
8996 3314 -19
9815 3876 -19
3038 2888 -18
5421 7885 3
7348 2266 -5
1696 2515 15
9427 8016 2
942 5017 -12
5894 3092 8
3224 6635 12
9770 8 15
732 9543 -1
5201 5355 -18
9010 8162 12
6732 8070 -13
867 6400 -18
2274 8586 13
4577 5710 -3
1693 7327 8
9422 9693 14
8459 3906 -19
1446 6699 13
3439 3599 10
9886 2803 9
333 5326 18
2451 3639 14
5325 141 9
7187 4392 10
2902 6363 17
2108 229 9
2260 3212 4
3825 5682 -2
6787 6679 16
4035 1584 -17
430 3931 0
1 8493 -6
4639 9572 5
1050 1606 -8
2992 6073 13
7854 9509 11
6784 7131 -3
977 7991 -20
1132 8389 12
375 601 0
7251 97 18
2411 7584 -18
2779 8218 13
5432 187 9
2900 1791 13
3994 5743 -15
8940 5046 1
3838 2515 -1
3140 7566 15
5880 6382 -17
8384 6439 -2
8720 8762 -15
9558 4231 17
8689 2953 -5
4418 6249 -19
5498 9631 -18
3969 359 10
8741 5432 -5
9078 805 9
3743 9846 -19
5993 5405 -1
923 8696 -14
7480 6139 -19
1032 8693 -19
2496 7513 -10
6956 595 -19
9594 9878 14
3808 2111 3
5938 2301 9
602 9270 -14
966 3493 5
1408 5174 15
868 4183 16
4097 8669 -4
3686 1086 -8
58 7635 -17
9646 5071 -6
1061 8898 13
2875 5271 -15
2268 7834 -19
5361 4413 -20
9029 5725 -19
4527 4596 5
2451 4240 -18
3641 6 1
1059 372 2
7548 7964 -18
1454 2721 19
6291 3462 2
2861 4979 -5
4535 1969 18
7278 2733 2
3596 9146 15
9412 9397 17
8697 2251 12
3253 8001 -17
6208 8852 -10
319 4895 -11
7052 1366 -17
6634 443 -19
335 3541 -9
4166 7941 6
3931 7424 -12
7165 4244 19
937 2076 11
9196 2507 -10
2141 9836 -9
4175 489 1
7093 2747 -1
7867 9802 5
1043 4657 2
1367 4819 -20
6269 9770 0
6867 2664 -5
9889 2116 -14
4321 9540 -18
9412 2852 -11
2354 4749 -6
5124 2074 15
4555 201 2
3201 5119 6
2615 4125 -6
380 3902 12
6860 7171 -19
4221 7161 -16
2309 9664 8
6815 4852 -17
6118 7165 -7
5068 1932 -5
8246 49 15
2161 1098 5
7967 207 -5
8856 9895 -17
5806 775 -4
6072 118 -11
4880 9812 5
3193 3355 -2
8684 9665 13
1218 7404 -2
9678 8753 -9
1996 698 -14
6842 191 14
9192 9583 -20
884 7237 -14
1289 6736 15
6509 2710 19
3661 5932 -12
9855 837 -20
7082 9189 17
623 8110 15
7657 2915 -14
9943 2987 -16
605 8184 17
2540 5952 1
4177 8777 9
822 9311 -17
320 6644 5
1918 5613 11
9527 3899 -13
6329 5025 18
2919 8659 1
7793 9089 16
1920 3422 13
5380 7593 -6
1877 444 -3
1905 8811 -10
344 3082 -2
7767 8719 -10
3118 2392 -20
3517 1047 2
2686 2089 2
5328 8155 -4
4728 8811 18
1027 8956 -9
8177 4335 0
7742 1896 -9
1315 8629 2
7610 7110 14
1742 6919 4
5290 5108 19
1196 3390 -4
3539 8163 -14
4686 1354 13
6588 4527 -4
2511 1800 10
2903 6721 -4
4789 3283 -16
8010 1150 5
6342 5231 17
2772 8708 19
6331 7464 -20
8366 7618 -16
3529 8540 -11
3204 1830 -2
7423 2603 14
3477 5535 -6
6988 6171 -1
1646 4891 0
3968 1307 -20
455 2445 18
6934 5777 -13
5090 7391 1
9254 9618 12
4996 6300 20
6180 9615 -2
68 778 -16
1040 3640 -16
9844 1926 17
6134 5883 -17
1173 4553 16
8108 854 14
6699 0 11
4427 9536 8
2513 373 -4
6279 5978 19
6124 7202 5
8090 2808 -11
7950 2725 3
7907 8375 1
7444 4218 20
9862 646 6
1049 6697 8
3967 9568 7
295 6407 13
2686 3177 -14
4489 1207 9
3063 2918 -2
2975 3330 -1
9398 5936 20
6661 8903 14
9632 5708 6
8995 5813 0
2993 7890 -2
1513 994 17
618 5229 -1
9635 6357 3
3308 1019 17
9170 5536 16
1747 2353 -19
2603 5629 -8
7908 3074 -11
953 74 1
8608 9901 -6
6043 1924 4
576 8023 -7
2881 1584 -12
455 1687 -5
8297 8132 -1
7264 9686 19
3118 2273 3
6802 2244 -8
3496 1274 -8
1486 2107 20
4622 5643 8
3747 6716 -19
6239 7768 6
2746 7537 11
7682 9121 -17
6253 9143 -4
5205 9867 19
4334 9339 19
8099 482 18
654 9641 11
6893 7350 5
5480 6254 12
2735 2981 5
4852 2158 -6
5387 7571 -8
6447 3861 -2
7398 1031 1
4478 998 8
181 7094 2
9267 7874 12
350 8714 2
2748 9510 -3
2814 8013 8
4764 9756 -16
1986 6084 -19
9811 9465 18
6172 9199 -1
3377 8090 -8
3171 6402 20
7191 9423 10
1243 2340 3
819 5923 -2
6372 3348 -11
2904 8727 7
3413 2334 -10
9085 7608 15
5720 9525 -5
2708 5061 -2
3240 1593 19
4394 6501 11
4543 1989 -5
6334 4706 -11
2186 3837 13
9903 2783 -17
7533 3652 16
2058 80 -6
591 9645 -1
123 3941 17
6005 970 6
2224 8605 20
9628 4193 9
5827 2138 4
196 4738 0
3641 615 18
4125 8046 -20
1322 7424 7
5512 2818 -16
178 2601 19
4353 1443 -10
1087 2890 -7
729 5415 17
5601 549 -12
1833 9332 15
1123 2594 -17
9848 2984 5
2049 2998 -11
8168 7219 -15
9167 7707 12
4678 4869 16
5348 9403 -17
8787 3023 -18
6608 4753 -6
6323 6114 13
9748 5180 15
385 5511 11
1620 9564 17
8125 8891 -14
2088 5165 6
9657 5105 -2
1113 8366 -19
1089 2082 -7
1010 2824 -11
1045 4140 -9
8419 9627 3
1833 1367 20
5740 179 -8
2484 5550 8
4288 6010 12
3760 1111 -14
7241 4718 9
8833 1591 -1
3709 1389 -9
114 7221 -13
4544 6864 6
8939 8709 0
9681 4928 -5
6015 9698 1
5281 1773 6
7648 4102 -2
6274 5591 1
2228 1630 -15
3923 321 -1
4476 7825 20
2510 1163 -19
4041 3657 -6
6730 660 -16
703 9399 14
8128 984 13
4515 3876 -2
5233 814 16
2585 2067 16
441 1097 -8
7764 7181 -4
629 1057 -8
4551 8459 6
1544 2901 9
5035 5905 -12
4140 217 11
9264 8257 -14
5200 8000 11
9648 9503 -3
1422 3107 5
4067 5356 3
9098 5610 -9
9325 4406 8
1519 463 -11
8874 8115 6
27 5146 13
9683 5804 20
3096 4569 -1
371 9281 -1
7122 2364 12
5958 6787 1
5790 7138 -7
6680 6718 -5
2375 8011 16
9527 750 -18
2719 1199 18
7494 6246 -2
6228 6291 -17
7430 4126 7
499 5858 7
4017 228 11
1602 8680 18
3405 5871 -5
5951 9222 -19
9051 6833 -5
5984 7066 16
9997 9193 20
1762 5335 -11
5378 8387 -8
22 4839 2
5781 2976 8
6938 2658 -20
9876 404 -10
4994 7442 17
1731 9477 -16
7050 8950 -3
3373 6064 15
6677 4543 -4
3707 2647 -11
5741 8517 -6
7212 1266 6
1677 2969 -5
6052 4651 -17
8334 9655 14
2575 1635 5
447 7584 4
1475 3594 -4
8680 7494 8
8905 3183 -7
8358 3161 -7
6438 5765 -5
6878 112 -2
8986 8503 -15
6272 7403 14
4611 9287 -10
9376 5098 -8
1670 460 -3
4628 4857 10
9489 3025 -7
3943 5860 -14
9914 3651 10
8786 8742 -9
4363 5356 -7
1046 7100 -7
3838 944 9
555 154 -1
9280 935 8
7853 7189 -15
6628 8520 9
6012 1655 -7
8150 4627 -13
2640 9136 16
1803 1992 -17
3795 2056 3
4136 9067 -16
9848 6190 11
2626 5283 -5
4036 214 -19
405 8761 -4
2021 7591 -2
3612 6664 -17
511 680 19
1526 1549 -15
6157 584 14
2908 7973 -17
1154 9727 -4
8755 7370 -12
64 6053 -10
6914 6386 9
9380 6978 14
1462 8787 -1
5610 6989 20
9082 2978 3
8720 6168 12
5529 3758 3
318 7514 -20
2044 4772 8
6116 7011 6
4245 1356 9
2744 7400 14
5062 5324 -11
8968 7586 11
9606 4562 19
2166 7780 9
9251 5056 -8
8417 9629 14
9187 7368 -10
7521 5344 -17
6822 2996 -17
5890 4049 -13
8578 1318 -4
4338 7427 -11
9129 4337 -18
6689 2500 13
9849 1458 -15
5481 4755 -1
9902 4325 -19
9433 5919 -12
490 7709 -4
2864 2974 17
2431 7052 5
3389 1524 -3
6560 9957 -13
8872 2656 14
3111 3557 -13
8959 1389 5
6526 7945 7
9716 9049 -18
8807 5102 -19
6409 5602 -10
8179 1343 19
3326 568 7
8048 1317 12
9827 1486 20
1565 8214 -16
5621 2615 -7
6037 2144 12
8652 1923 12
3123 1827 9
5702 3469 -3
982 6056 -20
874 4964 5
4595 96 -15
9701 5346 15
516 8544 -17
1516 7943 -12
559 5642 5
7838 2191 -11
8190 8086 -11
4548 8149 -11
6542 4452 13
6019 3893 -7
8986 8055 -11
8228 7598 -9
9946 3645 16
8383 6021 7
6813 4349 11
8193 3015 -15
8103 755 13
5319 1525 16
1964 6284 -16
746 2941 19
6243 3299 -4
4431 9578 7
5479 3718 -1
5116 2891 -5
7904 125 -4
321 5548 14
3723 5196 -19
1887 1884 10
7662 9615 -6
4972 1998 -18
9765 3485 -5
8441 4871 11
5688 3587 0
2558 3889 2
2612 9015 -7
4543 8666 19
5189 3275 3
7267 9823 1
6825 4877 -14
1010 3093 2
2149 7173 -15
6946 7935 19
115 9425 2
4883 136 -7
8278 1270 17
1961 7718 15
8897 2643 7
3407 5458 -18
1670 645 -17
1928 9466 2
1794 9209 -20
7540 6881 -15
5651 3100 -19
3176 1945 -10
9264 6886 -16
8174 7800 -4
2409 63 -8
8061 9814 -2
7783 4747 -17
6499 383 1
7038 4286 17
7448 7396 20
9294 5161 13
6028 8388 16
6865 3310 10
6083 8758 5
6479 9820 -7
6863 3630 -2
2012 7394 8
3023 9454 -17
7363 1635 -19
6964 3721 3
1571 5192 5
3243 6717 6
6345 9488 -20
6660 9833 17
831 9054 1
902 9868 6
6748 6857 -11
7004 8887 -14
9062 831 11
8092 930 19
4173 167 2
4148 4047 1
3321 4326 16
9707 4151 -5
6267 4263 -12
9580 8472 11
7768 5872 -3
4834 9219 12
602 3941 0
3317 3558 -15
6258 9242 -11
466 423 -11
4291 6494 20
2732 6522 12
43 6478 12
3466 1638 -13
9434 7652 -4
4148 8997 7
3596 8447 -6
6258 5950 1
9165 2633 14
8153 240 -4
9761 39 12
3609 1993 -18
9131 8618 -7
55 1925 -13
1236 3579 8
1720 2823 -5
6993 1204 -15
843 7033 2
6029 4405 -16
3993 9347 11
9918 8427 -14
8989 9604 -10
1062 2995 -8
5165 1043 -13
5446 3783 0
5201 8321 20
7909 9442 -17
338 2068 -19
9940 4403 -1
2765 6436 -14
5891 8583 6
7102 9916 20
9911 3913 8
9110 4480 4
4154 3900 1
8548 8200 -14
7410 5677 -9
3847 9177 7
851 7407 9
2544 8425 -8
7175 1968 -15
5169 2484 -4
8570 5856 7
9971 3415 4
1629 1239 -11
3559 3166 -8
751 4152 -8
7308 4698 5
2775 1995 9
7181 3722 -9
3738 6929 0
6853 6929 15
8010 663 6
3184 1634 1
8433 9575 1
7152 6130 -4
8646 2736 -20
1687 9172 -13
416 1703 8
2560 3637 -12
4269 943 -11
5488 6348 -5
6691 468 8
2357 2200 0
5104 3765 -12
6210 2359 -7
5440 3422 -10
4657 7073 -3
8270 6972 13
9242 6968 1
2391 1680 -5
8724 999 20
1617 8742 -1
9508 9939 11
4629 6628 5
5260 5656 -4
4287 5864 -5
5384 5920 -19
6649 5549 10
6176 8051 12
3141 4741 10
2790 65 13
4102 7953 0
9300 1581 -16
6140 4075 -8
7187 2091 -8
3682 8283 3
4679 7614 13
6046 8555 1
4370 1092 -7
8396 2262 -7
1823 4187 2
3219 8512 -5
281 7686 20
5536 6216 15
1675 1539 17
1746 4907 -1
130 588 14
7693 5550 4
1660 6845 -10
9508 4069 7
4471 6877 -3
648 5547 17
109 4872 8
9985 4319 -8
4685 2152 -3
5854 9994 -6
6194 8045 2
3483 9143 8
550 9618 13
9300 5564 -10
6634 8819 7
2825 6981 -9
8103 4427 19
1055 250 17
8868 5096 20
9470 2980 0
4580 3815 -14
9437 8734 -14
869 7057 5
5648 6667 2
4387 457 13
6093 3103 -4
1560 2455 4
2887 7985 2
3295 4322 9
968 3409 -14
9303 102 0
3616 1096 4
7741 3119 -12
7007 4491 -9
3965 1713 -2
5299 6908 1
8641 6776 -15
9602 2453 20
1466 8562 16
3149 2743 16
6351 1291 12
7948 7641 -8
1902 3628 4
9912 8600 -14
9061 3185 -3
3529 8124 4
2428 6091 15
4417 2924 -3
2253 3391 -12
7715 8736 -3
211 2494 15
4210 5018 2
9817 5999 -2
8301 3913 8
9206 926 16
8893 8118 11
3649 8430 14
6995 8705 10
6556 5249 6
242 7394 6
3595 3702 1
5733 555 17
7793 5909 -14
3390 9807 -19
2996 6288 14
594 4796 2
3998 608 -7
2376 7579 -16
1236 6360 15
2240 2001 -6
3430 9085 9
1427 1655 -5
6325 2932 -19
679 7781 6
5619 7515 -11
4408 4621 -1
449 1855 17
8713 806 -20
3118 2579 -19
3430 1715 -1
3216 8182 7
1780 9373 15
1883 7099 -2
4932 645 1
1852 8220 -15
225 2747 -7
9345 2200 12
8940 575 16
9933 7455 -16
7773 7800 3
1344 9496 11
8147 4815 4
8436 6811 7
5162 7555 17
6783 3201 9
2410 8375 -17
9315 9661 2
483 1229 -4
6279 4347 -12
9970 5351 -1
6584 5315 5
9352 3161 11
6436 316 -13
2893 5916 14
4212 8305 11
7342 1500 -18
709 293 8
6368 1082 20
6146 6135 -5
992 162 18
8876 9211 13
9015 9877 -5
5813 5502 -12
2373 1927 -11
7076 9065 -9
4599 5648 -6
2538 547 -5
1612 185 9
2174 569 -10
876 7994 3
3250 2792 -15
8013 1159 -5
6660 226 7
2732 8344 4
1140 5584 -7
408 8752 2
4201 2235 -6
8207 3525 -13
4016 2762 14
1373 2158 -17
2073 8842 -2
7305 1182 3
2005 8457 -4
9925 321 1
2588 9238 19
3836 5083 -19
8331 6031 -18
3811 6465 -18
6589 5741 -16
304 643 -19
5381 4678 -20
1599 1894 0
9680 6936 4
6489 6697 1
2714 1716 -11
5257 5166 -17
3493 1198 18
8933 1459 20
738 6270 2
7076 541 -10
226 5988 14
2730 2367 2
8746 6384 -5
1907 8041 -13
379 5933 -11
8242 9648 6
3984 8840 15
4714 9757 4
8095 9047 -20
8301 6179 14
6676 8112 -17
367 717 -17
5737 7346 -14
4687 7316 13
1970 9593 6
4667 4319 2
9241 9472 -6
3324 5649 19
7639 8200 10
5847 6304 -12
2148 5069 -20
1560 3825 -14
1204 5681 6
5664 3116 -13
7870 5194 -19
4999 7864 -4
6440 2333 10
3835 8360 -18
5951 1015 -17
74 5631 6
4535 7715 -20
791 9252 5
5221 6587 -17
8971 8118 17
1359 9349 -7
441 9549 7
5052 9588 0
5859 6440 -4
3359 6782 11
8600 9014 -15
289 1099 15
5 210 4
8406 8375 17
7250 1480 15
5187 2471 18
7354 1695 6
5583 3769 -10
6906 8751 -14
3463 32 -10
2956 7545 13
6551 6483 -2
2732 6134 19
2067 5866 -18
8659 51 -9
3621 2372 0
3165 5920 -9
7858 7289 9
5345 3811 2
9244 4879 -14
6105 546 -11
1753 4663 19
798 4682 14
33 2181 18
7996 5246 3
3249 6410 -8
8266 8305 10
1514 8181 10
7536 8463 1
4828 6613 9
2449 7623 7
3680 5359 -5
5487 1754 6
3755 9616 16
7796 7030 8
4479 122 -19
928 2416 20
1514 8141 -15
377 22 1
5663 9850 -19
7599 8618 -16
2244 1034 15
951 6108 -6
6285 6284 -14
505 1957 -2
186 3739 -10
1998 7689 3
2556 6669 -9
2537 4913 -4
7247 4191 12
8150 9993 -14
8288 1272 16
9585 9041 -16
4418 3277 16
2783 5526 -18
6301 7532 2
4157 2467 10
8881 6612 -15
5320 665 -9
6717 8 13
7602 3044 11
1325 9439 12
4611 3299 -6
8941 3709 -17
4775 3183 -17
9614 3990 4
2640 7237 -1
634 1270 9
2995 4563 17
4692 7186 -17
5509 8042 19
5415 2484 9
9729 464 5
3779 5251 -14
8262 1694 6
4170 272 13
2306 7377 14
3962 9729 -9
3178 8372 -13
7186 4108 14
8760 2492 15
1277 7648 19
7414 1927 -8
5142 1958 4
4007 7931 -13
2977 8319 2
3222 1797 -15
9800 7790 2
1399 5250 15
157 9558 11
2711 5598 5
8250 8627 6
1169 1954 11
6402 4256 18
8636 2983 -20
2496 9152 -10
7906 6980 -1
721 2350 -11
6167 1358 -2
2365 4610 -12
8439 6030 -15
7057 1015 7
2604 8306 5
6357 4361 -4
2846 9782 11
8404 4595 -4
9884 850 -11
1951 9731 -4
1803 3695 -18
7619 7336 -15
8655 9712 2
6507 3132 -9
5806 7988 7
9361 2242 12
2357 7269 5
5068 8352 14
3445 5144 11
9840 1841 10
2390 2020 1
444 2425 3
4924 4568 14
9302 7789 18
505 1950 3
3268 839 1
3666 9845 17
3974 9642 16
1651 5866 15
2851 8176 -2
6582 6372 -14
7057 6074 -12
1262 6757 19
3867 1738 15
4098 2106 -7
9615 2812 -18
5504 8414 20
1625 8065 -5
8767 9811 17
8133 1854 7
6214 5542 -17
3164 9840 -14
5898 5674 -17
5614 468 5
4647 7697 -7
2747 1581 11
2951 1527 -8
2617 5715 -14
468 5589 -10
2221 8914 -18
9547 5926 20
5842 5278 -2
4762 6919 9
9403 7495 -11
3110 7678 -12
6235 7425 11
4334 6987 -12
1053 7084 -10
5605 2333 2
8586 523 4
2916 2591 -17
1418 1240 -2
3743 4361 -7
738 180 5
8535 2312 4
5720 1236 14
4030 9101 -8
6737 490 -3
4142 3662 -2
7025 3711 -14
4772 9940 8
9226 9279 6
2886 2222 -16
8731 4237 1
341 3310 17
389 6788 -12
9456 2277 13
1659 952 19
7491 9946 0
5102 5608 -5
3511 9077 -7
4379 4667 -14
1116 9546 15
1865 4976 -9
6379 750 -1
9063 5525 -6
7497 3997 -6
9604 9866 17
7517 2107 -13
8888 7922 -5
7436 4075 13
1608 4315 -3
4072 1721 -19
4631 250 -17
6045 5929 11
2543 6856 -18
9017 8496 8
2953 5800 20
9515 1471 10
4897 1464 -3
7220 6408 18
3549 4498 4
9993 8756 -1
2679 5615 -10
7800 6769 -6
2444 4538 15
8170 4896 -8
6682 7150 -6
8094 5948 -17
4160 5951 -17
313 3115 6
2365 5211 8
8617 1693 -9
2712 4896 -13
6880 4927 18
3048 362 12
114 7791 -1
3264 5209 11
8366 3654 -13
5174 3424 -17
2577 505 6
6305 5008 17
1706 417 5
7678 8315 -5
2934 6008 -18
3275 889 -5
7541 6522 0
2460 9673 -16
2118 3432 20
464 5390 -14
1847 146 -2
7577 5257 14
8862 7196 -19
322 7327 -19
4575 6647 -15
4716 3997 19
8505 3627 -7
4547 2078 -18
3810 8549 19
1807 9299 19
2210 5826 -2
9910 2277 9
7622 4595 -5
2351 4637 18
963 1103 -13
1570 9220 -17
7103 7123 7
8431 874 11
630 4809 4
9351 6297 -14
6107 4622 16
6676 7617 9
6733 6621 -19
7427 7383 7
7114 8037 -14
2419 2132 -1
9682 3036 20
8796 4349 -15
5571 8130 18
2500 1116 -8
5842 619 14
5509 4774 -11
7058 5744 19
8441 1419 -12
1027 4480 13
5470 6920 -3
152 924 -13
1737 9151 9
9889 9806 17
4621 1922 -1
1719 4180 -7
1995 2614 -9
2047 2423 -1
1197 9944 9
958 220 -5
6856 1176 8
5189 1244 13
1297 1886 13
5356 2562 1
6978 2276 -1
2140 9501 -17
7731 1454 6
9397 377 10
7599 8694 -18
1174 629 -5
735 3542 -11
8876 543 -19
9197 6899 -20
1045 9090 7
8401 1466 -16
4202 7406 -7
3887 6329 -5
1842 7190 9
9020 1845 9
5395 5726 -5
9232 7652 5
441 6279 -6
8484 6761 11
1758 2570 -20
9736 7899 19
1697 4316 12
6618 5225 -7
7451 1747 -7
1117 6864 12
5828 921 7
3118 1901 -6
4349 3340 7
3480 9936 10
4115 7451 -7
9979 5371 -1
3677 1982 20
8261 59 -13
9809 70 12
6734 1750 -8
1039 8808 7
1080 1236 -18
7926 7995 20
6861 2598 -20
4491 4874 12
994 6182 13
4193 3330 -10
4278 8252 18
4935 5979 17
859 9525 -10
9477 5948 13
6794 4848 0
212 6689 12
7545 2022 -18
3783 9394 4
9941 3211 18
5141 2131 -8
2688 7880 13
8699 8806 -15
200 6737 0
6144 9582 17
89 4247 -5
1284 2884 3
295 8788 14
8026 812 -19
1750 6482 -19
8881 757 -5
2427 8295 -20
3594 1749 11
8204 1347 -1
6297 9305 16
6293 153 -18
5593 5075 -11
6052 6391 17
9499 1997 -6
9469 8401 4
2894 9150 5
3443 3292 17
2164 7208 20
4512 8515 -12
1894 9437 12
2774 2748 1
8369 5203 -2
7362 6740 19
7958 1194 6
7002 472 -14
7419 5548 8
8719 570 4
1332 6160 -10
7210 4893 -20
8566 1737 -2
7069 1228 15
1119 3043 -6
1444 7613 -9
183 9589 -9
480 4142 1
4202 1805 -13
2868 9187 15
3092 7252 -20
5523 5148 17
1856 8212 -5
7214 4355 10
3289 5654 -11
351 6820 1
1004 6522 12
1453 2494 0
9252 5202 -17
3416 5703 14
2005 1365 20
5650 5206 1
9679 6500 5
8535 8003 -12
3334 5549 -20
6310 9485 -6
4253 7568 -9
2599 3306 4
1313 6436 -2
534 8964 -2
7408 9297 13
1432 2273 0
836 1945 -7
2861 5614 -19
1943 6093 7
17 101 -15
4724 8106 0
5859 4528 14
9081 5076 8
7432 5838 19
3441 721 15
9088 5504 18
3088 5854 -4
8161 4824 13
43 2398 18
1646 9075 19
5634 8591 -20
8895 2094 12
8563 8881 0
6139 5275 16
4504 3834 8
2073 8806 16
2715 7236 -7
477 1315 2
7879 2795 -10
8543 1231 15
5495 9405 7
8417 7752 9
653 8120 -12
5074 5321 15
7397 9027 4
5235 8232 2
5782 3466 11
6085 6896 5
396 6262 10
2858 5466 -7
5687 7799 11
8504 918 -8
4471 172 -13
2207 9594 13
1951 7764 19
519 9985 4
4941 317 -10
3676 9683 -13
2956 8202 -20
6217 5621 -13
2717 9231 4
5265 3498 1
8828 2840 16
5386 9367 0
559 7227 12
6640 8259 3
6188 1697 -20
1500 2207 12
2838 5351 7
8225 6635 18
2535 999 0
9669 296 16
484 3651 5
8124 1300 9
6586 8586 -7
6337 7004 -11
3446 6603 -3
9427 4345 -7
1984 4741 -20
3982 9451 16
5187 7418 -4
9301 9022 -14
801 2509 -1
6523 2176 2
56 3534 -10
8701 8755 15
5212 5275 12
7374 6898 20
7542 5172 0
6477 5302 -20
3972 2304 -2
9761 1514 -19
6055 6424 18
1192 686 4
1205 6040 -16
987 689 4
7604 118 1
3471 6207 19
3792 3014 11
2377 7167 -7
924 7378 -18
1713 3353 -13
7442 3006 9
7187 626 -1
3060 6152 -17
8625 4949 8
412 4531 7
1510 6702 20
8992 84 15
7274 6767 7
802 1759 -10
8147 2571 -20
41 127 -4
8379 6418 17
9961 9980 5
9179 5528 20
8480 4823 2
7248 1787 15
1708 1851 -17
2131 1755 -20
1540 1700 9
2986 7684 12
1208 6894 -6
2049 6387 1
5936 7596 -6
7751 2968 -1
3104 1025 9
7937 8434 12
1509 821 15
317 192 19
1456 7942 8
6185 6478 -18
4882 2311 -2
2032 9315 13
9781 9032 5
6694 5899 4
1224 3619 1
3868 8967 -10
1857 2191 8
898 4504 -17
9179 490 6
627 425 11
947 124 18
212 6615 -3
8861 3474 5
5114 3772 10
6196 6406 16
39 5763 -13
4612 3880 -11
8620 8386 17
6715 4296 19
4056 6434 -8
1542 9114 -4
5501 9510 -8
2191 2826 19
5615 3871 -12
2904 5032 7
6277 2901 5
2076 1082 -15
6909 8694 -8
7592 2237 -10
5364 8752 -7
9499 9635 -20
3683 585 -13
4399 6931 -20
2680 2021 19
2734 3933 -10
3081 9714 0
4877 940 11
5415 2046 -2
522 293 -20
1131 2488 -4
3222 364 -3
861 13 12
207 2788 0
494 6076 2
7728 4815 10
2564 5396 4
3754 982 -11
8478 8101 0
3207 5498 2
3593 3033 6
801 7311 -2
9324 4917 19
213 8065 0
3709 611 18
6237 5749 6
119 7343 -13
3732 5658 8
1648 3236 -4
7693 8061 -10
6495 8450 -4
830 824 -18
2204 3292 20
4578 9070 8
9658 3041 -2
6915 2678 -15
9106 8819 4
3558 1425 8
7418 7447 -10
9861 1770 18
5385 2236 17
3719 9807 15
5333 7354 6
4754 1719 -20
291 3855 -1
6051 5586 10
714 3873 -20
8481 3544 -1
481 7041 1
9975 3832 -15
5336 5365 -3
6511 878 -4
7717 9951 -11
9029 3817 -14
4941 7647 -18
4378 630 -7
3487 9887 -4
8128 3762 -2
5095 7067 -4
1612 2783 -5
247 652 -14
5221 9103 -1
1525 1502 -19
4298 2459 -6
9070 8109 -12
9342 6145 -1
9816 5597 1
4554 3258 4
1856 5390 11
8461 2305 -5
8565 5384 9
5289 9050 -9
7853 3739 10
6289 3229 17
2574 9961 -20
4841 420 -20
6698 8043 11
5352 6791 4
3272 5260 -10
2609 4830 16
7826 4793 10
1230 7822 -19
895 852 7
1798 4994 13
897 170 9
4084 1006 1
5878 9677 -13
4238 9096 17
7294 3376 -3
4967 5482 18
951 7147 14
6163 4634 8
7406 4435 -15
9443 4051 19
948 6805 2
37 2042 -15
8903 1358 -11
3986 9478 -2
178 5556 -6
4237 9002 -4
418 1149 10
8907 672 8
3326 5529 -18
5409 410 20
4569 6261 -5
8162 8722 -8
516 7385 19
7209 6310 10
3853 4410 1
6195 8682 -5
4076 2133 16
7011 50 7
1885 2430 -15
4127 4249 18
2960 5222 -5
7305 1026 -3
8085 7273 1
6332 5202 10
5183 524 18
7226 5082 6
6685 2934 -16
3741 434 -1
4561 5295 14
7173 8400 12
6640 2223 -11
7 2641 -4
6356 7321 -7
2181 4895 18
6047 5216 1
1328 2108 -5
4098 9207 8
9651 1783 -10
793 1533 -19
8859 8801 -1
3927 7333 -2
240 1915 4
8922 3188 9
3718 5836 13
1857 9784 -2
52 1255 4
6258 7646 10
868 9134 13
8114 8602 8
1431 9410 19
2409 5191 -2
2875 608 3
7438 4048 -13
2226 6670 0
9118 925 -9
762 6722 -19
8809 6170 -2
2265 843 -20
8128 5181 15
543 6277 -15
8153 5625 -19
1120 5499 -10
3056 7059 16
2223 9264 6
2822 8102 -4
2730 8757 19
629 2683 -10
8786 4363 15
2110 7012 -1
2773 8987 -9
891 7177 -4
5203 3079 -5
6203 5117 12
7254 5083 -19
8186 7755 -14
4636 7542 -11
1708 2830 -11
8355 2869 7
5497 7566 6
2436 7060 19
700 265 -5
2662 9665 -7
2323 573 -11
6395 9421 15
4870 8461 18
2676 7311 17
9048 8897 -14
6973 8299 8
4041 2471 18
9288 7862 -12
6153 9543 4
6156 893 16
9682 71 -3
4169 1391 -11
89 7527 12
2354 6022 4
4129 2699 5
2507 5023 -15
8963 9994 1
1594 9178 -18
5209 9505 6
2296 9010 10
7616 5435 18
123 2162 -12
6431 6092 -20
1673 1183 2
6447 4997 -13
5037 8127 8
6509 9498 5
4456 7056 5
4606 22 -6
9006 8506 -8
7549 8408 8
9163 28 13
8474 9210 20
8765 1299 9
1750 5914 -16
6411 8605 11
7104 1759 -14
1126 7129 16
5137 4889 12
6508 1601 -11
5889 4950 -2
9304 3599 11
1451 4356 -6
9212 3479 12
6711 3491 10
2754 7588 9
5284 3923 4
966 7627 13
9044 4915 -19
4578 8286 6
7101 8387 20
5388 2605 -17
9169 3390 17
9785 3754 3
1449 8907 4
553 2864 18
5275 825 -11
6079 769 5
2553 3220 -15
9242 2945 2
5708 9534 10
7114 7280 -15
6109 6947 -20
3697 6275 5
4685 1422 -17
1896 9821 -9
6582 2749 11
3827 9045 3
2857 6580 7
3106 1531 -10
5499 7132 3
8935 317 -10
2374 7443 -11
6144 3358 -9
809 5470 18
4842 8086 11
9588 7565 4
5096 6481 14
2482 1325 -11
4204 4212 19
5935 1843 -19
9228 8480 19
9943 6875 -12
8976 4876 -5
1563 3591 -19
8883 1943 -5
8791 9180 -9
3144 4619 -4
7818 4110 -5
1125 6579 -19
4900 6149 -20
2117 1760 -6
1504 7998 4
5956 5967 -10
4680 4162 7
7217 8415 -11
2865 7176 -8
3594 5132 11
518 8768 -17
4237 9325 -2
2020 8748 18
6091 6661 9
1314 9971 8
7798 1862 1
6031 5587 18
9046 3644 -9
7355 3869 -1
4373 8403 0
2347 9153 -8
9035 8303 12
3678 7009 9
2784 5096 -10
3103 2963 -17
6091 7668 7
5235 8795 16
2525 6875 19
8338 5092 2
4070 4345 -6
8457 4524 5
1775 8697 12
8211 9125 19
241 5387 8
606 3665 15
7800 3432 2
3316 4550 15
5671 5375 -1
6124 3656 -17
8641 8512 16
357 5324 -2
6603 605 -7
8237 4512 -5
1681 1076 -20
3054 462 11
634 2256 -7
4486 8248 18
9330 3575 -16
1504 9214 18
5780 8033 17
8207 6934 -1
8592 8877 0
2061 8883 7
4030 6840 3
8118 4662 10
2456 2411 8
5999 8678 18
6495 972 -9
5473 1765 -9
5259 517 -20
8120 7327 12
8254 4018 20
6607 9519 8
1020 9935 -3
3516 6484 -8
2594 3234 15
3107 6676 3
5531 7116 -10
5479 8195 7
2175 2726 10
7026 2647 15
5283 6332 3
8203 1557 19
246 9050 17
926 9021 -6
2818 2246 -8
1303 1459 4
5370 2063 -19
594 6610 -14
4856 5656 -12
9271 6544 -18
6318 6594 19
2269 1631 -4
3222 9832 -16
8384 3927 -20
1527 1744 7
7168 9541 12
130 6347 -2
7594 1484 -14
7455 2132 2
390 6814 -2
2988 9655 -12
8012 2266 -15
2880 5831 10
1204 9324 -3
7819 7530 10
7377 4067 8
5247 7525 9
1566 8241 20
1910 4529 -2
5999 8592 11
3581 4605 -6
2103 5116 14
806 810 15
5536 9916 18
3029 44 -5
3578 4302 20
1314 2575 15
6066 2001 -12
7206 5574 -1
8262 471 13
6989 3642 10
8296 628 1
3417 734 -6
9851 2972 -17
7231 7204 -20
9572 5269 -5
4762 3830 -16
7748 674 -6
1058 5388 -20
2057 7566 6
9291 3881 -6
9815 5986 1
384 2359 12
9654 7015 -15
5159 6479 1
6869 4152 -1
464 1883 1
2715 9910 -5
6642 1578 2
1512 3706 -14
6836 6021 3
7333 2251 -14
2843 6355 -17
5244 9672 -19
1904 4272 11
8623 9838 0
7855 5710 -15
2556 4600 10
4544 5838 7
945 5054 -20
4932 9192 18
1087 4741 20
9347 425 0
4859 4730 -8
8415 1890 0
2758 3392 -6
9689 7707 -14
9342 8840 -6
5924 6744 -1
9251 1359 15
8782 7887 13
4600 1322 -7
7529 2684 14
7588 7558 16
3252 1058 3
8331 3801 -15
674 4361 -16
5851 2983 9
8119 7025 3
1733 2228 17
5547 53 -13
790 7444 9
6356 3327 14
4378 528 -14
8880 8710 16
7995 141 11
3561 2484 14
3513 1626 -2
6924 2295 -12
700 3300 4
1730 8222 -14
7702 6215 -17
9344 4080 -16
2972 9460 -9
1285 2555 16
9544 8628 -4
4436 7496 20
8751 3267 -1
9369 1186 13
329 5991 -8
1306 4008 6
5183 7696 4
626 7631 14
953 9638 -4
5646 4481 7
567 8688 -3
4285 2364 -4
6360 8757 19
3950 1493 16
9202 6459 16
7063 1022 -16
1859 4107 -9
7313 2315 4
9877 395 13
2538 7787 -5
4391 8837 16
8898 728 -17
9084 960 -9
9855 9647 -11
1594 6296 2
7431 768 12
9439 2128 1
3619 1053 11
3117 810 -4
8498 7364 14
145 5438 -17
8375 107 16
7102 701 15
7432 7040 10
5033 5423 -3
6877 2171 -15
5656 1290 -6
5829 8647 6
2078 8886 12
3208 5053 -20
1306 3586 10
2640 4222 -4
3702 7710 11
627 9062 11
1302 4394 11
8846 2765 17
9737 4174 -16
6037 5397 -12
1970 1628 -6
8584 3057 -1
2015 4275 -16
623 588 9
4506 4086 -13
5654 3839 20
3775 314 15
2245 6385 6
2528 4927 19
3684 8867 -4
3852 5478 -17
4059 5988 1
6174 6398 13
1304 9442 3
3838 9719 16
6274 4277 20
8479 4981 -1
3151 3211 16
7083 4298 15
8440 9136 0
2695 5813 -6
2304 2005 -15
8228 4010 -14
1735 7062 20
2349 3142 -3
8302 637 5
5281 1016 18
5655 7244 -1
3423 2432 15
1853 5141 9
2552 3486 17
1861 2968 -1
8327 7499 -11
623 5929 -15
5837 3836 -16
9754 1257 -5
9923 2844 -6
8306 449 0
6338 8661 -16
5511 6890 3
936 3090 -11
7515 9054 10
9880 1996 13
4504 8288 3
1867 5680 7
7807 2799 -16
5341 3829 19
6637 7014 -8
5417 8934 3
3192 5234 -10
2014 8627 17
8171 3973 -9
5730 3463 8
2234 6517 7
5682 6227 6
2145 2357 -19
9303 2823 0
2133 8414 12
5992 4520 0
9976 1804 -10
5675 7568 15
7773 7374 19
7104 4568 20
6345 1808 -6
5980 5605 1
7664 2457 4
9829 4223 -3
5697 7770 0
1985 8359 -19
7404 9630 -3
282 715 1
8404 9965 -13
5623 9140 4
1194 3624 -15
7447 6278 7
6671 364 10
8144 5628 -18
9603 7251 3
687 8512 -7
9760 2874 -16
5088 1304 -15
926 2080 2
6415 4083 16
4351 1674 -10
4043 7407 5
4217 9961 19
1118 9444 16
4852 8990 -6
3322 109 -14
6873 6166 5
847 5911 15
6626 5922 -19
3641 3352 5
5101 3042 -2
7165 8194 4
7422 2742 -9
8467 1952 7
2758 2348 20
7265 4867 8
6189 5456 12
6363 9868 3
4609 7133 2
6251 4725 -19
4501 3081 -16
740 4894 7
5211 9323 20
9336 304 16
8552 6354 -4
519 8512 -12
2774 5170 -13
5698 4127 12
6427 7794 10
5897 6463 19
8209 4501 5
7173 2589 14
6694 2285 16
5089 1123 0
2757 3629 1
6028 9295 7
5761 4412 9
9550 1761 11
9669 2370 9
2116 2112 16
768 2577 3
6549 5713 -17
3686 8013 -1
7840 7318 8
139 5854 10
5322 3917 -15
8324 356 12
1882 5239 -2
2458 9306 -13
1612 4057 5
7760 2054 18
5783 6934 -11
9625 8607 -4
2015 463 4
3628 9047 -1
5454 262 -8
2353 4619 0
2970 1769 10
1952 4740 6
3380 1320 -8
3104 8252 14
1821 277 -20
5605 4534 2
4697 2696 18
6607 5676 -15
3802 8274 -12
8604 4267 -6
9118 8899 14
4357 1788 13
1138 5810 19
8730 4627 14
6653 8920 11
1053 7782 18
9366 4459 -15
2222 7313 -11
494 5615 12
8796 5745 -2
1949 1417 15
553 2151 -17
1704 3402 9
766 9634 20
1196 9909 -14
4101 8173 3
2421 3061 -12
2190 1466 1
1513 3134 1
8534 1413 11
8163 2755 -13
5192 7103 19
130 9604 13
7564 7391 -16
8440 4979 19
5369 5598 -8
3276 6473 -19
5626 9785 -6
4001 5289 -5
5049 388 -17
5855 1233 13
8419 3488 -9
3016 2778 -11
6256 8735 5
9379 7423 3
3050 9494 -4
6283 2283 4
101 9029 -4
2104 1706 -9
8669 8640 -11
1693 4905 -15
438 4307 9
7219 1164 -14
8050 8960 -6
3730 1646 -1
1494 2244 2
7461 9903 9
5939 6517 12
6808 7142 5
7379 2194 10
4679 8675 -5
5995 7385 19
8956 6891 11
6117 4330 10
8339 9709 1
1375 4278 -5
4393 1176 -2
2851 2860 14
219 5163 3
4443 1696 7
886 2347 -5
198 7814 17
6276 9638 4
4866 6398 -10
6007 9762 -20
682 1377 16
5885 690 4
7238 723 -2
963 6720 -20
5419 6378 -10
8679 5506 -6
195 2054 -15
880 4778 10
5005 2021 10
9288 5997 -15
7413 3609 -18
280 4912 -7
2433 1626 -4
6173 2796 7
1769 9095 -3
2831 6193 5
2874 7501 -6
5158 9403 -19
6701 746 16
6120 4459 19
1417 3946 16
1132 4008 -7
327 880 -8
6747 7693 8
7689 2617 -5
934 8341 17
9457 1365 6
8763 9438 12
2661 3626 12
2792 7990 9
4563 5006 -2
4419 6871 17
9389 4337 -7
66 39 1
7057 5487 10
1213 8685 -10
1404 4015 -2
7369 7593 -14
6973 4796 -7
7325 9260 9
5696 1433 -3
9923 4804 -6
9874 6918 9
3699 8846 19
5541 1929 -13
6549 2473 3
4990 3795 -11
2746 2242 -9
3585 2664 20
331 3604 7
6833 9121 11
8630 6320 16
5584 396 2
9618 97 -15
5949 8248 9
6805 9792 7
4676 697 -3
992 6587 8
2003 6486 4
1096 814 7
2962 5714 -2
4905 7104 4
8300 7722 2
7635 4744 0
2389 8489 -4
2200 8900 -11
1083 3223 -20
9535 1126 -20
7937 3685 -15
8019 5229 3
2624 5579 -10
5397 2192 8
2878 4293 -19
3305 1014 -17
5539 736 12
6900 5472 -3
2739 3057 4
2796 4351 -18
9114 2313 15
8288 3474 2
2023 865 15
5867 8623 17
8820 8064 20
6579 5825 -7
6586 6914 -10
8372 5962 16
4879 5047 5
3546 8900 5
855 4875 -16
9906 3736 -19
7800 5369 -4
8818 4408 -17
2484 450 9
689 1095 -10
7275 1851 -15
1973 3823 4
2868 1960 14
319 2883 -19
4780 247 19
7727 1072 6
7080 3645 7
7369 6089 -4
8371 7322 -2
8842 5392 5
7008 8019 -13
1766 9591 20
2126 4989 -2
3165 1627 9
8874 7214 -7
1009 6389 15
6953 1757 -15
5516 5205 -4
1039 9159 11
7487 4657 19
4415 1944 4
5484 4487 -4
5330 2238 18
2715 3002 10
6198 5337 -16
1830 9875 -12
5203 2837 6
5130 6935 -16
400 4283 -16
5074 8351 17
4599 3564 17
5638 4252 17
2702 1919 -3
9668 5449 17
7920 203 -16
5132 4704 -1
3284 8886 -1
3144 3241 15
7148 6794 8
4234 2719 12
8249 6602 -20
7639 7875 8
971 9287 16
373 7314 -18
3042 8399 3
7033 4125 4
8531 1791 -16
7052 5440 15
1304 5663 18
704 2812 -4
3588 2034 2
7573 3603 -20
5152 2875 -17
8742 5494 -4
7197 7832 -4
6174 783 9
4116 13 20
8715 502 3
7188 8308 -20
7470 3904 2
7308 3101 11
7039 4133 -8
3087 2306 8
8951 2487 14
6348 7470 -20
1016 2831 -18
584 8691 -19
5062 7678 17
2077 5152 8
6704 3395 13
6200 3906 -19
8696 3322 -13
2302 9103 -19
902 988 -5
7777 5873 -17
1355 4695 -18
2711 107 -13
979 8116 -11
6598 4830 -15
8136 1736 13
3660 1328 -13
8032 3124 9
5094 1844 -4
514 3868 9
3204 1994 0
4977 5812 -12
1141 9148 -1
7154 5775 14
6623 9603 -9
3900 7558 -14
1518 8559 -13
697 4120 11
7641 7436 8
1601 5217 6
1964 1242 -17
8657 9139 16
1398 102 6
8167 169 -8
7416 8060 5
3346 2228 13
6262 4306 7
4727 8381 -4
9373 1278 -14
3135 1445 -1
1579 1652 8
5260 8481 11
6323 3002 -1
6081 5762 10
1147 758 11
4529 2564 -19
8090 5159 -17
9466 7597 -7
7754 412 6
3381 7984 -15
2505 1265 -6
2343 2072 -20
307 4489 1
6393 8775 14
502 1859 18
2159 7662 -5
3689 1163 4
4245 272 1
5606 698 17
9794 9820 -5
4574 4912 -1
6268 2053 5
4395 5758 -7
1284 3266 -8
2447 2487 -11
4679 6851 14
4236 8374 -8
2612 9907 11
6390 2684 5
1688 3877 1
4412 3388 7
2480 6365 11
1085 1580 -5
7475 825 -14
352 9799 1
6342 3714 -9
5102 9816 19
9532 6907 1
4649 7707 1
9426 9686 12
4942 9234 -15
5984 3787 12
1890 3772 11
4861 5749 -17
3821 35 10
3591 308 -9
5824 4206 0
96 9108 3
139 236 -2
8026 790 18
443 5534 -14
1926 5491 7
1330 3675 14
5290 5797 20
4691 6449 -6
7137 5679 5
7551 6398 -11
4141 4746 -3
1851 3258 -18
7971 5310 -12
5624 925 18
6087 7756 16
8452 8134 -10
5489 3981 -10
1068 7435 -8
5990 6719 15
4953 2394 19
2385 7964 6
9123 5134 2
8605 9986 6
2191 7381 -9
6231 7214 10
9248 9023 -1
3188 9372 3
4915 8995 -13
5680 171 -3
6416 1531 19
2585 5452 -10
7903 717 10
5909 6423 20
6965 2170 -13
48 7727 14
1007 7543 9
3185 9737 -4
8870 1441 11
4857 6073 3
9214 1856 -20
374 1128 -7
2522 1074 6
2425 8741 -5
2675 3930 -7
3287 531 10
9077 7074 -16
6894 1304 -17
8572 4538 -7
4020 5210 19
3502 6681 -1
4606 8336 13
4249 9489 9
8594 7658 12
1092 2248 4
1688 1300 -9
815 345 -14
1485 5700 -20
8359 9649 -9
4716 4470 -15
5801 9886 -7
6902 9285 -13
7638 6702 2
4828 2196 6
703 7862 -12
6004 6439 17
1878 9256 0
5216 4918 8
707 7003 4
2376 586 -14
6459 7081 -5
6428 2190 7
3149 5699 -5
5453 9967 -14
8153 1681 -13
8389 4099 -9
48 379 -4
3593 6488 18
2765 1257 18
1817 9577 12
625 7406 -18
811 9330 -18
6972 2915 -13
375 9643 -2
8482 8915 3
5698 7120 -15
9588 3628 -15
7445 935 10
2086 9013 -3
7817 9935 18
3006 6418 16
3100 7451 -7
5314 9790 17
8903 398 11
76 7370 -4
4839 6690 -16
6977 5584 -14
4969 2992 9
8629 606 -12
7498 6977 -18
191 281 -19
7161 5715 6
541 1292 -5
5456 1727 17
405 6706 11
4795 8775 -7
922 3672 -11
523 355 10
6772 3434 8
2487 4277 3
5693 4327 -10
5742 2268 1
476 1949 -16
4196 8687 -5
7522 8851 12
177 9867 2
6252 6522 -11
2735 7120 19
4600 2453 11
8380 4316 -8
1780 5970 2
6205 8861 13
707 6874 2
1327 6864 20
3398 2530 0
498 8378 20
9839 4423 8
1898 9401 14
675 3222 1
2905 8461 -18
4642 8774 19
5189 8832 -12
1135 4043 -16
7810 7213 14
1976 3248 -7
3735 5581 -6
8325 9543 7
5661 4360 -8
2829 8991 13
9718 1855 -18
4355 269 -5
3824 9342 -16
4054 2036 -4
6399 9581 6
8328 8722 -1
8331 9465 1
6376 461 14
9336 8497 12
1230 2605 -10
7675 509 6
7284 1676 14
5850 3123 16
3260 8959 -12
4349 7930 -5
7646 9760 9
5138 5752 -2
4788 3291 -19
8267 357 13
4646 4239 14
3785 3751 -18
308 9915 -16
536 9523 16
5451 2468 -7
3804 2398 -16
4738 2527 -6
1733 1220 -9
9900 3629 8
2295 6167 -4
8866 5324 15
247 33 -8
7927 3273 -8
2656 8445 -14
5141 9906 -1
1098 4661 2
7854 3549 -11
5245 2470 -4
7238 5494 -16
8146 6722 0
6568 9089 15
9518 7313 -9
9908 6082 -7
8937 8476 13
7862 9988 10
328 766 0
6465 7482 -14
5545 4915 -11
8417 870 7
1147 9415 -9
175 8810 -10
204 3386 -1
3496 3911 -5
7972 4153 8
3655 7325 8
8162 9234 14
6515 4767 11
3266 3593 -2
3723 6408 -14
820 6452 13
3963 2117 4
4495 1741 -10
7219 3231 3
2548 420 -15
701 7203 -20
6061 3026 10
5494 5928 -7
3756 7056 1
6250 9776 11
9409 6969 -12
7054 9530 8
6702 538 -10
7466 8051 1
3510 5859 -1
8727 4298 7
2152 1632 -15
404 3593 10
7821 6724 -12
7462 6976 -4
3904 5807 -8
8931 2175 -12
1275 9647 -4
5097 1068 -18
9165 1580 -9
7223 7531 16
6933 9062 -1
960 5744 -18
7465 6040 11
1434 1267 8
22 6005 -15
4291 9866 16
4263 9861 -12
7559 9465 -6
1633 2215 0
7329 2808 -4
7202 9702 -14
9150 4776 -20
2105 5017 14
689 9894 -9
2643 4902 2
4402 3265 -2
6780 6917 -6
4411 1480 19
9558 1756 -4
8584 3930 18
5969 4580 11
6488 7545 2
8680 9616 -10
6295 3671 -17
713 3472 13
4304 2632 -5
3820 7619 7
7567 4495 18
7287 733 10
2370 3278 11
7950 4398 1
2828 1936 5
6980 7217 11
3823 2782 -10
5625 3687 11
2698 5634 12
1221 766 14
9647 693 -19
3213 277 11
2784 4537 2
2217 6535 -19
6549 1578 -1
38 4454 3
5491 3140 -8
4167 3143 10
7652 7883 16
2182 9185 -2
351 9812 -19
4576 7608 8
2520 210 -19
2899 8769 -14
9536 8148 10
5767 4400 -10
3554 5129 16
6377 8017 16
5364 7183 -5
8897 1873 2
4833 7048 -19
5869 4029 -8
3081 650 -16
3020 4157 -9
9798 2457 4
6287 4974 11
3650 3762 5
8943 1825 6
1001 4746 -13
6377 8056 9
1444 848 -14
4359 3296 6
9083 6803 -10
3875 194 1
3196 136 -9
8902 6433 0
3908 3498 -10
9061 8255 -16
4165 8125 1
3056 713 -2
5868 4356 -6
6884 5119 17
7758 6087 6
2310 132 9
7867 6215 -6
4872 2920 2
5400 2086 -8
6026 8574 20
1865 2560 1
6778 4325 6
1531 9577 12
9267 8384 3
9245 9117 -7
2882 1820 -13
5540 679 -9
4139 6688 7
2728 9740 4
2304 3181 14
6266 3554 2
4047 2593 -17
2063 2220 8
3066 225 15
6578 9766 -12
6660 1974 -6
1935 9162 -15
5371 1958 -20
4522 1341 13
2327 8990 20
3105 8896 13
8875 5053 18
6418 7147 -19
6733 8129 15
4868 6601 -19
5605 2034 7
3974 1966 13
2918 5272 9
4994 2680 -3
7860 2387 19
6504 4665 -13
7257 9256 -19
3063 2694 -7
5448 8872 1
6237 5186 8
4723 9899 -17
6724 9506 -6
2469 2007 -5
4613 7433 16
4386 8475 16
7696 1069 15
8748 2913 2
7647 785 -3
2430 4266 -2
1995 744 16
38 4627 9
7579 9109 -12
5267 8005 -9
1208 3024 5
4611 4398 -14
1752 2992 11
9268 3278 -18
7800 9465 5
9334 3024 15
5797 6274 -11
4242 1627 -13
9647 5334 10
48 2632 -7
3837 7715 9
461 3110 20
9440 3100 8
6545 391 2
916 7388 -11
2052 5648 3
6173 8273 -14
97 6138 11
1839 3090 -17
2022 4829 -16
6895 2504 -20
165 4416 18
4566 3498 11
4838 3826 7
4651 2905 -1
2036 113 -14
4643 2011 19
5266 8030 6
3934 5136 -16
662 3084 -18
8277 146 19
6369 5220 -19
8714 3433 19
2696 7449 -11
8654 8135 4
5446 9625 -12
669 636 5
2141 4845 6
2115 4068 17
9279 7269 -5
7464 5264 -14
6979 3044 18
101 5904 -3
6300 917 -10
8569 7400 -20
7337 7445 -18
7750 4079 -7
6006 7802 10
8507 7889 0
9531 7856 -17
9024 5622 10
363 2242 -7
4189 7348 1
3063 1397 16
1646 3218 7
1442 9716 -9
2215 3653 6
2967 3170 -1
5370 4617 -12
9164 2593 4
3419 3790 -3
5305 3661 6
3838 6806 14
1490 1132 2
2253 3770 4
7726 4160 -15
5957 227 -3
5511 8424 16
8824 6177 -8
5718 2527 -20
4394 5418 -6
8900 4061 10
6599 1532 -20
1854 7671 -8
2913 5167 -8
4931 7726 -14
348 6498 -7
8502 2470 -11
7067 93 -14
5866 1850 -17
2332 9938 19
2401 2783 -2
511 8410 -4
9528 1119 -13
311 7643 -6
6472 6280 -1
1712 2098 3
275 1228 17
993 9017 -5
7296 1640 -8
6864 101 -8
4255 559 -12
863 1759 -4
1381 8644 11
5431 6126 -18
7718 7556 -13
1251 3224 -5
6452 6853 -11
8891 7308 -4
4357 1592 -4
1211 6976 2
2375 3016 -19
5034 41 -20
1383 3877 4
9377 9028 8
458 907 -5
244 4799 -9
3241 2078 18
3340 8651 7
4528 1159 5
527 9101 -19
562 1802 -7
7805 6236 20
1831 3940 7
512 9184 -3
5512 9955 3
1551 8936 10
6041 7709 -16
3018 5594 -2
5671 4412 -18
7696 2082 -13
2725 5521 -5
3672 8593 4
2778 4975 -15
2322 2185 0
5398 9530 -13
7215 3947 -15
4686 5482 -7
8397 9145 6
1452 1279 -14
5065 4304 -7
3250 3016 16
3615 7086 -16
7144 6074 4
3019 1619 -7
5431 4749 16
7789 3950 1
5949 5903 -18
2441 1182 -1
620 2796 -12
3819 469 20
1838 9492 -18
6950 7101 15
7735 3250 -9
6598 815 -11
7520 1336 -17
9194 7958 -12
1061 683 4
1716 6381 3
4186 2121 13
4483 2452 15
5319 4221 14
3923 8867 18
4029 3049 -19
7028 1893 -15
6305 7568 -15
5288 8657 -8
7313 3705 -16
706 7116 -20
7788 5976 -16
7607 5124 -4
7492 8808 -4
59 5976 -20
5986 6878 -9
2624 5443 -3
6767 9789 -9
4993 9161 3
6164 5976 0
1988 6287 16
7713 8932 5
8428 7344 1
2255 894 -6
3511 2278 -19
5968 5957 9
156 8873 18
6336 4939 18
5286 3856 -5
5377 8950 10
2895 1468 -17
6597 3724 -9
3933 2287 1
1725 619 -8
5081 801 -16
6498 5049 0
6673 1299 -12
6541 3143 -4
3190 7455 -7
8519 5687 14
4764 4912 -15
9976 3185 -19
4347 9850 20
3469 274 12
1852 5765 -20
5396 2307 11
3884 3823 13
9495 5851 15
7151 9552 -7
1989 271 7
9352 6045 -11
4953 2970 12
678 1141 2
7487 7809 -7
8027 6525 9
9943 3755 6
8483 8217 -14
5690 4862 -10
5349 3790 3
2436 722 1
609 3217 -17
1863 9990 -8
401 460 5
3807 9635 -4
5986 4958 7
3263 2137 4
7405 5456 19
5855 6797 12
4410 6223 7
6852 7406 19
5718 1468 -6
6580 6618 -15
5305 6053 -2
7715 680 -4
5963 3821 -11
6690 3252 -1
6000 8233 17
5254 8521 15
6842 2654 10
5537 3208 4
7825 7207 19
7040 3837 -2
5248 9907 5
7232 1736 -2
8093 1224 17
394 9192 2
2185 5865 -5
4850 2729 7
7775 1896 -14
8823 7838 12
8905 3919 -5
7203 5068 -2
4182 6602 19
8806 6291 6
6805 8494 -5
1948 4170 19
9106 1381 14
8083 9646 8
3343 9571 -15
537 2569 -18
7304 5281 11
9000 8068 -3
3694 7119 -2
1002 3657 -12
4865 335 -4
3145 3632 -18
6001 7017 15
4742 9096 17
9920 9051 -15
2311 6553 -7
9220 2873 3
7010 8794 -3
4497 192 -17
4019 7043 7
3914 4748 15
2649 95 4
214 4248 6
5983 3836 15
5305 7360 6
2675 3043 2
4652 3423 12
4644 5785 12
6614 6147 17
941 3540 14
2774 6285 13
3625 4856 8
509 5449 4
964 7221 3
3673 9121 6
140 1655 -3
9338 3069 -5
1649 260 -12
2020 5218 20
2553 2842 -7
1544 2552 -2
9586 7706 -6
4745 8803 -14
5694 5752 -8
3130 8081 -1
8224 3214 -12
4324 7296 9
829 1771 -17
1921 2492 -5
3401 2288 -11
1232 7581 -15
2892 3410 18
3276 1740 -10
1098 7247 3
9956 9225 -3
3589 6450 -14
950 3467 -19
3247 4587 -12
3265 9609 -12
8030 807 -1
5221 9353 9
9025 3662 17
8790 9874 18
8987 7761 5
2656 8530 8
9396 1699 3
9354 1117 -17
5980 65 1
1160 1471 12
371 1430 -20
9538 3741 16
7607 3392 -6
395 9806 -14
3518 2544 14
1249 2265 3
8115 5290 4
9357 7741 7
5389 4814 -9
2121 3126 5
2793 8663 7
4181 2113 13
8404 425 -1
6982 4634 -10
5795 932 -17
346 6015 8
3675 5274 1
4694 6421 1
7376 4825 7
6808 7921 -7
1931 9060 17
7032 3227 2
4975 346 -11
2352 5434 5
4374 475 12
2010 9480 3
2825 753 14
3908 7440 -16
4705 6133 -6
8107 668 16
2799 7101 0
7113 5252 13
6690 9290 -20
9500 9459 0
2201 8292 -13
3881 1435 -7
9509 8787 6
8080 430 -19
6427 1457 -15
3611 9168 -6
3846 2693 -5
3963 3125 -3
997 9594 -16
6618 6442 -12
9407 6850 -4
9192 846 -19
9744 2999 -12
9272 9565 -19
3216 3418 9
6334 3700 9
555 4128 -14
8211 5119 12
7118 2243 8
8785 8038 9
9924 2488 14
5817 3701 -13
3196 8514 -20
4893 2885 16
3123 7292 4
6803 5409 1
7025 7534 -9
3720 9601 9
9195 535 13
2268 9082 8
2909 5557 -20
3541 3076 -15
3082 5108 0
7575 8216 -5
1198 921 11
6627 4184 -16
8690 6167 13
641 593 -7
5179 6503 2
6146 291 10
4638 5080 16
7348 6974 8
5999 480 -7
9153 7929 10
8336 4249 -3
5589 1725 18
8000 288 -6
4783 3469 15
822 2955 8
7690 2198 -2
2874 8384 6
8755 9761 10
282 68 4
5583 8067 15
8730 9169 1
2851 4302 2
6231 495 -6
6855 6108 14
6090 2406 -14
2487 5282 0
8757 9744 -10
7644 7894 11
8796 1581 -15
6006 6008 14
7332 6686 16
8744 2445 7
8824 7279 7
2874 6791 8
6983 1318 13
9034 6228 8
4317 6218 17
933 5463 -3
2572 4334 -20
9489 6582 2
7635 5558 11
7453 6314 12
1272 5920 -18
9286 9294 15
303 5617 -12
4623 460 7
9159 9706 -10
3692 9510 16
8252 4765 -6
3780 9055 -18
2222 4666 3
2237 2737 -8
9018 8160 18
7347 5478 -2
4867 3741 -14
4759 2280 19
8000 1314 19
2171 4729 -5
880 4889 4
6755 504 14
3657 2945 -1
7947 6310 8
4080 9287 -3
7329 541 0
9264 3756 9
336 8533 -6
9106 5309 -17
3999 973 5
7985 7241 3
9851 3282 14
9547 1498 -2
1688 7634 -15
5414 2214 8
1578 4747 -11
5078 4486 -18
5822 824 -12
4653 148 -6
8047 4324 -3
3818 7931 -7
1519 6578 14
150 4887 1
9072 7201 19
6039 4905 20
7625 1804 5
1865 8431 17
5547 9913 -20
7514 9855 14
68 3187 16
2434 3646 -12
2338 3972 15
2776 2500 9
1964 2951 -6
9150 441 -3
9580 5353 11
9273 4438 15
6825 1205 19
1009 1020 19
4366 3799 -14
5671 171 -20
1017 135 -12
9874 8308 7
8509 7933 11
9497 3618 -1
3746 1234 -3
8150 8498 -18
1706 1612 -10
7871 4475 -13
41 7997 -8
7063 7560 -14
9946 8614 -10
2542 219 -12
1978 5570 -14
2534 8853 18
7864 2793 -11
3190 4970 7
417 3284 -6
2731 1659 14
1462 9745 -16
778 5903 -5
6502 8598 18
265 8718 10
8270 5274 10
6760 8437 11
6967 4667 -20
5181 2203 -15
4012 935 10
7271 9045 -8
413 8365 -16
4183 5042 -8
7027 8797 -14
8567 9502 -1
8921 325 10
9658 8232 -12
4193 7472 4
6564 7218 -5
2264 2745 -2
3897 5374 -2
776 5572 17
4726 2054 8
6608 3310 -3
2449 3619 -12
8017 4608 4
1308 2745 1
5809 2346 9
3854 2135 3
8617 491 18
8915 8183 -11
9125 821 -6
2190 7269 -2
2401 9400 -10
4879 7846 -17
2647 6833 -12
1214 4739 -18
5221 8209 -9
1981 2091 6
3737 7796 -6
1875 742 9
2229 6682 12
7845 6560 -15
2053 6650 2
5697 744 -20
5357 8942 -2
2931 558 -8
7414 5794 18
6135 551 20
3620 3864 -15
5498 132 -7
5051 315 -20
3566 4417 20
9843 8993 2
7875 1654 18
7609 3250 15
6438 9931 14
7318 7806 -10
2449 4236 13
7613 1992 6
1898 6677 5
1510 1318 -13
3716 6257 -4
5972 9522 13
7432 4356 12
4410 2487 -3
5519 7363 0
5481 3672 20
8051 742 19
6483 7575 7
7552 5707 7
7852 9306 14
1947 8205 -8
1415 8867 7
1339 7132 -19
9346 8676 -20
1512 2783 8
8667 3070 -9
4821 7877 15
4235 6005 -5
5896 3130 -5
9337 1269 -3
5921 6335 -19
8138 6255 20
1727 9389 -16
5771 6291 10
5256 283 7
5674 5542 8
348 9107 -13
5080 8975 -1
8880 858 7
1973 5204 -10
9161 2718 4
931 4951 20
4561 9745 10
2410 4583 0
1759 4603 19
5129 8785 0
7625 148 -4
8113 3726 0
9186 2278 10
9740 627 -20
7683 9262 -4
4662 8071 -14
5163 7527 -6
1241 3309 12
1135 2646 1
6083 27 -9
8114 6131 13
9393 4526 -13
5658 8529 -17
6644 3969 20
3613 8469 18
5468 7105 -1
6450 7137 15
2025 2733 -9
9658 3150 5
401 8215 -19
6573 6895 8
2723 5189 -9
5736 5854 9
6119 7045 -6
9583 8908 -8
8982 5346 -4
9651 3234 -8
6323 3408 18
9850 7217 -16
9741 2382 6
4433 977 1
6619 421 -13
9077 9672 -5
6112 519 7
5973 3204 1
4418 4472 14
3296 2818 7
3801 8439 7
8214 549 -9
7440 4755 -6
5719 4535 7
2317 2825 2
8839 3661 -12
8744 1388 3
3982 3297 18
5843 2532 -17
6019 768 -2
6864 1126 6
6046 5704 17
6943 6769 -11
2077 879 20
7908 5614 5
266 3269 6
2048 5669 18
8826 236 20
9475 4951 19
47 2897 19
767 6097 -16
7249 971 17
5396 7875 -10
4757 8025 -6
247 800 -7
585 8863 -17
8415 7516 12
9760 9101 0
6085 6082 12
3411 2054 -1
9409 8965 -12
9086 7310 -20
3298 9675 8
5871 424 -2
1797 3256 14
7681 3250 2
2248 8188 -4
7514 7602 15
7759 7683 -20
9293 41 18
7572 470 17
3506 261 12
1065 364 14
7111 967 -4
5575 6787 12
8931 1403 -14
9393 9868 13
5168 667 14
5754 4135 -2
6975 4041 -20
8332 2319 2
7036 4565 5
3341 6567 -9
4554 6668 19
3090 4193 17
7406 2964 -2
4527 537 -4
663 9806 -7
6041 4361 -16
5191 2386 1
485 9550 13
6107 655 -16
2193 6772 19
4804 3293 2
4364 4428 18
472 3011 14
6766 8728 12
4155 7500 12
9807 6002 1
8302 6449 -2
2031 3281 0
7486 4051 9
1706 8224 0
8284 5695 9
8310 1370 20
3982 4453 13
2511 4000 -9
9054 6347 -15
3759 3054 2
4374 6680 2
8542 5575 5
4480 4486 7
8838 7011 -8
3013 4514 -5
2282 3207 5
1844 1513 -20
7678 5215 2
486 1184 16
2611 8863 18
2838 9487 8
7891 2174 -19
9847 7639 1
1791 856 -8
5519 9134 12
5666 924 -2
5248 1808 -12
310 843 -11
9999 8975 7
3213 970 1
8526 6597 -18
698 9644 12
9049 2666 -5
2887 9108 -4
8519 6334 -1
5130 2994 6
8098 8311 1
1004 8472 10
2751 7638 -17
8665 3840 -7
295 7976 -7
4695 7246 16
1004 7179 -8
9683 5851 -2
4936 2133 -6
2462 5062 -5
5297 5401 14
274 1560 -9
352 486 12
1365 3688 -6
8591 6388 19
3044 8342 -2
5365 8741 2
6832 4604 3
2092 6107 20
5112 2776 5
2498 1285 12
8313 352 14
1867 269 -6
5700 470 -13
7952 6981 8
7367 7974 11
659 718 -19
4259 4975 -7
1542 6366 -7
6979 6174 7
1191 8294 12
4114 6457 -3
8605 444 8
6221 59 -14
9708 3529 -12
5342 8086 -12
8421 9010 -9
8381 7838 0
1014 3729 1
9277 4005 -4
6632 6647 -5
3484 1115 5
2617 4919 0
686 67 17
8770 1952 10
7177 2633 2
9857 7836 -20
6926 6262 5
366 2227 10
4470 8662 5
239 7197 0
4537 5436 -18
5597 7514 11
9546 4495 -11
4367 3641 16
1730 3502 10
2353 4874 1
2806 5401 4
2113 8983 9
7568 418 7
9549 2635 19
9407 6467 -3
158 5849 17
1831 6714 3
3023 3213 0
9239 484 17
4588 6652 -17
5375 3194 8
4026 1715 10
4474 1058 7
2879 1111 18
6090 4238 -5
8275 2689 13
6455 9699 2
7012 6163 -14
5499 8617 15
2795 1111 -18
6822 6765 -5
4838 9068 3
6604 3742 -14
5208 1738 -14
5590 3140 5
2652 3623 12
8074 73 -9
9112 2406 -11
9287 5132 -15
1777 7145 -8
1373 5991 -11
7093 3326 -2
7404 751 -12
7749 2939 -11
7972 5477 -13
2175 6896 -13
7589 7442 -12
5202 7865 -3
4145 190 11
9719 6313 18
8598 4148 8
8495 7398 19
5289 3157 17
4089 8497 1
7466 5023 0
9276 4523 -4
5200 685 10
566 3072 3
6120 7881 13
91 2204 -15
1816 2493 -15
1026 1282 -14
3642 4615 4
7119 1448 15
6334 2270 -7
5957 8240 -1
3602 9786 19
2583 5263 -3
8660 4045 -5
9115 6203 -5
8779 4692 7
4009 706 14
8119 8350 12
8693 2936 2
7741 8988 -11
6925 8712 -18
2796 1906 -1
2807 1168 17
8727 1621 -19
2068 8538 -15
4196 1617 2
6119 8262 15
2995 9993 -20
466 932 -15
3479 372 -11
8146 2395 19
1217 3361 12
8196 7382 14
6328 2439 12
3428 4652 -4
5673 538 -9
9082 6491 -15
8926 4091 -12
2901 6785 -17
1040 8758 12
9387 3559 -10
245 3322 20
3515 4625 -16
6910 2855 10
4976 9024 1
9239 7205 17
378 8315 5
9033 5596 1
9885 8609 2
2487 8581 15
1139 1754 -11
6623 2736 8
9652 3066 -7
8449 4633 -5
1641 1444 -12
3326 3869 3
6881 146 8
4451 6534 11
4166 880 -18
1379 4813 -8
6383 1885 -20
8260 6104 10
9099 1361 -11
2203 3819 -16
5791 386 -15
4275 587 -11
4557 6126 -12
7168 3692 17
6655 2210 -7
1833 9666 9
2167 7084 -20
9039 9568 -6
5524 5103 3
9977 2273 1
5475 3604 4
8401 4687 -8
9592 240 -14
2172 8144 9
2277 3163 -9
1681 7351 19
2152 120 6
8519 418 -12
8914 6400 16
812 2964 12
2354 4653 15
8583 4995 17
1501 1741 -10
9765 9291 6
5529 6791 5
9538 8189 20
8514 1826 -9
7122 8909 -16
7190 6746 14
910 8439 11
2901 9524 13
5749 8133 1
4702 8179 -17
3594 9477 -16
3686 5234 9
5165 576 14
5462 9590 6
1052 2246 11
858 5760 16
3116 9813 -19
9889 4172 -1
1747 1834 -5
4005 5594 19
8531 7413 2
6208 3905 6
1601 1390 -3
3972 6563 -7
5195 589 -6
7487 4417 -13
97 3504 -11
9167 1802 -14
6960 1391 -8
5500 8455 8
4072 9615 -7
6833 2728 12
3555 6490 -11
6269 9610 -7
258 4571 -6
2417 6277 5
7470 8114 -15
6014 2316 18
3822 6050 -13
2899 3921 2
7920 3159 17
2541 6820 -7
3794 6315 -11
4415 9891 6
7080 8363 -3
302 2462 18
4970 4834 -8
6429 8194 12
7027 5653 -6
197 2562 -20
2927 9569 20
7296 8790 2
3217 8211 3
1859 1497 12
1337 2597 -14
180 6096 10
5463 4003 6
2283 830 19
7690 976 -12
5776 6615 5
3926 1596 20
7243 3486 -13
7060 237 3
3222 1239 -16
3506 907 6
1682 1755 -20
8036 2149 19
2439 9764 -8
3116 9837 11
131 5611 1
6331 7145 20
2775 3688 -3
3544 3707 -18
5515 7225 -18
9418 2946 5
5712 6078 11
453 1251 -9
9675 9444 0
6066 3207 -2
6621 2441 5
3747 7347 -20
2083 6033 4
5015 5073 -11
361 1335 -11
1104 3675 -10
2313 4018 -3
5110 8935 -1
2987 9677 11
1845 9950 3
5818 9108 -14
7306 2716 13
8283 5226 -8
5351 8700 13
5579 7885 -5
5017 7928 19
5940 6105 -19
2484 8994 15
8839 518 2
3601 5674 11
4322 8471 -17
6049 5980 -20
8608 324 2
8475 6775 -8
2617 6412 7
4622 243 15
2765 7032 18
3964 328 -12
6194 575 19
1729 350 19
6082 6864 -4
1909 8176 -7
484 2504 -12
1804 9969 1
5618 591 17
5121 4888 19
4256 7670 5
9683 5580 8
7365 6075 3
9084 7445 -7
4313 9787 -6
4398 853 17
9770 8799 -12
6417 9258 18
5701 7081 5
9918 309 15
4578 3016 7
5800 5207 3
6582 2517 5
3121 6398 -4
9981 3312 6
5743 7789 1
1953 4168 0
3954 688 14
921 5598 -3
4098 981 -6
682 8285 4
5654 3528 -8
9485 6352 0
2347 6336 17
8287 7538 -1
3716 9023 -4
8956 3779 -11
120 1846 4
4130 8168 -20
2939 3084 7
8811 6982 6
5197 6896 5
4825 9532 -19
3455 6594 9
1454 5272 -19
2446 477 -7
2334 5750 -13
934 3302 5
6548 5606 8
2993 710 -4
8353 4660 5
6189 8932 15
1481 4224 -1
184 7087 -7
1108 2274 10
9920 2585 -19
7631 8660 10
1367 5893 -16
7855 9698 -5
5971 4193 9
1346 4568 -6
4635 8330 -15
4179 6228 -19
4423 7755 6
2271 5869 14
9172 7663 -6
7911 9432 18
1068 7363 4
1854 8563 10
1691 5953 -6
6545 2102 17
6520 762 16
5699 8074 18
3212 5849 2
3186 1968 -18
9364 8784 15
6321 2730 -12
5630 2005 -8
2949 1506 6
4083 2736 10
5353 3553 13
7609 6760 18
4570 8983 4
2619 5219 20
9599 5118 5
8092 9819 -15
6200 6217 -14
9568 2546 -7
7650 7390 8
1006 1920 -14
2083 8190 15
4877 1480 -11
9268 9335 20
7224 8735 20
7076 896 -13
5295 9274 -19
7533 8476 -12
71 6558 -13
7586 6475 -17
4680 4217 3
4842 9970 -6
5005 6770 -18
6076 3586 -4
4292 7642 15
7796 7836 2
9528 3948 -18
7016 1041 -14
9098 8243 -19
659 7949 20
2506 2871 -5
4450 4086 4
1379 1659 -10
9034 8558 0
2807 6060 -16
4171 7272 -11
2716 779 4
3504 6414 10
1359 1060 -13
7374 2642 -2
9245 1416 -7
7768 7460 7
4617 3660 -10
9075 8161 13
1415 5737 9
8874 53 -12
2822 3844 -8
7977 5345 12
9682 937 -19
4392 8383 7
4226 2871 7
227 2826 -13
5099 1331 8
9725 8746 -7
395 4470 -13
9703 4306 18
5181 1483 20
5733 22 15
5515 4396 2
6730 2653 0
5393 2303 7
9013 4509 13
2602 1569 11
9113 9221 18
4470 4021 3
978 2267 -18
6798 4794 -12
916 2106 0
3215 7189 -2
3229 6436 20
9224 4663 -9
7916 6998 1
4515 1142 -2
5126 6667 -12
2378 5717 15
4632 6947 19
7513 5256 8
401 1364 -11
7211 7244 -16
7789 2418 -16
1614 923 -19
8267 9782 16
1062 7056 -12
8554 3214 -1
244 9872 5
1316 1373 -14
6179 565 -13
7741 3574 4
8521 7931 19
3667 127 -5
6326 9756 20
4423 9747 -8
2424 7914 -7
7844 4819 4
9124 5277 -11
4278 4703 16
9996 7268 4
9564 3754 -3
3421 5164 -18
7472 7503 -14
9474 2884 -20
4191 3832 16
7267 8317 -9
1062 2145 -5
5208 5038 4
4978 4289 3
3936 1549 -10
3264 1934 5
4580 8541 11
103 7336 -14
171 5720 -20
6301 5563 -9
5551 6305 20
3134 6806 -15
8496 5735 -19
4627 3852 18
5483 5232 14
3933 6543 -17
7337 5546 -13
9227 6355 0
6403 5536 -18
3011 4802 13
3509 9328 -4
5286 187 17
2082 4557 3
3627 1579 15
5391 1091 -9
2307 8006 -17
4149 4077 5
6246 3159 9
1836 5542 12
9919 351 17
3772 4170 -2
690 839 20
8127 3441 15
7400 6208 -20
6058 5383 1
630 9661 -2
2729 8059 9
385 4074 -11
2766 4496 16
1259 9746 6
4883 4213 2
7464 1335 -9
3752 8153 6
1314 1009 2
1562 3588 15
7566 48 -16
4291 7315 -15
6601 8028 -10
6055 6542 14
400 1365 -5
1490 2724 -13
5998 4464 -8
83 6937 8
3846 3535 -11
6122 3944 0
5614 1860 4
4227 6449 19
4931 2264 12
7061 9527 -19
8079 3596 -10
7533 5674 -14
7705 3411 18
7383 5690 -5
7974 5745 -8
7800 5625 -15
347 1066 11
900 5051 5
3449 3026 -14
5776 9785 15
5126 9468 2
4870 7106 5
8176 5821 16
9197 8857 13
4117 9680 0
482 1539 11
2493 1461 9
1839 4259 -18
3285 8457 -20
5144 8738 -15
8100 8966 -17
1451 5939 -11
1295 870 7
3089 2862 -8
4971 8209 -16
8893 9717 -1
2952 2028 -11
6877 4610 -18
9154 8832 -1
7029 5151 4
6151 3516 -2
3031 3394 17
2695 1182 1
9256 2816 -20
7067 6737 -10
3492 7087 -2
7435 9567 0
6842 2218 -19
5482 3645 2
7649 614 6
8773 3195 -8
4398 1109 -17
9201 6386 17
1692 7388 17
9502 2064 4
4973 6031 14
361 3079 10
4618 6670 10
9236 9875 -12
5313 7030 2
1019 1870 0
8066 3903 8
9655 2716 -18
9720 8728 -16
988 5413 1
2082 2498 18
8190 2946 -5
3699 5957 15
6741 2143 7
3593 1109 -5
7834 7060 2
4068 360 4
8558 9980 14
4562 6965 -20
8748 8192 11
4139 443 12
9491 9859 -18
458 6931 6
9010 8261 16
4434 8943 18
6304 3717 2
1139 1695 0
4173 8289 -16
2103 6864 14
2811 6617 -17
5627 3368 5
5246 7498 15
7342 92 20
1423 8456 -14
2459 528 3
6543 5158 -2
2629 8308 -16
1115 8652 -1
9666 3535 -1
4975 5344 10
5781 8357 -3
5041 4749 2
6887 8956 8
3824 3381 -15
8901 2029 -14
1963 6110 -19
7482 8628 1
3465 4590 -6
4284 2165 12
6047 7123 4
3830 5799 -2
6542 8236 -2
1475 1103 -8
3546 2945 15
7451 5209 4
5710 7532 4
6111 5373 9
6734 2399 -10
3856 7621 4
627 4960 15
8865 2743 9
5162 9315 1
7649 2183 -15
7690 5090 -4
1285 8281 12
1628 4649 11
2265 1149 -9
4958 1537 -5
8406 5151 -11
2742 9379 18
7248 5161 -16
398 2895 6
6198 2340 -7
7110 2523 -9
6059 7637 12
5556 3451 1
2014 1366 -13
5826 4191 7
6879 2639 -4
6708 1228 -15
9334 2329 20
8362 7348 -6
4843 8792 12
6983 7628 20
4479 691 -1
8719 1824 -14
2250 1534 -11
5046 5202 10
5933 640 -14
8123 6348 6
5333 1860 9
5223 9006 9
2295 9029 -1
9254 8847 7
6252 6539 13
5645 638 -12
8413 3034 5
6549 8545 -16
6504 4326 14
98 4085 17
1021 6264 11
682 4666 -19
5863 2738 18
2353 4165 20
9626 1488 13
6020 7668 5
1352 6260 19
3157 7832 -10
6771 3032 17
3654 4180 -8
2896 641 -20
8277 2655 19
4316 2693 -13
9362 2138 -10
2067 8985 -13
7831 6402 -3
6097 1466 -16
4261 2720 -15
9936 1780 10
7180 3496 4
9728 5271 5
6807 3534 6
900 4110 -9
8860 378 -14
2974 5061 2
260 9145 -4
5368 660 -5
9115 8736 -1
7211 7075 -2
3899 9100 -12
3238 8322 -8
1370 9527 16
4049 3685 -5
1210 7205 19
8463 2536 11
4244 3504 19
9170 1720 -17
1259 2537 -4
4438 8826 10
8516 7681 -20
4034 6229 7
8570 4484 8
2599 6616 -10
7824 9525 -10
7219 1752 11
7087 7503 -19
233 7354 -3
4577 2877 6
5942 9218 9
785 3766 3
575 128 0
8931 3788 -6
1524 4958 0
8907 8452 -4
5759 2156 -5
7695 6936 1
3417 2745 -11
4187 817 5
8775 4591 2
9937 9544 1
2836 3885 -1
4080 7302 6
1541 4866 14
8662 5560 14
7832 801 -3
6405 2894 8
6379 4711 -7
8805 2353 16
3199 8287 -2
7235 1600 -3
5091 1224 16
9047 3845 -6
6498 6164 0
6251 1011 3
1358 4627 1
6772 4488 16
5473 3486 13
2324 5076 -10
8573 8977 12
6722 2222 20
6648 8943 11
3074 6577 16
5303 1539 7
8061 3715 -1
7972 1218 16
2386 8007 17
4242 7347 -3
7354 8009 20
2478 7530 19
7934 8091 -19
8516 3574 -2
3075 7898 17
9811 9247 -20
9229 1972 0
2598 9226 5
1030 7277 3
5368 3873 -13
6668 5768 12
1524 365 9
6276 7580 -17
3148 7955 1
8094 8628 -9
4178 5273 1
6019 5002 -6
5750 3314 -13
5510 7601 19
3738 2275 3
2388 3169 -1
6942 9064 9
5980 3119 -11
1381 5832 5
4526 2211 19
8034 4813 -18
19 826 20
3177 2305 -4
5534 6842 -9
7557 2861 4
3175 7028 -10
9533 2863 -15
9112 199 17
1760 8129 15
1859 9925 -4
2210 3716 -13
6355 4817 -4
680 5568 -14
236 5331 -11
7801 175 -16
216 4620 -12
8655 3149 15
6287 5113 13
7156 9573 7
4931 8863 7
5700 4932 6
5825 7929 0
445 1192 -14
5065 5614 -6
2186 9619 -16
9066 5547 -10
958 8111 16
3529 7552 5
9172 6404 -3
4084 2770 -8
7306 3109 -4
1733 8180 15
4903 4499 14
3770 8193 10
8175 5929 14
6011 6816 18
8733 9080 -5
7420 3852 -9
5985 4569 -15
2839 7668 20
6714 7812 5
3409 1072 -17
617 8894 13
647 5690 12
2663 3332 18
5707 499 -12
4739 4810 17
7818 5719 14
4353 670 4
2290 742 16
7897 7591 -11
522 9585 -19
4387 6928 18
3773 3414 11
5308 4139 5
4720 2014 -7
2146 7078 -1
5170 7281 13
1933 5271 19
1914 1972 -3
3512 2360 -9
9896 589 -15
1650 8312 -1
2731 8188 -7
6910 3140 14
7362 5572 20
1463 4708 -14
1228 6290 4
1005 1574 11
3087 2898 17
3508 2152 12
2685 7145 -8
7459 2107 7
485 8228 -1
8102 1402 18
5230 4202 15
2236 4897 14
5724 5008 11
551 2253 14
1299 4384 19
660 2640 14
5673 9196 -19
8870 9372 -5
5062 2799 -19
5783 724 8
8948 946 -18
9984 6786 -6
5656 5132 -1
5974 9937 8
4681 6843 1
4946 8628 -13
1833 5240 -18
398 9412 -7
7653 7416 5
7521 5585 -17
1215 1282 2
8970 1236 8
2124 1440 3
1252 3734 -20
6606 434 12
8569 9246 -7
2661 5245 17
3354 1881 9
4317 2572 -17
1965 6768 -10
9088 3400 -3
491 7214 -5
1359 1844 -5
2685 4331 0
4934 3754 12
4721 7834 18
8019 8907 17
1084 1883 -12
677 256 -15
8182 5899 -16
4681 5772 12
3185 3279 -3
657 3331 9
7313 2826 -3
6037 3668 -12
6896 7447 -5
345 9038 13
2248 5889 17
2306 1118 18
8608 3309 -17
9021 5673 -5
8304 3462 3
5473 9846 -9
4284 4978 15
5367 2699 11
6941 6127 -9
9893 6931 -9
5424 2204 3
2929 6450 20
7440 1208 5
3215 5773 20
1823 8173 -3
3877 9777 6
3814 438 10
4016 8213 19
1698 6796 -2
6025 1354 -16
1408 7239 3
6425 3649 8
8683 2426 -6
3400 8729 -13
8043 1880 19
8796 3485 14
5907 9686 15
9628 239 -18
2443 6653 5
1316 3640 1
425 5773 -5
2896 3599 -5
1778 3204 -12
727 2415 15
2969 9932 -7
430 339 6
4580 2137 17
5672 2905 0
6930 8618 -9
5737 6503 -2
7504 3478 -16
7151 3030 6
7499 2375 -17
132 8720 -11
5870 2501 2
7665 8110 -2
4553 6045 -7
8408 2089 -17
8833 521 12
1029 6283 8
9975 8375 12
4429 8864 13
6915 4560 4
5615 1003 10
474 6001 7
6778 3580 7
7424 3801 -5
2721 5628 8
5517 1386 -13
9152 7605 -3
4236 6633 -19
9892 2982 17
7619 225 -9
6769 4042 -6
5062 2256 -17
5803 6757 -20
6120 9279 19
5040 7405 -15
2803 392 -19
792 8502 4
3436 5321 20
8190 1160 11
8915 1904 11
4715 769 18
5207 9633 15
1421 9127 3
3423 3246 8
5702 2518 -1
1701 1200 18
3108 4192 -17
9268 9065 -10
7664 3397 -15
6016 2739 -6
6634 2855 -12
1045 387 11
3615 6270 17
95 7809 -14
1349 4368 -13
2321 9229 20
262 8790 -1
6318 7114 -1
5080 5786 0
5823 979 -4
5722 3166 4
5415 2017 20
4481 7926 3
439 718 -6
8339 700 -4
1976 5551 6
4051 7396 -19
3180 5075 18
5590 6598 20
7520 4323 -8
9786 9712 -13
4917 5238 -10
121 4916 10
2913 2063 15
5417 6006 -11
6158 3388 -13
3238 7355 17
7594 5005 -16
1565 3599 9
5171 9420 -12
8543 9357 -20
1102 3699 8
7814 9972 -19
8486 390 15
7994 1653 -7
6896 5018 -18
5235 5370 -2
4777 4018 -12
6097 54 16
211 4975 -2
1386 5552 19
943 7782 -2
6190 6944 13
8048 8256 -13
1496 5511 -4
2669 1889 4
1810 9732 7
4657 705 -12
6335 2905 17
4204 6494 -19
6982 7996 -5
4563 5275 -17
2840 7829 -18
8800 9622 14
1924 4588 -6
6376 9357 8
7293 3250 4
61 4148 -17
8235 2621 10
622 2865 -10
9375 1529 -18
36 3907 -5
6718 8535 -18
3146 8316 -17
2465 8144 -4
2290 5336 1
6216 5838 20
1604 3558 -20
8414 7356 15
7175 3508 -20
8556 421 2
2927 9060 12
165 845 20
2577 5965 2
3120 9673 19
3293 176 1
9239 1103 -18
583 376 -18
7135 9420 -2
8792 438 0
3144 2412 -16
7933 8868 3
8634 8060 16
1989 914 4
9677 4019 -1
8639 3981 1
5840 9519 -15
2642 625 -12
7415 502 14
6885 6705 9
5255 2757 -10
9648 1041 9
5832 4946 6
2687 1405 11
4360 4772 3
6484 9545 4
7206 1601 -6
833 87 -16
3386 4502 -10
7622 3904 -1
9491 2690 -15
772 5016 -15
132 2677 12
263 6680 12
7439 6857 -2
5671 4054 -14
1450 6617 16
2010 9282 -7
7767 3738 6
4796 9035 -11
1340 5791 -11
9727 8628 15
2159 8128 -1
5959 2107 -7
2709 3244 -2
4246 826 7
3787 947 11
227 129 1
2146 2182 -19
5935 2527 -9
4466 5632 8
3218 1102 6
3818 8278 3
2596 6009 -10
5899 1559 20
8815 7432 -4
5062 1937 -9
4446 1042 -14
2118 1063 16
8995 7499 -18
8702 5323 7
6200 5643 4
7750 3889 -6
4951 483 -17
1217 7293 -16
3565 2769 11
720 1086 4
6951 7462 6
1154 1544 6
1548 7009 -7
7114 4723 4
8465 6360 -1
1333 8170 -1
3412 7416 13
2367 4936 -7
3289 2943 -20
139 3220 7
119 2256 2
2994 8386 -9
411 9769 -19
2970 5203 -2
7606 6402 -16
5043 6691 -18
1504 5828 -19
7703 5662 15
5143 4927 0
4308 1610 18
8778 6730 19
6290 5569 5
487 3017 -19
2310 1035 10
3388 6928 -5
8049 3167 0
1623 5013 -5
8525 3048 -13
8360 5214 15
2936 6290 0
169 6774 -12
2521 5083 20
6316 2243 -17
1092 3135 -6
5000 9331 -11
8053 6764 19
1609 7015 -8
4916 1699 -1
6676 7369 18
5183 2983 12
6904 707 -1
5295 5315 17
9343 2775 -3
7576 2594 -3
5333 7914 20
5764 6774 11
1150 4282 -2
9493 3813 18
6643 9407 4
8650 1363 16
2158 7621 19
1273 3794 -13
6997 7636 15
3530 2743 -16
5036 929 20
8007 2898 15
4842 5529 -11
9871 5195 -18
3721 7939 18
7090 2182 10
2898 6696 13
6813 6106 14
2657 548 -20
9216 4287 -3
4321 9578 -11
6962 8602 -7
1446 1973 5
9968 8172 10
4778 5236 9
5903 9535 15
2960 1462 20
6207 2003 -13
7645 1686 6
305 1253 9
2279 2695 18
5638 4014 10
8953 6433 17
5233 9294 -6
1641 8712 14
2076 5296 13
7915 9195 -20
1673 2925 1
5203 6877 -9
9177 4734 -10
6821 4497 -9
7489 2609 -5
5805 334 8
8073 6551 5
7245 6266 2
4333 3009 8
5605 2883 -10
1582 9831 4
2638 9808 -20
177 6725 -18
6838 2432 14
1202 3983 14
7255 9965 19
7076 5370 -19
2888 9862 8
5044 8374 17
5046 5199 -17
5491 838 11
9187 8331 -4
8372 57 16
3478 3277 -10
838 2343 0
3909 7011 5
8464 3404 0
330 1198 -14
8639 5843 9
2538 603 -3
1867 8559 0
9295 17 16
2297 6932 16
5454 9617 -5
2848 5187 8
709 4245 -3
4907 2816 -5
3979 707 10
9404 9708 18
2706 5940 16
7985 4319 -5
4547 9453 19
2514 9464 12
4838 780 -11
2988 7098 3
9561 2451 -9
1471 8316 -16
4169 7278 -14
5234 759 15
653 4370 7
9398 4784 20
7017 7161 18
7591 4614 -2
8033 7404 -20
5297 7473 3
9391 9013 -17
3407 1427 -18
1154 5366 9
5538 5804 -3
728 2897 4
1670 2879 19
7520 7642 -4
2866 648 -8
8909 6566 8
2402 2667 13
8666 9366 -9
6098 4939 -1
5508 5471 9
2123 1441 -17
8916 6661 16
1465 1742 -13
807 5255 4
7834 2196 13
7388 1187 19
7652 9171 -10
119 8772 2
9837 7104 -13
1698 6665 -11
9573 6429 -3
2538 27 -10
2837 5551 -20
6179 4988 -15
8065 4585 -18
2930 5955 -18
6526 6293 13
6137 1709 3
1839 8896 5
1877 1501 -10
7575 4941 -18
8131 3666 10
8189 5622 -5
8719 5190 11
9382 6373 9
2334 6418 -20
63 9810 -10
406 399 0
6707 9217 4
6170 9223 15
9726 628 -9
2164 1641 -3
4078 3564 2
9990 8590 -3
4656 9599 6
9211 3548 9
9020 9596 -11
3083 1301 -17
8090 6068 -12
1820 6349 19
6567 5286 3
296 6561 13
5672 957 2
6883 3568 1
4311 942 -1
1933 7190 -12
8766 8720 14
7530 8981 -1
2285 5682 17
8204 8514 19
2461 2341 -13
7891 8989 -14
5093 2235 -1
4013 8828 18
9514 2066 -8
1891 2674 14
2549 2374 -20
148 1410 17
6408 9786 -5
7486 3308 7
4715 9025 9
1881 5271 20
6247 2166 5
7658 7154 -15
5616 1380 3
9588 7438 -19
5407 1887 -3
2273 4232 7
2346 4550 -5
4725 2473 4
1539 5367 6
4654 2021 -19
5441 7215 4
7927 1496 -15
8726 9089 -18
2081 4457 19
6421 5968 2
5708 8031 13
1685 9082 9
9679 7989 -2
8956 9744 10
8724 9777 -14
7019 3485 12
1537 6879 4
9888 3542 -3
6389 3695 -18
2927 9821 -9
3420 5229 4
355 4729 -8
8822 2160 -16
5111 7605 -14
8184 4117 16
6265 146 -12
8552 8158 12
5136 1493 9
6236 8110 0
9685 557 3
2614 7143 16
9814 8649 8
1232 6050 18
1648 8425 -11
8608 9886 1
2507 8798 4
3546 6281 9
4147 2842 -16
3665 5217 -7
8417 2334 20
6741 3412 19
592 4771 -8
6535 2146 20
3908 7260 -11
1732 5568 7
6589 1038 5
1059 7604 -11
435 300 -3
8699 1801 13
1168 6239 -3
2457 6537 -3
8834 33 17
6364 914 16
1660 8735 4
1937 9594 -7
5426 8257 -7
5847 6393 -16
6093 7753 12
7540 9339 13
2462 9017 15
1895 7399 14
9986 2139 -8
7410 1826 -3
1999 9812 -6
260 4076 -8
9198 6313 -17
9638 8942 18
8295 7815 -8
1243 8970 1
9016 8712 -7
5291 6458 -10
4330 95 -11
1783 8065 11
8207 4698 5
2554 4066 -12
1830 8608 17
9520 8049 1
5034 1579 -4
2316 2400 -10
9700 8909 -8
5282 6745 0
9837 3028 3
1938 3680 -10
7022 9674 -15
5346 8853 -7
417 9942 -3
6736 2178 -12
2370 1505 15
6864 7586 -10
8808 6052 -3
2482 4138 -2
8242 9936 2
2749 3210 -3
55 9118 -12
8874 1150 -18
2298 4486 -9
8920 3546 -20
2487 6926 -5
4573 977 -12
5373 5014 6
437 3852 11
4219 2556 -6
8251 5981 -3
6585 8868 -3
1112 1963 7
5863 4549 4
8119 4534 -14
537 9737 10
2027 4344 16
1987 4326 -4
5428 7863 5
1485 4368 -3
4480 9839 2
7016 2199 -19
3732 1615 -14
6024 3593 4
6948 3831 7
9989 8287 17
4501 6877 -9
4556 4275 -11
5115 540 17
8471 1461 11
2183 8680 -13
5418 986 -5
1058 8904 -3
9015 3636 -9
8943 1033 11
8860 8860 18
9632 2281 -10
5314 6655 -7
1347 2195 -13
539 2754 -17
4956 1668 20
4242 4190 -4
7972 7954 -14
4567 629 -3
465 4371 18
7911 9657 -13
1200 3527 -2
5445 6623 -13
2484 7020 11
6328 452 0
9376 7563 13
789 4560 -15
630 1256 -12
781 2961 -1
3281 3908 -12
5361 9828 -14
2624 7972 -9
2623 414 -7
8208 53 12
2408 1170 11
236 3656 -5
333 9630 -18
5558 762 7
2584 2912 -19
2408 991 7
9631 4892 16
5748 6399 16
2273 4865 -7
1458 1747 19
929 309 11
4202 8634 -12
6497 2002 6
1875 7406 -14
6473 6726 2
8922 4828 3
4590 2404 19
6061 2714 2
252 1735 -13
7430 4828 2
6364 9029 -16
1817 7852 14
678 4416 11
8025 3711 -8
6849 806 1
8219 5960 3
805 8356 0
3317 360 13
9417 7332 16
1582 7014 -5
7175 8653 4
4540 4329 2
8675 5358 3
816 8987 -14
5895 5921 8
1646 2459 -6
7548 5526 12
5526 3519 20
3812 8852 5
368 9250 2
6858 6953 1
9925 1900 -5
4102 8733 -20
3911 2797 -9
5054 4178 9
5103 9227 5
6591 3447 -15
5562 2646 -2
7564 1659 8
2196 4639 -12
7708 9837 20
6755 5964 -1
3424 1066 -5
8372 852 -10
1528 9477 12
7728 4832 15
7145 461 -3
8744 3110 -17
1074 1958 -14
8588 8941 3
4116 6395 8
1177 4084 -20
6335 9296 -5
5099 4332 -20
5796 7926 -19
8561 9858 -16
1005 4617 -8
7294 4184 5
8557 172 -2
4798 3242 1
6753 9999 -17
7898 7557 14
9603 3325 14
6228 5034 16
5083 2043 6
3288 9842 2
3850 2799 -9
9605 2205 3
6598 7537 -2
110 8449 14
5320 8349 -14
8762 2299 -7
1044 8613 3
3804 5955 -3
6607 3920 -2
8981 1121 -1
9408 8527 1
4099 7028 7
4882 2432 10
7341 3840 16
579 2432 -7
8416 2921 2
3773 8063 -19
3672 5448 10
5020 8048 4
7874 4116 -9
7502 2268 -9
2672 136 18
3237 381 -4
5613 5230 10
5532 7338 13
9665 6533 1
7007 7497 -5
8080 4161 1
1569 749 7
371 4648 10
5331 7783 20
134 7738 9
3136 6354 10
8212 8875 10
1670 6301 -11
3164 7024 -16
8543 5962 -13
3864 8832 -3
7702 7063 3
6104 6952 2
9396 7103 -20
2985 3201 -18
4713 3380 11
9340 6213 -19
7298 5414 -9
7626 1505 17
3807 3966 15
1584 1113 -13
874 8485 20
5385 8176 19
5013 9453 -15
9884 8617 12
6170 485 -3
6385 4465 -9
3299 2190 -13
5981 50 2
3526 6626 -20
637 7777 11
6780 8487 -10
8387 8393 -15
1814 3576 5
5575 3936 -16
1410 3170 -13
4036 5904 -16
6140 2853 10
5358 4342 4
4777 2793 -5
5340 7297 19
8680 6116 -11
8705 5070 4
1921 6195 -17
9105 4079 -18
5992 8084 20
8175 2222 -8
7238 5165 19
3126 3827 18
2787 6299 -14
9104 3596 -7
1738 6709 5
9351 3068 10
5214 8690 14
1181 3930 -16
5204 8254 7
8870 9618 0
4612 8505 18
3197 3924 4
9767 7449 3
1731 5198 18
9701 3517 18
7852 9868 15
9758 1162 -2
6888 1519 7
4179 4065 -20
306 2990 -9
9811 7664 -12
7199 3088 15
5739 8979 -20
3039 4857 12
649 2508 -18
1400 826 -10
3950 1273 -14
2291 8752 -18
723 7606 2
3502 9582 -11
7618 5780 -8
5098 7288 18
5864 6677 14
6121 4746 18
9573 8120 -3
2445 7585 1
34 4362 2
4869 2655 19
1609 2992 2
3257 7646 -3
8229 358 -10
3961 9114 -20
3772 6292 -1
6208 5950 7
1464 9984 6
4419 3921 0
8774 3020 -20
3370 8086 2
3575 6835 17
4818 1892 -19
9107 3016 2
3405 1276 4
4427 1962 -9
9365 3057 -20
3767 3995 6
2746 4241 -19
2760 1760 -10
7825 2488 -17
4320 3609 -10
8061 4954 13
8723 6266 -13
3368 4793 -14
5632 551 3
7602 91 12
2957 215 3
985 2551 -9
2078 3055 16
382 6447 -17
2670 540 3
8021 1148 12
5702 8707 9
7295 3788 -10
9090 8716 -16
2951 5000 18
9476 1443 -18
6376 6249 6
9440 4054 12
3435 4926 -20
5027 1934 7
4196 3412 15
8175 8738 -9
6296 700 10
5773 3648 -11
9526 5106 4
4561 502 14
954 5641 -3
1939 355 11
3981 9711 20
4343 2353 -12
869 9957 19
3362 9670 -19
2776 1464 5
89 3125 12
6113 2802 -11
5417 3551 -11
3103 7375 6
6130 7653 4
5446 9935 3
2547 3171 -11
6173 7136 -13
9068 5856 -12
8119 6472 -19
6700 6814 7
1101 5213 9
2556 8209 6
8992 1914 -11
1740 6977 -11
5912 909 -2
286 1587 -11
6219 5808 -17
9905 8 20
6350 2805 15
1080 8388 -12
3792 7780 2
7011 1574 8
1309 6592 18
6157 66 -5
8559 1909 1
8637 7368 18
9582 5833 4
3944 7250 -15
4992 5405 18
6123 5234 -20
1930 2344 4
6245 7313 4
3178 1616 1
5029 7805 11
7456 9165 -8
5210 3109 -9
2222 8736 10
7296 4314 1
856 2358 12
2878 2178 16
2044 401 0
9822 3879 9
2644 6586 -5
4826 8264 -10
1980 2508 -13
9266 5703 15
2880 7278 -17
9889 5212 -12
9298 3598 -3
9197 4017 -17
874 9284 -10
6138 7232 5
2382 4287 -2
5447 42 17
9950 3824 -11
9174 4812 -19
5793 7251 -12
7727 9215 7
967 7202 -11
9728 7677 20
7332 7430 2
3887 2892 18
4603 6948 -15
464 8280 1
3512 1160 -1
1064 7998 -6
5513 1263 1
1403 5652 5
2708 991 11
3557 6653 -18
9392 170 20
5902 3525 0
7955 600 -19
6780 8829 7
8844 1030 -20
4393 7827 2
9428 5570 17
1588 1436 -7
3958 3069 11
3639 9504 -15
2219 2512 -3
9183 6043 10
1151 5448 1
1989 7634 -16
469 9549 -8
3336 2983 -10
9224 7467 16
8293 667 -7
9896 224 -14
7829 387 -14
16 7155 4
8795 4262 -19
1923 771 -20
1509 6066 -19
1812 4832 -12
2416 9753 12
6347 9326 9
893 5595 -9
6131 3449 15
4322 614 7
280 4107 -20
634 7333 8
2283 176 3
1868 9309 -20
8630 6976 -11
2669 5499 2
9914 9532 19
9773 2812 -13
8239 6180 -10
2711 501 -10
6512 1591 9
7034 5175 18
4305 5701 -1
3313 6291 -7
3413 8886 17
2790 1963 16
7358 6372 19
4493 3853 -16
850 6997 -6
2300 5170 16
1242 5507 15
7941 9541 0
2260 4631 6
5254 2977 12
965 6358 8
5985 4302 -13
8276 7765 -14
3392 4214 -18
3600 3628 13
2249 1177 -6
6051 689 -16
478 465 -8
9953 3714 9
6138 7128 17
6844 9861 -17
2279 9585 0
4188 9769 -7
7757 4422 -6
8411 5233 9
4273 4587 -17
6735 5289 -4
6146 5157 6
3180 9626 18
6265 4236 16
9606 4207 -11
3139 4202 -12
5803 7349 -5
1809 1483 7
8583 4535 -18
4612 5483 3
9693 1474 1
2278 4736 -8
6630 8567 9
9056 1610 -9
5506 3005 -13
9090 6337 -20
2706 3162 -16
9904 2866 -16
3275 7568 12
1940 5607 -17
7079 2797 17
8790 8837 14
2687 9123 -5
831 1471 1
3444 9912 5
1976 8495 8
7997 5545 -9
450 4531 12
633 8979 0
7834 8648 -10
7876 1634 15
4703 1496 -1
43 8127 -12
5819 5341 12
7077 8857 16
4604 8070 8
9328 5845 -1
6135 3206 13
1313 4759 18
389 5147 17
5921 8413 2
9196 8965 13
360 3480 -19
4105 2233 6
9058 0 10
953 5698 6
233 5980 20
2432 7444 -14
7004 8453 7
8977 9698 10
1254 4688 -13
5515 4549 -18
6003 6332 2
5083 175 -10
4044 6634 -7
1282 3044 -11
5978 9972 1
405 7779 -14
8707 3521 20
1267 6134 -5
5662 885 7
2668 9195 17
7351 9945 2
5395 3086 9
7763 2674 19
8527 9830 15
5371 8051 9
5782 323 -20
8974 7777 -14
5178 4302 0
4634 9410 -6
2820 1357 7
6144 7348 -9
7581 9420 -18
8412 8248 16
2701 5771 -13
4577 6689 0
6828 2045 3
8853 4078 -19
4708 9953 -10
1974 5743 -3
8902 1815 -8
6883 9763 3
240 7631 -15
7738 8846 16
8770 3887 -2
4148 6932 12
6064 2268 -16
1495 6608 -18
6488 9024 8
1808 6957 8
676 478 19
3529 7276 -17
5624 4440 -11
6335 4429 -14
7745 5450 15
3202 3097 -6
8369 6740 16
1854 5884 19
7276 1865 0
781 8164 8
6461 3707 14
2626 4018 19
7109 545 7
726 1882 12
441 1338 -14
6516 4552 15
5027 7963 -9
8062 3552 15
755 3217 17
9699 456 -14
7735 1425 8
7783 529 -17
3103 1737 -5
6115 34 8
329 2786 4
5670 6232 6
8466 9946 17
6089 1522 12
57 4001 18
2001 2760 12
7299 2567 14
296 1313 -9
6363 3340 6
3430 6638 -20
6627 2776 -3
1899 7751 -16
6164 188 15
5670 9465 12
1855 9077 -4
5463 5117 -10
2837 8013 8
750 2752 -10
4845 8684 14
2742 4991 17
1955 3931 -15
520 2400 18
1345 9490 -13
1956 7868 -4
160 161 19
7143 6932 14
5080 323 12
1010 9686 8
5073 5991 -16
9808 7310 8
2629 7508 17
4054 2369 -3
707 5809 -19
7027 7150 -8
2194 1830 -15
2266 4346 17
5311 9396 7
1071 2400 17
628 8365 6
6330 9830 1
6601 1834 3
1617 3114 6
347 255 -7
4624 751 17
3609 6136 -2
323 7822 8
6885 899 -13
8301 1250 18
6870 2374 15
4764 5057 16
8875 1169 -11
3696 2092 8
6046 5276 -17
7658 8562 16
5711 9015 -19
1852 2736 9
4016 2112 9
9789 5243 3
4584 9657 4
5419 5557 17
958 1843 -5
5259 1480 -12
1250 5092 10
5556 6415 0
9210 7236 5
1225 1960 -14
9756 310 -6
8185 1212 1
5822 3567 9
7740 9304 -15
160 3939 -2
7779 146 10
1339 7611 -18
6707 6635 9
9820 6702 6
6126 4279 13
3214 6081 10
5286 7941 6
2720 8961 15
5432 6803 -9
5298 1601 -6
7842 8777 5
5315 9423 8
4607 1140 13
3230 7822 -4
3992 2855 -1
5352 9461 -2
1921 6320 6
5334 7845 -7
6 4636 11
6333 881 13
5746 8253 0
5300 3065 8
6194 8929 0
9055 7656 -10
6999 5787 -10
9699 9639 15
7397 2063 -7
9129 6386 9
4033 1254 -8
4807 9396 17
4853 4721 20
5480 2684 6
7265 9750 -2
7184 9031 -19
7463 3746 -13
7736 7608 15
7413 114 -16
326 6302 3
4796 3649 6
3460 5780 20
2320 3005 -18
363 6075 3
8149 9303 -7
1216 8562 -9
6825 4310 -9
1541 9465 20
2903 6230 4
2938 662 -6
7372 6737 -11
8704 2164 -20
1769 4332 -1
5535 7092 -6
8620 8305 6
2013 3797 8
3464 448 -11
3236 2853 9
4056 8761 -17
4937 5032 -19
4466 6875 -5
850 1243 18
5033 3611 -9
5390 8024 -1
7215 589 9
2278 5781 -17
5277 9859 -13
8440 4819 -16
4863 237 8
3141 7728 -19
915 2940 -9
6253 8910 -16
7484 765 -13
6858 4242 10
4435 4378 15
6528 6894 10
9098 3840 -12
6937 1030 2
7840 809 -14
2542 8207 -19
1768 4090 17
4783 6863 18
2238 5175 19
4985 9756 -8
2814 7249 -3
8184 2881 1
6026 9844 -11
9160 1395 15
5637 4560 7
5776 2307 1
7642 8229 -2
4871 132 -8
516 7773 19
1261 7144 -14
1311 7385 8
5539 9948 -6
561 9754 -13
3646 5201 14
722 9999 -8
1236 9897 0
139 8532 -5
2447 5502 -4
2634 6041 -15
1834 2649 -8
1756 4112 -12
6505 2263 13
384 2405 -15
574 5059 1
9163 8764 -15
5175 9086 19
3951 2562 -18
5441 2917 4
7807 3129 1
3053 4868 11
7576 3897 -10
5500 7214 16
125 5548 1
8267 2725 11
4659 2156 -5
939 549 -19
4591 7437 9
7645 8336 20
1425 4367 -9
8677 6786 -17
2375 7316 0
8159 6027 9
835 8633 12
1562 7133 -4
3887 6188 8
6786 8374 -9
2956 9866 -19
5378 7871 9
9647 3111 8
7402 2309 -16
2375 7462 -18
6120 4282 -2
1518 4859 -14
59 8476 -20
7850 4575 -19
2011 2411 13
4244 4291 -1
6683 8576 -18
9448 3819 -9
5653 3042 9
4197 9160 -20
5838 3792 -4
7012 3341 -13
3010 1799 -11
8515 7530 -9
321 6585 -17
6284 1986 -20
4483 8571 19
3262 9531 20
6711 4086 -10
1620 2682 16
8281 2579 11
2539 8634 -9
3444 2124 -9
4291 572 -15
1721 6096 -2
3361 2736 -5
6553 5653 8
9301 191 -1
5124 6942 -19
1891 6308 -18
3768 6702 -19
103 8044 18
4611 7881 -15
8715 3115 8
2045 6484 7
2596 9350 8
6373 6416 19
3666 1195 4
4386 6338 9
9559 8087 -8
7400 8589 5
4671 1163 19
6064 4077 -3
814 7028 1
3628 8400 9
4468 1043 13
5398 2218 -12
1448 9885 15
1192 6070 -9
3246 4287 7
9466 5908 19
2746 973 -3
2409 1115 4
2353 7234 -9
9630 1658 -6
8571 1194 18
6517 8030 5
3803 752 3
8049 1761 1
3035 2406 4
3217 1458 1
5933 543 13
4898 1365 -15
37 7032 8
5111 5693 20
1271 8773 15
1066 8594 16
3325 5738 18
3877 8659 6
2392 1359 -3
1913 8345 20
5631 2961 19
1252 3146 -16
1409 7693 -1
2079 6992 8
9976 9049 11
359 2081 12
3541 1408 12
116 1216 -7
3561 8909 14
8897 8345 19
826 2895 4
3598 3457 -16
7946 4873 4
4659 4117 -9
2716 4173 -9
3177 112 2
2948 6382 20
1522 6771 -11
8727 4132 -10
2755 1945 0
6144 7778 -17
3775 6257 -9
4531 7200 -17
2658 748 -7
8325 9982 11
7143 834 -19
1320 4742 -1
5534 4380 7
1049 4889 19
3166 3670 -18
1228 915 -6
7845 5800 5
7300 1814 12
4333 7799 7
9672 2573 -8
5122 6958 17
3447 5617 -14
4857 3297 -19
9351 8658 -17
8363 7158 4
2951 4580 16
57 6033 -4
5959 9793 -18
1592 1648 4
5659 8673 9
3105 6735 12
8033 4987 5
1034 2519 17
7087 8515 19
8980 3004 1
7554 121 8
8649 3373 18
5649 1337 14
5280 3031 -14
2601 6923 -7
8462 7638 1
2163 8017 -9
5866 5496 11
8009 5779 -2
5883 1521 9
1129 4732 1
4065 2543 16
9456 211 16
1690 9808 9
2203 2853 2
2394 7391 -16
6805 1483 -15
8985 2433 -2
4438 9820 19
572 6316 11
6932 6882 18
7414 9542 17
4765 677 2
8274 434 -6
5350 3515 -16
81 8620 -5
8853 4726 2
8666 5276 -10
7467 5836 -2
5890 8210 14
8782 1293 -8
1407 8128 -8
6407 6151 -5
2457 9313 -14
4702 980 -12
5061 7694 19
8222 3641 -10
2859 6895 11
45 4310 -14
1285 4490 -20
5066 4687 17
559 2341 19
5081 2771 -11
1565 6640 -15
4484 8983 -6
5923 2803 -11
732 8183 -2
9051 3009 13
5260 6066 2
566 9239 -18
8022 3110 -8
9546 9338 -8
7980 278 -6
5064 3385 10
140 4654 -1
6211 4569 18
4257 9829 -15
5376 5855 -5
266 6497 18
8543 7577 -11
7497 2824 1
5939 177 9
4729 4376 -5
8473 5377 20
3388 7427 -19
1350 7587 16
6301 637 19
6731 1594 1
9362 9609 1
5861 9119 -10
9368 4813 20
1686 6519 -13
2389 5997 2
4621 8333 -6
5245 852 -11
1329 7103 -16
2590 3405 -5
8742 6225 1
8390 8892 11
2963 92 2
5393 1453 -6
3041 8489 -7
6530 5620 20
6955 2233 -20
4692 2612 17
8049 6554 13
8380 4125 4
8252 9766 19
6706 7272 -17
1953 8864 13
9440 6198 5
5751 2547 -7
7865 8269 -11
2614 5469 18
1856 8755 -12
4736 9838 -15
3877 6856 20
6426 2047 -4
747 5076 -17
6930 3269 -20
8303 6495 -18
309 4833 -20
9751 7832 7
4493 7599 0
4302 1515 -12
7139 6859 17
3174 7431 -13
1473 4469 6
2999 9194 -15
4873 6493 -14
6394 2000 7
2048 5873 -15
2977 4545 10
9234 9800 -13
107 7051 -18
320 8180 15
7676 9153 11
8014 1041 -3
8650 9608 19
9620 2078 -3
315 590 12
267 1222 -5
8386 1958 -1
2295 108 -10
9648 4859 -20
3813 2186 -15
9747 9019 14
5746 4512 10
9907 2866 -17
8808 9820 -18
5298 8319 -14
5611 4927 20
4381 6934 18
4962 4805 -11
3257 6469 -14
3103 4054 -5
6274 4685 -15
9990 8921 17
1418 5775 19
1801 5408 1
373 4294 -19
2541 2120 -19
602 4509 14
3094 8394 12
567 7254 9
600 5006 7
4853 656 -9
9276 6928 16
3431 9112 -16
1117 3346 -5
8677 3426 4
8070 2690 19
9185 5726 -15
8641 7209 13
5378 6363 15
3441 8910 11
929 1825 -8
5993 5819 -13
4476 8080 3
2106 1189 12
1476 6601 -5
8881 6505 -14
2958 3385 18
3248 9802 10
2161 986 5
4020 9690 -3
3621 2560 -5
5782 6796 1
720 1480 -8
9902 2186 -20
2889 669 0
3841 5124 -20
5612 8637 8
4229 487 4
1937 6846 -14
8609 7305 19
2332 933 7
9841 276 0
8180 4026 -3
4426 6996 20
5843 9601 16
7163 3672 -5
8225 8410 -12
844 2307 -17
4723 9487 4
2801 7819 3
8448 875 -1
7419 6843 -16
328 7631 11
6018 8525 3
1478 734 2
1468 6591 19
4693 2506 14
2195 1566 -6
6096 4025 -6
8986 724 -18
2223 207 4
1573 3178 7
3186 7670 6
2173 6394 19
8191 209 9
3872 9693 -20
9969 7206 20
325 7283 0
6557 9316 -16
722 3315 -2
3114 1215 -7
9721 2659 7
4737 2364 -17
8801 8625 17
904 6268 19
2338 9396 6
2768 9826 18
1666 6919 -6
1541 1262 11
9766 9278 -4
3916 6686 2
7820 1618 17
7393 5653 -7
2046 4838 -9
8375 885 -10
665 7174 -5
5055 281 -10
4649 7698 6
1587 4067 4
4660 7061 1
5176 2032 17
708 2942 -12
8382 7149 -6
9692 4127 13
4192 6004 -20
204 5536 -15
5878 7877 2
6309 9082 -5
7947 735 -7
9028 1894 16
8277 4091 -5
7827 5284 -17
1292 6093 4
6123 480 8
2078 1054 16
5379 5131 8
5959 6299 10
3698 1510 -1
3853 1001 15
4430 887 -17
1511 4732 9
9481 4335 16
2800 5903 6
8153 7039 -7
2808 4862 9
4177 2368 13
6627 7841 -17
5843 7042 11
3562 7165 -18
6371 1283 20
4281 479 -1
4974 8055 14
725 7400 8
3256 432 13
9696 3990 19
55 6574 13
3918 9852 -13
510 50 -5
8554 5036 16
6061 6820 20
7174 467 12
1282 4783 -10
7208 8059 4
8424 168 6
5194 5457 20
4723 4536 -15
1759 5002 -6
9959 5318 -13
3652 3902 17
5461 1301 4
3219 3849 -10
3287 865 -8
7312 1102 -14
1247 8542 19
4731 6667 -5
7657 2598 -3
1807 7269 19
2512 6797 -2
2412 734 -5
1239 2942 -12
6075 5746 10
247 9797 -16
3644 6305 18
5222 3312 4
8408 2554 9
6845 1365 -10
7666 5671 4
3172 5764 -11
899 9549 2
4641 3075 -3
1894 2310 -17
1400 6490 10
3664 5490 12
4435 4752 2
5218 7862 -19
1200 9672 -14
2120 7522 15
4000 8195 -10
5338 6213 -2
831 7130 -18
6493 4991 19
9963 3677 -12
6934 4808 -4
3777 9567 1
8094 4845 -16
8284 7966 13
222 1893 14
8010 7042 12
7 1567 4
8224 9171 18
3927 7848 -11
9517 202 14
525 5440 -15
6205 1110 -6
930 5365 18
543 6897 2
8711 4331 6
7057 7503 18
892 3744 19
2788 7779 -8
9413 459 6
4049 3228 -17
4938 271 6
2604 522 16
5820 5436 -5
3228 9475 -5
8247 3031 -17
8935 7772 6
2527 2705 20
1289 1643 8
3367 1270 -3
7718 6789 -11
2440 3668 3
9093 580 -5
4393 4660 8
8061 5523 -9
1362 6998 -1
5578 8850 18
7126 7178 -18
6607 2752 8
2609 5691 7
8553 520 -17
6642 71 -15
486 213 -16
3532 7806 1
4712 3875 7
6597 1713 17
9600 3315 -1
3494 9134 14
7131 3299 11
8451 1579 20
2456 3257 16
1333 5298 -2
9988 8047 9
6772 8183 17
9634 1654 -2
182 487 18
4839 3589 4
7516 7491 5
5803 9500 4
3628 4488 0
821 8756 5
4984 1123 -11
5432 1368 -13
2590 3823 17
6306 7228 14
2544 5940 -20
6139 1218 -7
8960 3279 3
1538 5820 -18
6224 2800 15
3060 9818 -20
9319 5869 2
5337 1787 16
4798 6429 4
4760 4095 15
1155 3299 3
4463 1733 -19
4429 2925 -11
8098 2811 8
5104 3334 16
5160 4470 -16
8574 8362 16
7436 3619 3
849 8108 16
2367 8676 -7
3416 5477 -18
7611 6150 15
2650 3176 13
2584 2657 17
8353 1985 -18
1229 2465 -14
677 7797 -15
7240 181 -6
5951 9698 -19
9643 6938 -5
7378 6784 18
3095 8048 16
431 4664 -6
9648 2926 -10
5722 8298 -1
4899 1251 12
1610 9555 12
6843 4488 -5
9676 3815 -2
6404 7205 10
3272 6113 0
6295 8481 -15
4421 363 -10
9514 2597 -20
8633 7245 -11
5857 5944 16
5939 5510 16
8083 8328 -19
1055 61 15
1241 540 3
2791 3853 7
7250 6433 -7
9282 9344 15
2316 2215 10
5428 6938 -3
8929 5881 6
5343 785 -17
27 1535 19
8628 2578 16
3730 1767 -3
7761 5054 -15
510 4803 -3
347 4586 -19
9949 9284 18
3671 7944 -14
1747 2367 -2
2535 5152 4
3291 2420 3
4727 9683 20
4211 5085 -17
357 9275 -18
345 4346 -4
6537 557 2
8962 1277 -11
8019 6945 -17
5693 9702 -13
3983 932 15
5126 1744 -1
8762 4374 -17
6813 6319 -16
4012 8437 0
6679 1444 2
4752 5095 -12
8895 4078 7
2457 5604 -17
2624 6438 14
5751 1507 8
422 997 0
2496 5759 15
5106 2501 -13
8610 597 -4
2174 8866 12
8568 1592 12
8074 6021 -6
3212 7609 -17
2356 4407 2
4856 9495 2
7571 7334 3
2061 7313 -3
4503 4550 7
5792 1194 -15
8858 6857 -12
6871 9769 12
3030 2071 16
6409 6371 18
853 4236 6
4061 8560 8
2730 8465 5
175 4422 12
7923 6602 -2
5124 3198 8
5394 418 -5
1680 9651 1
5457 2040 19
5782 4754 -3
2664 6269 -12
5746 1197 -13
8365 404 10
982 6050 -8
3342 5616 -9
5670 5960 11
7794 317 -9
7090 6745 13
7999 8245 15
6313 190 19
3578 6349 -15
2340 4413 20
217 510 13
9846 9417 -20
6788 7588 -12
3374 1586 -12
9825 4815 15
1185 3403 -1
2273 9176 6
6851 5871 10
7598 1501 -10
1913 3810 3
4494 2602 -11
2960 3929 19
3508 1945 -7
7040 8108 8
1065 5032 8
8169 2988 -14
6750 3126 4
7264 5587 -14
8518 3683 3
9048 8383 -12
5238 3424 -13
1199 5768 18
4794 9897 8
889 5343 -2
6954 516 15
9412 1359 9
8083 350 -10
817 1014 -1
4383 1106 6
8988 4667 -5
6352 739 -17
2147 723 15
6169 4531 6
5920 6518 -2
4831 1484 10
2269 6075 16
6479 6367 -13
1253 8011 -8
717 2514 2
4304 1855 -16
7721 4357 16
6565 5541 15
5861 1136 10
1267 4864 -8
981 5565 0
112 374 8
2813 8840 -15
3187 7425 -15
7186 2109 15
6159 2411 -18
2 3473 -7
9523 749 -4
9012 6807 -1
8009 2036 -19
1575 5617 10
8622 9014 2
8857 1124 18
7873 8992 -9
2795 141 -7
8039 3956 -8
5669 753 7
9778 4706 17
6565 6552 -19
196 3624 7
467 9529 8
3993 8837 11
5112 3794 -16
5346 7952 20
634 8860 11
2550 5754 14
9532 8428 4
5821 6170 -19
4983 1982 13
6025 3451 -3
4033 3042 -13
1924 7172 -4
9205 8083 18
3512 1959 7
5666 267 13
6165 850 3
9440 731 -20
1563 8034 -2
9375 7003 12
9360 6567 -14
4386 669 2
9786 6912 6
3726 544 -7
3683 213 20
3265 3069 7
5640 5244 0
4696 7116 4
2065 8710 -16
3350 9486 -7
38 2941 -17
4733 4505 17
6504 5455 19
8871 4143 18
1139 1393 -12
2650 5354 -11
5648 1143 -14
3679 2957 -10
2614 5856 -15
6911 4513 12
4525 1979 16
5305 4862 -15
1744 8115 -8
1932 5433 -8
9008 9870 -19
3467 5176 9
9043 8406 -15
7764 1240 13
694 9880 -5
4137 5963 18
5408 7138 -11
2590 4317 -9
7138 4996 0
8294 166 20
2335 4282 6
8909 2041 18
90 480 -2
9458 6467 5
3252 4409 -19
3705 8210 17
3410 7128 -15
8368 7847 -13
8180 7765 15
9530 1286 -1
612 1622 16
1339 8901 -16
1198 4758 14
2285 1775 -2
3416 8456 -14
3349 9723 3
7961 5727 -17
655 6282 2
4309 4041 -15
491 4555 -12
7575 8919 4
7137 9578 -9
8299 5307 -19
9247 9353 -12
6799 6440 -14
8779 5091 -20
53 5454 -6
410 1137 -5
1247 4892 5
2461 5731 3
5965 1970 11
5535 5889 10
7822 4042 -14
2130 8883 16
627 2313 14
5522 793 -11
7183 2526 9
4964 8559 -12
8136 6329 15
5916 9025 -1
621 1421 -11
3944 2263 -20
5592 6144 12
5197 6413 10
6228 6035 17
7924 7133 17
9216 7306 3
5777 6076 15
2623 7539 -11
8282 8085 -10
6936 1984 12
1817 4981 -4
9302 2321 11
7422 8642 10
3576 4458 8
7263 2284 -11
804 9309 16
2916 2199 -11
1857 4334 -20
7204 4573 9
3037 5422 -17
2248 5760 7
7380 2758 19
5265 2300 6
6558 4880 17
8762 9463 -10
7606 1957 3
4595 3955 -13
473 7489 10
3790 2738 19
7128 2412 9
1038 3 -8
5184 9779 18
4578 3783 5
145 8915 -13
3288 449 -7
1145 5535 -6
3540 6661 1
3588 8391 3
7523 893 4
8293 6578 -16
4026 670 -3
9237 1867 -5
8564 3640 14
8606 1510 -12
1268 3001 6
6166 2062 -11
2265 1030 -3
4625 5400 1
9885 9359 -14
3226 4198 -13
917 9219 -11
6736 4404 -11
5288 4099 -17
4921 1408 -18
9032 3103 -16
9598 6050 -1
4461 8544 -12
7162 6859 -19
2994 4382 -11
6212 8854 14
4011 2652 -10
3891 3344 8
7730 1594 4
1417 4139 4
5011 8589 10
8865 3960 -7
6647 4849 -10
5071 7550 -19
4589 5421 -8
1413 6840 17
8386 7420 19
8960 674 -8
3518 3251 -12
610 3373 -9
524 2487 -8
4041 3468 17
7168 9500 -20
8763 6906 3
6251 2265 -3
4145 5095 -7
5261 8884 19
1061 4024 1
8519 4477 -6
2015 3033 11
7555 5854 6
2260 853 5
1554 5520 -19
1360 5965 -7
5980 8580 9
232 9411 17
2931 7336 16
3262 4846 17
3636 8693 2
2856 792 -14
7330 2388 14
4976 6577 14
3762 1469 15
4791 3053 12
7663 7486 -19
3551 3389 -1
7111 1397 11
1744 5735 6
6654 5403 8
611 8327 15
8685 5590 9
1717 7866 -14
4239 1438 -1
1582 8343 -3
8437 3075 -11
9875 4144 4
6105 1624 18
403 3158 -20
531 795 -8
5828 35 1
6124 3280 -13
2220 6029 -10
6143 9505 11
6028 397 1
1481 4175 7
6227 3757 -8
7844 4572 1
2856 4465 -6
9984 4737 -5
5120 655 -5
9612 3982 -9
5415 4642 8
8515 9335 9
5197 8148 -9
2182 7745 6
4924 9501 -7
7350 918 0
2914 6865 11
987 1856 -8
5629 4258 12
8588 4792 -2
2426 4107 -17
4178 3863 10
728 1106 19
8748 7782 -7
3033 3987 -2
9825 527 2
5613 8960 -18
6087 2199 15
8880 525 2
7956 8983 16
4999 3843 13
2036 9807 7
1556 1189 19
1989 5885 -10
5675 9585 -6
892 896 20
3610 9437 -11
5174 4358 15
5878 9142 -7
8413 6781 14
5181 6447 4
2268 3529 4
3679 699 18
5979 6637 20
1078 2483 -18
2346 3440 9
5187 9113 13
3929 7062 17
8960 3858 -1
5256 9473 -5
6167 0 -6
7849 5126 -8
617 5626 4
2392 6298 -10
5912 131 -14
4657 6967 6
7533 8862 2
6168 3868 -10
3729 8201 1
1934 4701 17
5551 9316 -18
9554 5079 -15
5344 1039 -4
2472 8921 -16
609 6598 -20
7819 866 -16
1539 5306 -12
8844 9635 13
5966 3846 1
9072 6788 20
6131 5289 -1
8240 7501 -14
772 6841 -19
9983 5150 -2
2068 6374 -11
1152 5013 2
9535 6814 -3
6112 3002 -20
8943 7994 -13
6991 6882 10
3868 3927 5
8283 8210 13
788 9322 20
9309 5494 2
5707 3019 18
4456 3937 -18
128 8284 -6
97 3397 6
1431 1304 -11
8083 5445 -19
6954 1486 15
1678 7051 4
2551 9401 18
1754 4485 -3
9683 1765 12
253 3479 9
2057 2415 -11
9369 8364 -9
3085 4982 -11
8233 7840 -17
2226 1130 -17
641 5115 -9
9040 4949 6
729 2805 0
3717 3132 -4
5901 1069 -20
714 8263 10
8634 9722 -18
4938 4645 -5
1753 4351 16
6033 7820 6
6059 7890 -7
6456 6349 15
4617 9166 -19
6302 8764 -6
8491 227 10
1465 4541 13
4702 2255 18
5504 6426 0
2267 4861 7
2362 5189 9
7013 7809 -6
6813 8461 -16
6466 3236 -13
6142 902 13
157 1394 -19
4839 6955 -16
3718 3442 13
6422 5237 -5
3881 5328 8
8063 3152 12
9410 9992 -18
4609 8497 13
735 1722 8
8887 4085 -13
3391 7909 -14
1318 9980 10
4696 5874 14
1193 2767 18
8206 3442 20
3783 2885 -11
6874 9721 -16
2329 6115 -2
837 8634 11
3990 9317 -5
9298 7003 -10
1622 6960 17
9241 3045 17
6941 927 11
6953 1498 -17
963 7792 2
7359 3316 -13
6777 8393 8
2828 7613 10
4436 8665 -1
2768 4379 -17
2649 4070 -5
4737 3708 3
2568 93 9
2680 1239 -1
3921 3598 -9
9403 5970 -16
7013 1400 16
4276 7517 -9
9535 8327 7
3145 8049 -17
1233 2957 7
5593 9903 -19
5199 8801 9
4020 1310 -10
9557 4035 20
6718 2155 14
7686 5547 -14
6672 8229 -19
6768 3532 7
594 3976 -5
9694 7906 4
3414 67 1
5339 9294 4
1997 2163 3
3501 8872 -16
2351 4443 5
8849 5214 -12
3647 1360 14
9632 3973 11
2191 5247 -16
424 4663 10
8365 609 -1
6408 3015 19
2124 7278 16
1562 877 16
3803 3912 -11
8099 4836 -11
1649 2973 20
9170 1044 -4
4486 6124 12
3707 2111 -1
4516 3919 18
1809 171 -7
1260 4645 6
541 8274 -15
6118 5023 -15
2645 292 18
5388 8459 -10
8304 3098 -12
2729 1618 -9
6390 3500 -9
2887 1150 7
8548 3133 3
8598 2529 -7
473 9819 17
7702 6150 16
2857 7111 -13
8937 4187 10
3181 825 0
1410 3833 5
5688 4779 -2
8981 9790 -5
1296 4056 16
4331 7338 -16
6699 7127 -14
89 4526 -14
6679 1322 -18
971 8189 -16
5452 3928 -8
1416 4876 1
580 1090 6
1215 802 12
971 4391 -14
9321 6497 -1
3427 8715 -7
9118 120 16
5572 505 -8
5358 402 -9
7106 1435 3
8178 2314 -13
1621 2989 17
2854 4557 6
9974 9688 9
9339 5442 8
5257 8236 4
2543 8073 11
9828 3706 10
1075 9836 -14
7359 4341 15
9163 5828 -10
3370 5150 -1
3810 9513 -1
652 2873 5
3405 4591 3
371 5776 12
814 4629 -9
6388 796 9
6956 681 13
2736 7389 4
6353 2945 -3
3494 8384 11
2189 3911 15
976 9160 5
4966 7743 -11
8155 5264 -13
647 5750 16
7943 6665 4
3462 7789 -2
9013 1065 -5
4778 576 3
2408 3983 11
4216 3239 13
9240 8726 -10
2456 4112 -10
8071 8499 -10
448 8932 7
6216 5755 -4
9547 3158 -20
863 3692 -10
1701 6373 -2
789 1068 16
9555 7053 -19
3295 4373 -5
2339 733 13
8364 6716 8
1770 873 13
3322 5678 1
1624 5486 19
8423 8667 -11
5755 4854 -2
4243 7010 6
7689 7411 15
6372 8866 -8
6842 6451 7
5602 4651 -4
8343 2072 -18
3662 1389 -20
666 6861 10
507 9961 -19
3660 5038 -2
9778 9158 18
4700 2156 15
2964 2292 -11
2451 5307 -13
3026 8429 5
8482 8460 17
8589 2123 15
4561 4548 3
1884 5382 6
4601 7503 -14
2021 5359 -12
1243 4936 -5
5345 5921 1
77 4027 2
2326 4490 7
7166 529 -4
182 1473 3
5571 2355 -10
9526 9190 1
4940 5912 11
72 9186 3
1238 978 6
2256 9280 -9
7588 8289 13
4060 2867 1
2299 7188 -15
4333 7091 -13
5998 2846 16
1005 5969 2
6530 1809 -14
528 9009 14
3250 1448 20
7018 381 19
1492 4951 20
4305 3878 19
4727 1818 -3
9892 2064 2
1614 8411 -11
5509 8735 -1
1873 1108 -19
9856 369 -9
5058 6322 -14
9375 6384 -12
1362 9488 -16
7347 9492 -19
4822 3501 -17
6931 4065 1
7758 1730 11
9234 7459 15
5232 4564 11
5417 6472 20
3047 9109 20
5822 5901 -20
6260 4933 -11
3651 709 1
723 6053 -9
3336 5886 -7
2641 107 -17
4590 4360 -5
236 2087 19
8460 6931 -15
5097 6534 16
9006 5786 15
6195 9166 17
9813 9599 16
6592 187 -12
540 2285 2
6335 7783 20
3627 2475 0
4265 2397 1
1588 2742 20
6564 8160 6
2013 8792 16
1942 5190 15
2924 1107 20
795 7585 -7
2362 5387 -7
5287 3629 5
3398 1567 2
3292 200 9
1155 8779 18
6513 4589 -4
1293 9787 -7
9955 6410 2
2742 9303 20
4921 2500 -12
836 6041 18
6323 4798 12
4628 8754 -13
7988 6948 4
4217 9692 -12
9410 1160 -19
8821 9528 -5
4476 1697 17
5226 7148 8
4943 2953 12
3493 9300 -2
5555 7563 0
6011 7574 16
7816 2359 -2
2446 4143 -17
6112 160 -18
5559 8619 -2
648 1138 19
4790 3833 -14
7658 3306 16
9017 7003 19
1588 9160 -15
4487 283 1
7391 9854 11
9489 9380 -14
8226 7980 8
1980 2826 4
8935 5309 16
8347 4769 -10
2935 8931 16
8931 2416 -15
9377 2562 -16
4079 280 -10
8532 2200 -9
3429 5081 19
9753 474 -5
7341 8018 8
2116 3433 -8
1492 9589 -9
6608 4432 1
1750 2207 -11
5395 4946 -18
1827 7166 -8
4197 7228 -16
2440 8663 -17
8683 7892 4
5376 6103 -9
2755 496 -13
5479 2229 -10
9159 460 -17
7586 2938 19
8390 7370 18
7797 4000 17
8025 7523 10
3416 7534 9
5555 1127 -3
7130 4889 11
9928 5902 2
3364 2629 -16
1366 4348 -17
4099 1554 5
3138 9018 -11
1644 685 -3
9046 5022 -10
5760 8385 9
4030 254 -17
3761 4538 -2
3048 8094 3
2459 6731 20
3250 7542 -6
7308 557 -7
8543 8686 -19
6676 5374 2
9366 2102 11
729 6573 -19
5164 2387 -9
3215 9552 16
3158 7626 -6
302 7497 -11
1527 8910 20
3649 6931 -12
989 6121 -20
2882 2060 17
4369 5185 19
8051 9380 -13
1734 178 18
1304 444 16
2317 3795 -18
2509 959 -10
9427 6378 -20
8391 3052 -9
8313 6951 -9
3684 6894 17
8314 9741 -3
2555 4316 -16
7056 8922 16
7568 3523 5
7480 1621 -9
7402 765 15
8321 3373 18
9925 4401 12
4895 1076 -11
4919 9506 11
9317 5673 16
5436 7973 3
1887 2665 -6
689 2027 -11
5849 4528 7
7779 4503 -11
5278 9692 15
5972 8654 7
8945 431 15
4161 3820 19
8443 5399 -2
1546 665 16
2098 513 12
3674 9363 10
935 855 -19
2535 6186 8
4535 1134 4
7487 6196 -7
3222 8144 -16
5492 4797 -12
8726 7032 -4
8236 4718 20
5967 9679 -8
3773 617 5
7693 6751 -11
1612 1085 19
2952 9658 -11
6230 9243 20
5795 7011 -16
6764 1073 -17
3931 6284 -6
9407 6515 -12
4470 5061 19
4021 5868 -5
1869 7989 -4
9174 6715 -10
8663 8118 7
4457 4712 -16
8984 6053 -4
9851 4840 7
2291 3278 12
8269 3944 -20
2521 2907 -12
4856 930 -7
1849 9779 11
6717 4692 -7
5511 346 13
779 9014 4
6419 8590 1
7806 4603 7
4286 7658 10
4608 9938 -3
4639 5684 -9
4847 6623 6
4178 4450 -17
2630 4960 -6
4748 182 -12
9666 4361 13
2908 2875 12
4244 1778 -13
8720 3334 -6
9750 1636 7
8493 6768 -12
2243 1249 9
3196 7544 3
7142 6397 19
280 2611 15
7418 956 -6
5587 103 15
4105 9956 -15
7160 9427 -16
8223 8260 -15
9241 2452 7
9969 5876 -6
4297 139 8
2279 2599 1
9766 1617 8
3610 5851 15
7752 3669 -1
1131 1611 9
318 5490 20
3274 1410 3
9400 3502 19
6182 302 14
7689 8771 -1
3983 4349 0
9065 8423 -10
2566 3902 4
9229 2698 8
9662 8898 -14
3689 446 16
2099 9026 0
2950 3054 5
6026 7700 -10
3969 6885 14
9621 3371 -4
3472 1076 1
4826 5173 13
3674 3152 9
2366 6992 -12
9260 5597 1
8839 7823 -3
8309 6672 -18
5600 7491 20
5107 5784 15
653 5010 -19
7044 5088 0
4996 4978 -1
1702 960 -14
8076 8990 -18
8695 160 0
7607 9700 -14
1770 3206 13
6328 146 5
6210 4992 20
200 3581 3
623 9223 3
7280 3587 16
8886 5093 -4
8041 1927 4
4397 3295 20
3595 2498 -16
4750 7762 -19
2819 5977 4
1121 8206 -11
7181 6538 1
3675 958 10
8450 9834 3
2625 106 -5
7678 2028 -3
8575 5294 8
981 2987 -9
124 8254 13
8722 6128 2
2260 6450 20
450 2472 -18
7772 7914 17
8479 3277 13
1859 5011 9
7651 4611 5
8494 8632 -12
6880 1629 -3
8130 1080 -6
2715 4163 -15
4207 2546 -9
6346 8829 -18
3315 9650 -12
4082 5444 13
3846 2601 19
5198 8819 -15
8452 4808 5
6819 9701 -7
4726 3073 5
4356 3363 -7
7390 1062 -12
7741 8470 -4
90 9443 -1
1502 5867 4
3808 3826 16
2231 5470 11
9005 922 -4
5135 2108 -20
7892 1075 -18
4958 2933 -8
5586 8764 20
2542 4375 9
7962 6943 -11
2669 7486 -15
5068 4247 12
1817 5205 3
6420 2916 18
4336 8362 15
7612 9722 -5
6384 1918 10
2817 964 10
4296 2350 -3
4097 7925 7
8214 323 -11
6169 5950 10
7726 4200 -11
837 1054 -14
9298 7623 7
5429 6914 -18
2479 7218 10
6233 7113 3
888 183 -7
6478 525 -2
7109 956 -6
179 6498 2
6753 4449 -13
1502 3416 -5
291 2972 -19
7503 4893 -19
282 6661 -10
607 3399 13
4261 8710 -15
1525 587 -4
180 9384 1
284 9053 -9
2644 2424 -6
5114 2543 16
1971 2639 14
8668 788 9
9359 3615 -13
6980 1926 -15
9373 8616 -14
4851 5211 2
2821 7724 1
7693 6671 5
7040 879 13
4781 4024 17
7220 4962 18
6474 8157 -15
8382 5320 18
951 17 8
1173 7001 2
2339 8408 -6
5135 9904 -15
7884 1482 1
3935 838 11
2636 6487 9
2406 8788 8
8266 1114 17
8236 7971 20
3474 8032 20
5419 5836 -4
1602 5394 17
8845 5094 19
966 6635 10
9113 488 2
5605 9708 -20
9520 1246 -19
1227 1216 -4
430 2734 19
5680 2539 11
7062 9781 12
9648 5098 4
2908 4710 1
7417 9860 -8
1843 3763 -9
7469 2673 1
8638 8363 -2
1678 8481 -12
9271 6739 -19
3442 9456 -4
1961 5572 10
6508 7827 -3
8449 3085 17
4683 7520 -16
1305 6706 0
6394 9906 -10
8091 6339 -9
568 4384 -3
5389 5220 -11
9401 1613 -13
3940 721 -5
3880 8038 -18
3111 1303 -7
4492 4467 -2
9652 5713 7
2884 8393 1
2239 9512 -2
6028 4025 -14
8752 6294 -15
8371 2939 -14
3878 8922 -1
3786 2797 -14
9373 9592 19
1517 6383 -13
7107 3968 -12
95 668 10
6931 4900 -12
3195 6666 -7
2194 3757 17
5014 3310 -1
6924 9429 -13
8302 2763 17
579 4171 8
5468 9916 0
5512 6514 3
230 3687 -20
5145 406 -4
5847 7612 -4
1943 5923 15
8041 6120 -19
772 7227 18
6574 5615 -16
762 9184 -15
2761 4999 13
4232 6001 -12
1118 2698 14
1946 3766 -12
6582 7716 -17
5641 4148 -6
819 7328 -2
1089 172 6
9131 9198 14
7825 6214 7
4882 5656 1
3347 800 -19
2399 4438 14
305 8433 17
110 8121 5
9032 5348 19
1481 1154 -17
7203 2580 19
6084 1166 8
2090 2853 4
6654 8038 6
3358 6799 16
4084 4203 -8
896 3383 -19
4767 4055 -3
145 5393 4
2311 5617 -1
5758 6268 -7
9112 754 19
6364 6663 1
1369 1178 -6
5928 7326 4
7018 185 11
3792 431 13
604 9350 18
4475 6857 -11
3051 328 5
8059 919 0
1688 323 10
7134 2460 16
8308 8779 2
1492 8881 8
3126 4767 11
6433 6658 6
6414 5922 -9
7040 5587 19
386 1739 0
4249 4861 -10
6808 6441 -8
4951 7589 -15
1658 4485 2
525 5449 3
6436 3171 0
7524 576 8
1642 1730 7
829 6830 -7
3468 6593 15
9643 4123 7
5838 67 -2
3729 4609 17
9806 3866 -8
6470 8169 6
7810 8232 3
9160 4778 -20
7666 844 -7
573 8511 -18
1615 4846 20
3649 3944 -10
1126 1036 18
7878 7343 -5
8099 9497 14
2421 4471 -16
9349 9718 -7
6256 3456 19
7644 4117 6
8833 5504 15
1831 1112 4
672 7988 1
8664 2156 -20
5032 4075 11
7324 6912 4
1395 5738 8
2921 8356 13
4193 637 -2
2686 4678 18
773 9812 -20
2315 3760 -16
3419 4130 -14
2068 7464 -6
6695 4482 1
828 4391 3
478 1975 20
8226 5822 4
3 3651 -18
5565 6935 -11
2828 8338 2
8477 5081 -4
470 6556 -10
3470 9092 -5
6398 693 -1
6354 1756 -20
7092 1977 14
2942 6801 -20
8278 1549 9
8376 4455 -11
6478 2888 7
5178 9205 -14
6724 4790 -10
7798 5211 6
4248 6203 11
73 7686 1
4740 7182 18
1879 7817 16
332 6531 -18
6541 4395 6
2007 5322 18
1817 7455 -14
358 2110 0
4829 1969 6
7539 4309 -9
3103 6975 -20
7599 1939 -19
6226 4577 -10
4932 7036 12
7872 5547 -5
5820 354 19
6212 5724 4
4889 8259 8
3175 372 -19
6261 6818 17
9490 5214 5
1595 4946 19
2698 8860 0
5064 5774 9
6965 1373 -17
934 2150 19
3436 8326 -2
7547 6310 15
9023 9016 4
1488 8347 4
6442 5949 5
1809 9567 -6
936 6805 -19
9694 2760 11
4387 3295 -1
3997 2162 15
4924 9545 -13
4134 5765 13
4151 4279 -10
6091 3763 13
6081 1997 0
2776 3888 5
8723 6376 -1
9020 8069 8
3100 5436 -7
7834 774 6
432 6718 -12
8017 72 -15
9051 2677 -7
9375 7507 9
9443 6910 9
3325 4271 -3
6671 9446 -6
4980 1083 9
2139 2831 -13
1958 3278 -11
4738 2030 1
4176 4878 20
5226 6811 18
5087 2723 11
7804 5790 -12
2052 1014 12
6635 6076 -18
4715 1094 -2
5288 1795 11
8247 2082 -11
113 6629 16
4056 7976 -13
7270 6764 -20
1584 2776 -9
2202 3186 -9
6697 9930 -17
9739 5585 2
1846 7413 -12
486 8347 2
9108 9602 13
1585 1736 3
3495 4464 -12
2350 1691 -12
5172 8605 -10
3462 2850 -15
9664 976 19
865 1709 -18
2945 190 0
226 8906 8
3092 206 13
3299 5530 2
4049 3631 -4
6487 1433 11
6239 5885 -12
1292 5482 -8
3809 3165 -8
3607 6117 2
8245 3011 -3
4034 6628 8
6916 7521 -4
9389 6278 15
2404 9859 1
1059 1321 -9
1866 9459 6
7994 5249 -14
8382 38 9
930 7772 1
2530 3342 -6
4322 165 -12
5219 4987 4
6143 3758 -9
6150 9927 16
9418 7715 -7
2656 4117 -10
4691 9573 6
9673 8301 5
4648 7203 18
7687 8476 2
3955 6242 1
6985 5244 1
5427 495 -15
9887 6371 -18
7876 41 18
4353 3407 -10
6710 5095 -2
4408 2514 -15
6196 3346 -15
4373 5122 11
1402 8116 2
2027 3057 -14
3190 9219 -17
5313 1070 -19
6981 6429 12
8404 5803 0
9115 253 -16
1873 2051 -5
7454 3270 19
7814 6047 -19
6912 8849 -10
8697 4234 -6
8575 3270 18
8521 4240 18
9408 3907 0
4633 7779 6
2198 8630 -12
6793 4250 -12
3653 6501 12
4401 7484 4
98 1124 -12
3765 154 -13
6343 5050 2
4105 3206 1
781 4788 7
2635 1468 -18
456 5903 11
2589 7498 -7
9537 6396 -14
4001 2367 11
8704 3877 2
3175 8965 2
2373 1740 18
6237 7199 6
7971 7837 3
7470 3296 -12
8750 5266 -1
698 2169 -19
9504 978 18
5694 1835 4
1662 3306 3
8357 4503 -14
4912 7675 -9
1370 7207 -5
6531 4014 19
2357 8927 -3
224 7826 14
3435 3608 -7
3763 8050 4
6051 9373 5
1486 8216 -14
268 6543 -2
8509 4747 -12
7019 4580 11
5626 4985 -1
9447 6149 -12
2237 9890 2
3284 2962 3
4355 6985 19
965 1569 4
6727 875 3
8507 8504 3
790 8620 14
4791 3773 -10
7301 1481 -11
6882 7282 -2
9709 9331 -7
1550 3301 16
2489 69 12
5099 6355 11
8545 3904 -9
7322 7236 5
3788 7021 2
2194 7155 -12
9948 9248 -8
3798 5096 12
5850 1082 -9
1632 1435 3
5148 7713 15
831 6247 -10
2838 8823 18
6057 4038 -14
745 4030 -4
6809 5797 19
4846 2218 -2
4589 6992 20
763 9680 14
8123 8393 -14
6469 4129 1
3354 2600 11
5342 3435 -15
5346 2377 -13
6251 1503 -4
8393 276 -3
7858 1193 -7
3785 3980 -13
3275 195 -1
760 4310 -19
6272 9319 10
2094 3922 -7
4221 1770 -10
4847 8361 11
8678 5387 20
5466 9404 7
9213 3714 -5
2555 8056 -14
7608 2333 -19
9303 5016 10
1006 7468 -15
6607 4335 -5
828 4306 0
3263 5403 -1
3134 7344 17
1020 8429 -1
2627 8981 18
7453 6872 -8
1120 8645 -1
4497 3708 8
4369 1422 13
1149 1976 -5
1583 4608 -9
2473 1601 -17
9247 2321 -14
7273 3713 -20
7897 9431 13
4253 8276 0
7239 6012 4
3228 8019 -14
3414 8028 -14
8013 7279 15
7666 5253 -2
8749 8344 -9
5530 238 14
4093 2160 4
5232 6495 -3
6213 624 -18
3438 5197 -15
1938 8786 -15
3854 871 18
797 5893 20
2124 7950 -6
7802 1653 -14
1480 7856 -18
3772 2633 12
8859 4818 -9
5742 2973 18
563 9907 6
7531 8673 -15
3806 5762 -8
9389 7510 -6
5324 8239 -8
8283 1425 -13
4864 7845 -3
9574 1338 3
7839 5632 2
2162 3916 18
8440 1483 -17
8460 8889 16
1937 358 12
5318 4018 -18
4133 8521 18
8182 1557 15
7274 8843 1
266 5011 12
3505 9142 19
7403 2749 -5
9816 2576 -18
8498 8626 12
4817 6090 -11
9750 8035 20
7165 6462 5
6743 581 8
8386 9279 -14
1850 2018 -19
9019 4382 10
9295 5888 4
4250 9602 7
491 2769 14
5084 2808 19
7408 7861 4
8956 3278 17
5475 1173 12
7853 1978 -2
1899 5274 -6
6013 1624 -16
2363 1811 13
1781 7097 3
8343 938 18
494 9838 -17
2506 6075 4
3680 1172 3
9253 5467 -6
7722 4023 -16
9450 6885 -12
7810 9279 -9
3799 1850 6
5340 9836 1
4470 9493 -10
7007 6569 12
7391 8051 -12
2335 1710 2
4692 7331 -5
5003 7588 4
3837 2411 -20
7171 1326 13
9143 9581 4
8072 4971 -20
5623 3727 -18
2867 1566 -13
7482 5045 -18
4307 1492 -15
4739 3300 -5
1133 8359 5
7021 4494 -5
1089 2980 20
682 5449 -1
8637 3363 19
9351 2692 2
2664 3164 -20
6364 1965 20
1500 1427 11
433 7207 -8
2320 2929 8
2941 189 -3
9924 6870 -1
2143 5218 -5
8626 9733 -18
161 8507 -1
334 7537 -3
7558 5194 -3
2673 9792 -5
2563 6713 9
7337 4171 15
4214 7269 -1
7892 2116 -14
6737 9095 3
9312 9002 8
4460 4124 -11
6655 1109 -6
6921 5797 -6
4956 2263 2
4328 3619 -19
4304 1180 15
3060 8848 -5
1041 1633 -16
5042 2069 8
6615 1059 -17
8769 1308 20
6326 3955 -5
2640 3221 8
7594 444 3
982 5724 12
8543 1166 1
3825 2990 14
1239 2401 -11
9983 2870 6
3080 2272 13
3947 479 -3
4949 3884 20
5880 1030 13
8220 9585 -19
4881 7143 -2
2707 1079 18
8928 217 -17
6943 1258 -5
1244 9322 12
8271 3877 18
9273 1359 4
462 5404 8
7076 681 -2
456 1897 0
169 2805 -7
7238 9294 -1
1022 846 13
4391 733 -17
3668 1082 16
4948 8061 9
7233 8650 5
4910 251 -6
6394 7758 -6
4897 7513 -9
3939 3270 -17
6933 7509 17
7996 7700 -16
1204 7157 4
8320 4343 14
7706 1353 17
6278 7233 -6
7822 1985 0
5016 1685 0
5813 2256 20
9390 9746 -4
611 9084 -6
6333 8296 -20
8506 6948 -13
7582 51 4
3966 3152 -9
4060 9798 15
9695 8025 2
2744 5010 -14
7 9638 -13
7357 7426 8
4183 7987 -6
9127 3616 9
9350 4949 2
1117 4342 15
5575 391 11
4114 9148 4
3972 620 9
9164 3630 7
9456 5789 -13
8096 2455 -13
5688 5936 2
8315 5826 -1
8877 526 13
2425 9586 -6
8195 9247 2
4557 7524 20
4212 910 -19
945 1434 14
8541 1916 14
8106 2097 11
6113 1693 -17
7901 1524 -14
3619 8446 -7
4307 8178 15
8996 2050 10
3876 8600 8
342 1903 12
6288 6712 -14
9971 337 8
8054 9052 -10
8315 9890 -8
5159 9737 11
1246 2630 -2
3709 4653 -9
2600 7102 -3
759 7271 11
8211 9508 -3
7716 9140 -5
5315 6022 -6
7804 6719 -16
1750 3560 -20
8696 70 19
4230 6029 13
3361 4241 -4
3823 5132 -19
4535 164 17
6651 9173 -1
2842 7026 19
1803 5724 -13
4049 2085 19
8427 1275 -4
5459 4978 14
9434 1299 -17
5502 8720 -3
7179 8706 13
1461 7552 -16
6409 1313 -6
7540 5619 16
4532 769 18
1038 5420 2
3116 2638 5
8835 8027 -12
7578 2488 -17
7333 7918 -6
3984 7925 9
8851 83 10
1009 2128 9
1420 1769 11
8357 4109 -2
5723 7028 14
5873 4734 9
6463 3337 19
4015 4959 -7
7912 7774 15
3924 6315 1
5388 8509 -12
8161 4458 -9
7121 3439 9
6291 9756 -10
4571 4951 -10
2690 6947 -17
2363 8103 7
7464 893 9
7853 9924 13
691 4488 16
1356 7348 -20
6618 1000 17
3398 9306 18
5051 7416 -10
9768 5982 -18
9014 7874 -17
2218 6401 -10
7162 899 -10
8428 3529 -11
6534 2533 -18
3520 6528 -19
7192 1429 -19
3306 2785 10
7404 2747 14
7885 3734 -1
5102 7077 10
9632 1802 -20
6499 1804 7
5956 8828 -2
2708 6664 14
8449 2017 11
7048 385 18
8869 6670 -1
5735 9755 5
5259 6399 16
741 5211 12
6767 8740 -11
5660 9371 15
4152 1196 15
3964 5655 13
6320 3504 -11
2017 5803 -12
4148 45 15
3230 6959 -4
3892 3734 15
1852 2823 6
2193 6571 5
9233 9438 9
4081 3437 -4
7834 1394 0
7230 7805 -6
9682 1466 15
5569 753 -19
1414 6790 16
8225 6872 -10
5803 7251 5
3062 1645 16
1709 11 -8
8931 618 9
6353 952 16
8833 7181 -9
3966 1971 -13
3036 8178 -5
106 9912 -12
1870 9614 -11
6274 2201 7
6637 1175 -19
9139 4331 -1
3972 3794 0
2607 2634 5
9641 5861 3
3550 6709 -17
839 839 -17
3846 3389 18
9611 9358 -19
6062 365 -1
8151 6666 14
6544 972 -20
6543 5729 -16
9214 7975 -20
8479 4109 -13
3270 9273 -8
3476 1965 -16
4355 7074 -15
5543 554 -14
9734 8803 8
1541 6157 13
6963 5135 -11
4537 3637 18
4950 6936 -11
9961 6094 8
480 7147 -15
1646 4606 -2
8595 4011 -13
3108 944 -20
9541 7840 0
5268 6154 -8
8496 4484 -8
3055 7382 0
9630 1820 18
922 6209 1
5115 2759 4
9655 6636 -15
8182 4049 -15
7572 6645 8
7723 4167 18
2433 6096 3
1634 6122 -1
7583 8962 3
2491 2945 1
3246 1123 20
3293 1715 4
8246 4771 20
9672 5983 -15
4407 2283 11
8541 5438 19
5262 6037 -20
8660 5099 1
3946 1296 -6
9954 184 15
6528 2335 -13
2708 7647 -13
4232 6701 4
2933 7599 -17
6382 7275 -8
6665 8644 14
1873 8166 -16
6663 2615 -7
2293 3700 2
2061 3848 -7
7008 3466 10
7472 2271 -10
1923 3958 12
2613 7691 -10
4190 9344 0
2890 6342 18
2627 1674 18
4865 7923 10
7292 7059 -9
5574 2150 4
2737 6487 -18
2125 1185 7
802 8979 -19
6639 5939 15
2276 1337 17
4311 686 -18
3843 7889 14
8905 4877 15
488 6421 2
9139 2618 7
841 6206 -10
5096 6453 11
6499 89 7
4411 313 -10
7378 4465 4
2046 6327 -18
591 6061 2
7946 2128 16
8515 1500 -17
2090 7150 10
5199 8243 8
6954 3868 -2
323 5124 15
1160 4179 -18
7692 6660 -17
8329 5391 6
1733 4596 -13
3594 2853 -2
9749 4419 10
6934 5258 6
1713 57 18
3241 7227 -2
2342 8638 -7
4964 4012 -19
4292 7066 20
8382 6735 -7
6859 940 -6
6113 2228 4
7742 8944 13
4755 5722 1
2155 1214 10
7706 3115 -9
3070 1709 -8
5516 2085 -15
2433 6274 13
1743 3120 -5
7036 9126 14
5122 8115 -9
8608 7965 0
6420 5038 3
3736 6463 -4
8639 5252 -10
4769 2741 -1
4265 2076 -12
3128 4591 10
4339 2961 -6
3010 1348 -10
5392 2565 15
6916 9230 14
1105 3744 -9
615 7704 9
872 6527 -10
7737 5346 -10
3194 3690 -8
8700 3817 -8
5879 1808 3
6300 8259 -11
1536 4652 17
4090 7190 -12
9194 1222 3
683 2698 -7
1998 2713 16
9680 4153 -7
2147 4836 4
523 1639 9
9437 3650 -3
9046 7364 9
9630 2661 5
9236 9662 -1
9711 9063 -10
1992 6030 -10
2470 5774 -8
5775 3506 17
374 1818 19
8341 268 1
6625 1636 0
1340 9151 8
6983 4965 -17
6921 6301 14
184 7069 15
4138 214 -17
1887 5004 17
8059 4456 -7
182 1631 0
2206 7542 -6
3361 704 16
4208 7508 -12
7432 7416 -12
1250 5325 -17
1880 1232 19
865 273 17
8964 1574 -10
824 4242 3
3984 2568 18
6777 5774 0
4302 2008 -20
6277 4564 -14
5400 393 19
3232 5194 -9
7494 1300 -19
3023 8135 -3
7871 1339 19
7576 3022 20
284 2852 5
2443 8517 0
1538 4320 2
413 2185 -9
8471 8071 14
64 2497 -11
4961 5769 6
6157 7472 0
1598 8228 13
3061 8325 -16
4268 3597 -10
7352 8613 1
6090 9317 4
8449 6448 -12
7892 8655 -19
1581 9713 -16
5618 8139 3
7533 8080 12
247 2750 -8
6398 8541 -17
370 3012 -12
8023 7559 12
8678 4210 -4
4846 1618 -19
9917 8247 14
9242 7671 -1
1152 5495 4
3239 2194 10
8699 6114 -11
9363 161 8
1745 5274 -8
9243 7439 15
7943 8583 16
5452 7003 -17
4763 391 -9
1830 5467 12
7129 4468 -1
5713 3601 16
1662 6507 -11
9449 9646 -14
5006 8019 2
5139 7725 -16
6972 906 20
2119 5014 2
2129 6193 16
5181 894 9
6541 9887 6
3983 8656 -15
8926 9017 -18
1523 922 7
4716 3355 -3
5610 2246 12
4277 9346 -11
2076 7042 16
2576 2880 -14
7440 6797 -18
5430 1604 11
524 4748 -8
2660 5280 -8
293 7184 15
4904 8410 -1
8437 9612 8
928 114 -17
938 6928 9
9963 7067 20
9982 3978 -20
1623 7242 -5
5368 40 6
1893 5523 -11
5767 9680 0
4447 6867 2
2980 3784 14
4634 9929 -14
4902 7214 -10
1907 5451 14
5398 7148 -8
6825 3839 -15
942 2685 -3
196 7641 13
1070 9604 7
2619 8174 18
2311 3407 15
265 9974 -7
4955 6648 10
2869 3380 -11
5251 8389 1
9133 1720 10
9875 960 13
1581 9936 -10
9085 1441 11
2074 3174 -17
6422 4573 20
1925 694 2
6319 6511 -19
3055 2010 14
1272 2009 -12
9585 9874 14
567 7024 -5
7701 5860 19
1417 4646 -18
418 505 -4
8041 989 -12
2183 7134 11
2022 573 15
6149 6695 11
1692 1627 5
3548 8531 -15
1062 9438 14
3111 9739 13
9021 855 7
6301 1854 13
3240 9331 9
2050 1086 4
5795 1227 7
8641 3339 5
1219 991 4
5186 2931 7
3367 2692 5
3438 8626 -8
8313 3221 0
4070 3845 15
733 9291 -16
6065 614 2
1918 6183 -17
6431 9252 1
1632 4045 18
7271 6645 3
2668 2183 -3
4064 4493 -9
9670 6988 -18
6990 6315 -8
3987 4408 -15
6179 686 4
9381 9809 -20
321 2816 10
7786 5480 4
6472 6464 16
9456 6959 2
1411 6282 15
5770 5084 -1
8668 872 2
9797 6418 -18
197 5839 -8
7302 3504 20
8508 6078 -13
2725 9179 -1
5499 2898 13
5187 8209 2
534 155 -7
4179 6686 16
5844 4396 20
1887 3246 -13
7372 2442 4
5263 3879 2
7215 5815 -2
8140 3074 11
2265 4246 -18
3627 6372 -7
4594 7177 20
1069 7885 16
4080 7269 5
5251 7957 -1
7035 466 4
2475 4078 -2
8810 1090 -4
3673 7164 13
3955 782 -16
1891 4453 11
1433 4958 15
8277 6267 -10
2180 4251 -9
1577 8002 -5
3445 9474 18
9463 7651 -11
1395 6331 1
6436 9534 -1
9421 4031 16
599 1467 -2
5321 174 1
7344 9596 -18
936 1659 7
1600 2782 17
3408 9799 -12
1301 3453 17
9439 9734 8
3911 198 7
969 5003 -16
4805 6735 -20
7255 4052 -15
6231 9618 -1
8036 6211 -8
8954 9707 -20
7971 9173 -18
5405 5917 1
6387 1002 -17
4248 6627 0
2011 9770 -19
5919 4244 -10
6224 6846 -6
3790 2731 16
9741 8367 18
396 7839 6
6758 1500 14
6606 5864 12
9370 5193 5
4578 7887 15
7137 3291 -3
8088 8738 1
7303 6768 7
9047 4916 -13
2915 9277 4
2343 2214 0
8041 5788 4
1603 5799 13
710 7644 17
8173 1635 20
6434 5319 11
8805 7853 17
1412 3513 11
1695 9437 -1
9787 8901 -3
4132 9094 -4
5657 6995 -12
8197 5829 17
6105 805 8
481 4418 -15
9934 5101 12
89 5539 12
4902 6906 1
7203 1925 3
5315 5380 -12
7520 9315 -14
1030 1968 7
6510 6080 11
5244 6104 -3
5780 6127 -3
2925 2131 -14
5171 3167 6
5425 575 -10
1684 9520 -14
9654 1336 1
3469 6579 2
5984 2273 -9
3054 6127 3
1651 2853 16
2843 1171 15
6154 9254 7
3083 6026 -4
9111 3115 19
64 6563 -4
1817 8354 16
5892 4741 17
5407 8333 10
5754 7540 -14
3205 3379 -11
2283 2649 -10
9649 5670 17
4707 1089 -11
9447 6078 19
8445 937 1
9323 2838 11
6072 27 19
8085 8263 1
2423 130 3
4382 6758 -12
2898 4711 -15
2425 921 15
3837 6475 15
4180 2858 9
2783 9859 -11
8685 8354 -15
8639 4571 11
2049 531 -7
9309 4263 11
1109 5678 -2
2140 4954 -8
7555 9208 18
2074 4411 -19
716 5244 10
3282 4982 18
2491 5380 8
1357 2779 -1
3695 3416 -15
4460 5654 12
2384 6927 4
9693 7872 20
7764 2092 12
1306 191 -6
8328 2304 9
3870 5464 -1
3560 6129 -14
5082 9250 -10
3499 3762 -15
891 9829 4
2655 640 1
9349 6042 -2
9937 9151 19
1414 7851 -14
8077 3765 6
9659 6969 -16
6879 3942 -19
8392 7566 9
2160 9737 11
9825 5069 -11
4758 7847 -17
3651 8039 1
1477 241 -17
2153 829 11
8680 6119 9
2866 3536 11
8466 9900 10
8168 6640 13
2389 4942 -1
7072 1730 5
8535 5046 0
254 5165 11
7895 3071 -10
8847 8254 -14
7928 2631 -18
6725 2256 -6
1844 247 -6
5200 9070 -12
7052 5456 -2
1767 2790 16
3390 4105 -6
866 1524 0
3935 8177 14
1938 4949 16
8206 108 -17
636 4097 -14
3766 9706 -17
7845 3567 4
8205 3513 -18
262 6483 6
2262 4512 10
2713 4724 13
3781 8091 1
9353 2366 -19
3730 6999 -20
3427 8075 -18
3660 6956 5
592 6852 -7
4537 5239 10
9543 4408 -8
6902 8464 -18
9476 5586 -11
3271 7253 20
420 5327 1
6034 3184 10
9083 39 -15
6523 8429 8
9518 9584 -5
1914 4861 17
7874 2965 2
3802 783 -12
2421 1492 18
4075 5655 9
5353 6371 -18
3035 7505 -11
2124 2856 16
334 651 6
6686 1154 6
7017 384 12
2131 6676 10
7313 2938 -18
6274 8220 -5
268 2190 -11
7861 4839 14
6310 6927 7
4580 9437 -10
2843 1887 17
714 5985 -14
3625 5590 -9
7858 3306 -10
3676 4181 -6
7921 4205 5
3695 6624 7
8752 7481 -14
1072 8308 1
5522 2760 -4
8050 7762 -1
9008 7977 5
6641 2414 13
2544 365 1
7381 8243 -9
5830 8673 -14
216 5698 7
8319 1084 7
7916 4613 -16
7765 2353 20
5193 7519 -5
3993 1257 -10
9131 565 9
1520 4012 -3
8147 4844 -1
29 8224 -11
3006 5778 -9
5637 4421 -13
3852 228 -2
744 828 1
3439 3264 -20
2799 5200 20
2748 6905 18
3624 734 4
4932 4560 20
1764 9921 17
4707 4907 -7
4702 3442 13
7408 1662 -13
4182 421 -11
5499 6695 9
3862 3374 4
2138 1041 1
240 7717 10
5382 3280 -8
5399 9743 6
2078 521 1
8210 9446 -9
612 2421 3
1915 9988 -19
4738 6255 10
5663 7596 13
1493 6864 -1
7756 8108 -13
4587 1546 -18
1528 3386 3
8321 2118 20
7612 1835 16
7596 7683 -1
7402 4625 -20
1790 3679 18
3536 3613 -20
7110 7532 -3
263 7945 17
5982 5835 -6
7447 8663 -7
4813 1783 8
4052 237 -4
2491 9518 -18
1150 5601 -3
9806 2895 6
1157 6274 1
2793 6442 5
6684 3497 14
5714 8720 4
6902 4015 -8
5275 7472 5
6546 9342 5
319 2189 7
9569 69 15
1830 6483 8
3813 1471 9
1752 5274 -4
2287 8068 -4
4734 7914 -15
294 8869 16
1024 3118 18
2620 7462 -20
8104 37 8
759 8709 -11
4776 4581 15
463 227 -2
6522 6615 16
5255 752 -13
1454 9282 -5
1691 126 11
35 7363 -6
3353 8483 9
9960 9219 -16
8949 4129 10
2814 4326 0
2513 5395 14
3294 7520 19
512 473 -4
3558 4315 -20
5298 237 5
4703 4782 6
3649 9326 -13
5541 4646 6
5525 2829 1
8944 1682 9
1047 6505 -19
971 7769 18
580 6124 16
3709 7806 20
8159 5268 1
544 2718 -15
1619 4022 -2
275 4327 -5
3683 615 19
7987 8566 7
1698 6412 1
1724 7235 -19
5271 6591 -10
5681 9880 -14
743 8069 -3
2637 3675 -7
4620 1402 -10
2382 6861 9
7354 9260 16
7722 9680 -16
5116 788 -19
4191 9063 10
2488 357 -6
6112 6707 -9
8413 6555 13
925 3265 13
5923 2795 -17
387 4236 -16
2798 6043 1
2382 8828 19
8359 3479 -17
7091 6943 -14
8163 655 -9
9326 7849 -9
241 9829 13
7863 1443 -15
5865 7707 9
7786 2169 -1
5012 8714 7
711 251 17
4289 6468 -18
6226 5280 6
6617 6338 -4
7271 6686 -16
6989 7927 -18
6479 4144 -18
996 4329 12
7302 9910 -3
6610 2365 17
8097 7158 20
3809 9917 -11
1946 6058 13
2105 1113 -5
274 6686 18
7458 1257 -1
6218 9534 14
5710 9796 3
2715 6266 -16
4343 1078 -18
9640 8487 -15
138 9920 -4
7412 7026 1
3347 5437 1
160 1531 -12
1404 3186 3
8518 5192 -13
7614 183 0
9217 6232 -5
891 2996 -18
6456 7750 -10
4731 3135 -8
544 7928 0
3368 5097 7
7730 1532 -7
5542 2413 0
7600 2537 -6
1343 664 17
9000 4223 7
7757 8057 8
366 3915 12
2102 2514 -1
3219 4663 1
8342 1370 6
5650 9884 -16
2583 969 5
3698 3337 17
3426 6516 -10
8425 8490 -18
9237 5066 0
5744 9126 -16
4066 5383 18
3475 2592 -4
668 2891 -7
8881 1113 13
9191 2177 -2
5705 8691 -18
2512 1078 -9
1857 5433 -19
6812 2728 -15
4441 5384 -8
357 6996 -12
4040 3485 11
4499 2087 17
6111 4603 2
9322 4622 9
899 7159 12
3770 7707 -1
7521 825 20
3602 3171 -1
3533 3015 13
3738 2890 -2
7448 4920 10
3070 8711 0
9829 1432 -3
7985 9885 -5
9542 9148 -1
9655 8975 11
3694 4302 10
9744 9056 -13
3392 1464 -14
3563 4901 8
9975 324 -7
3474 3283 -1
5598 9678 -16
6758 4130 -2
9422 2639 -17
7315 2002 -17
5362 1819 -15
8950 1537 6
6027 910 -20
4199 2407 19
3997 2507 14
9218 1010 -18
8948 9302 -3
5549 8610 1
489 7639 -17
7849 4037 -12
2181 9032 20
5155 2018 16
481 869 -8
7162 5710 -5
2647 22 19
8649 7321 17
5104 9785 -11
8480 2444 -14
4872 9738 10
7765 8581 17
2671 687 -11
5741 2010 19
9927 1223 8
7853 8164 7
5142 1009 18
3767 7431 -14
4969 4222 -3
895 4294 1
9756 5968 1
206 2603 -12
437 8121 -19
3927 5100 15
1333 6591 -3
7693 382 -20
5870 9393 10
4632 2453 9
3716 1434 -14
8534 1119 -9
1911 5022 -17
7152 2424 18
9352 4366 -4
5167 4192 -20
8314 5424 9
6377 8475 -11
9383 5091 13
5950 3284 1
8806 7562 -15
3074 116 7
8615 9182 -15
5359 3038 15
4268 7579 -20
6016 462 -13
2 6581 5
7002 1445 -13
6039 3094 -18
4322 490 -16
1976 2283 6
7112 3240 8
4541 1633 -9
4951 6049 20
7190 5456 5
9991 6484 19
4467 7951 -20
3637 5564 -1
5384 9957 -13
6438 9839 4
1113 9897 1
9031 5240 -14
5839 4527 8
4586 2902 -3
6378 7632 -15
3982 3285 15
6285 3513 9
6112 3965 1
1944 6444 -11
9396 7284 8
5383 1404 -14
782 2147 -7
5108 3121 6
7334 6383 -8
3183 1087 13
8434 7508 5
2633 987 -8
3720 1727 4
5586 2597 -19
191 1893 -3
2383 619 2
8077 8564 -7
2722 3508 17
5898 3638 15
9453 8562 -13
3698 1740 -14
6328 3354 -11
3562 9968 -4
5907 6436 7
5686 9193 8
4393 2237 3
1923 5965 3
2934 6214 17
5697 1968 2
7630 1308 -7
700 495 10
8185 1856 9
2165 8988 0
5991 9669 -6
567 6987 18
781 2925 -3
3575 6993 5
903 2042 2
7404 7839 -13
7667 6594 9
899 111 11
5174 375 17
6882 4209 -18
8766 3168 -7
1825 5970 2
6240 4166 10
2332 1204 19
3517 9346 -4
6704 2230 12
8464 6339 -8
6629 827 6
9913 804 6
6367 4226 -20
4838 1074 14
9216 3770 -5
4778 7298 -4
2741 7105 -5
3840 2762 -20
9376 2148 0
6739 4267 20
4875 1453 3
388 7566 17
9486 8716 14
8151 1711 -10
9599 8638 6
5184 4285 -6
929 5379 -2
1048 4848 -2
8150 2391 12
1276 3956 17
1467 8302 -11
7514 1194 -4
5684 3292 -12
8904 3116 0
3778 767 -1
4242 7904 -7
8689 2003 6
830 1416 -10
7586 5950 11
6797 3107 -15
7780 9559 18
6213 5778 -9
5379 5865 19
2078 4108 11
5277 7153 3
693 8451 -19
9318 2288 0
574 711 -16
6757 2072 8
3984 2485 8
2892 5451 -18
8306 9454 8
5313 9373 -12
865 5074 -14
7183 4836 2
1491 7875 2
396 6593 -18
5201 1566 2
8425 8520 -19
8059 1115 13
4916 3580 10
7112 8635 10
629 9832 12
1106 3918 -8
5832 5085 3
7664 6762 17
9844 6219 9
7933 3302 9
4686 2911 20
6093 2107 -8
6534 1181 20
5941 4638 19
6002 4605 -4
1305 2785 4
6950 4860 -8
3367 9117 -11
5680 4333 -17
7242 2389 -6
5345 3707 -15
8323 6863 11
8236 696 -1
5516 7458 15
7276 752 20
6841 1068 -5
74 1508 19
7749 8962 -20
9014 7225 -11
697 5941 -17
1496 7314 8
9152 2733 1
4712 7941 -20
8595 7199 -12
6534 3001 -11
276 1820 14
401 3352 -14
6591 5036 15
9212 9886 -4
4893 4085 18
6822 2758 14
5916 7950 -5
471 6396 -13
6086 186 -17
3804 3078 13
5897 5059 7
4171 8095 -2
8893 1318 18
7085 7915 -9
4916 3128 8
5186 1064 17
4954 4164 8
1102 6495 7
196 5357 -20
4123 4052 13
5507 7415 -8
5960 1624 -18
1396 683 -10
9309 303 -11
9936 3558 14
5226 8407 4
7052 8805 6
7825 4783 -7
8600 4391 6
4015 4183 11
5914 4898 -1
197 8245 16
3535 9921 -18
6217 2205 2
3014 1713 -3
5287 7283 -20
4536 2498 -4
9895 6764 -20
9325 7174 11
2538 6565 -13
8644 7794 2
1489 8934 6
1522 3900 -11
7181 7004 2
1548 1774 -14
4707 7671 18
3178 7916 10
2072 2603 10
6597 9922 13
7027 9123 10
4665 6124 -11
2641 3476 -18
6281 6335 -9
1836 1462 16
2235 4348 -9
7788 4909 -14
1097 3905 -13
461 5236 -9
6915 7475 9
6070 2037 8
9598 6018 4
5029 7817 -8
2610 9700 20
9614 9006 12
3946 2707 17
1561 3588 4
8981 7516 -17
868 3609 5
8039 5983 11
2802 452 7
4356 8411 15
2587 1918 -12
6879 6032 14
5340 1205 -14
2080 6193 13
792 5158 -18
7408 2802 9
7976 658 0
9795 5591 -5
4159 6937 -11
1660 8250 20
9405 17 5
864 6443 -5
421 3338 -9
8606 6240 -20
9671 9156 11
9613 7585 -20
2843 9882 -14
8096 3732 14
6479 7632 -4
4476 148 -9
2864 2156 -10
8803 309 -5
9705 3386 11
7700 4164 -9
3276 484 16
2667 8298 8
2388 8930 -16
986 9281 16
225 3168 -13
2640 9659 -11
7679 7544 -11
9139 1017 -13
7171 3990 -18
3557 2189 -10
95 6211 -19
7682 2794 19
7994 6190 -1
6817 3145 -2
3122 8934 11
4959 8594 8
3436 6727 -18
1370 9344 13
3286 9713 -6
3071 4281 12
205 2593 -6
9549 9454 -12
6518 8962 20
4823 3537 -13
2896 2200 -3
5286 8333 -7
7365 8330 -13
410 7764 -2
9724 6125 13
7264 404 0
8115 2511 -10
5012 468 7
2897 5065 -9
9030 6232 -1
9961 8133 19
2636 440 -7
1986 3480 -11
9830 1865 -20
6136 8579 14
6331 231 10
6610 71 16
9864 9695 17
7263 2874 -1
5475 2018 -6
2221 3479 -20
7861 5912 8
7571 1926 15
9943 4706 1
476 619 18
8603 2850 5
5516 8482 8
8174 3148 4
5475 550 -18
3958 4421 15
1344 7634 1
9688 9983 13
6013 3014 -2
3392 5329 14
7543 2113 -7
7843 313 3
5258 6096 -7
1920 7142 -10
1387 2542 14
999 3718 -6
8924 9413 -9
5317 8791 -4
9433 6620 13
2738 5808 9
3840 9429 4
248 8092 6
9235 3862 8
1922 9711 14
4629 7668 -10
2458 5471 17
487 1303 13
3875 291 -20
8946 5871 -11
3670 2616 -20
8683 2749 -4
9666 5071 -2
825 7939 -13
1843 5280 16
5501 4454 -10
1382 1697 11
8158 4212 -8
3118 8802 16
5012 2468 -9
2073 9036 -5
4764 8750 10
7809 2065 13
4385 787 17
9016 8976 -9
8524 6050 -18
1395 2129 0
8298 4678 11
3829 5685 -6
4625 9350 4
408 4110 3
2686 626 15
686 758 6
2108 4861 16
6175 2017 -9
9708 3596 13
350 1397 -9
8325 438 6
3530 1730 4
4314 197 4
7740 4378 -6
7605 9876 -3
8215 8540 9
5325 7197 -2
7691 7525 -18
3517 1229 -5
6247 7634 -9
2953 1742 -1
4289 2429 19
5270 5371 4
8066 669 7
938 6623 5
2257 4298 19
6716 1148 -3
4642 3595 -7
2685 2064 11
1642 4454 7
3023 3787 19
8379 301 -9
2719 9359 12
8963 9561 -6
6194 8219 12
513 3065 -9
187 5207 5
8515 5785 19
1370 3572 13
1704 2462 -11
7867 9953 4
7933 4672 5
801 453 -3
8176 617 -16
5435 8028 -12
4036 4050 17
7505 1586 -11
4389 8242 -5
2919 6991 14
4814 238 -18
702 1108 -13
7809 2384 11
7672 350 -13
9993 5094 -10
9861 1283 -1
2874 6298 4
439 9951 -18
1373 9431 8
4448 6547 18
8293 7910 7
1110 3052 -14
8810 3218 19
872 29 -2
8434 3489 18
1902 524 20
7784 6410 4
2256 6433 -15
4339 326 14
4630 3352 2
1910 1054 0
2206 6118 20
9991 9807 -8
6846 8217 18
5049 1487 -20
1680 8917 -5
7201 8687 -8
596 5129 -16
9993 9990 20
8758 9921 -6
938 766 -4
2213 2836 1
1105 6404 -13
3747 2990 9
6804 6846 3
6633 5640 16
6751 9142 18
5541 9076 20
7304 5475 10
3323 5810 5
5576 4013 12
2488 5604 4
5105 8072 3
1125 5835 -17
3756 769 18
1123 8586 7
8262 5603 11
6255 6174 11
4327 2508 -20
9048 518 18
1683 8896 0
9587 4488 -14
7213 2132 -5
2159 9136 -4
7290 1326 8
7469 6246 -9
4004 9232 -12
6916 9831 -16
6254 7533 -1
5461 8606 -6
6929 2544 12
9731 1747 2
6689 7679 2
7667 2889 19
5965 206 9
8013 8317 -4
9993 7379 20
1072 8237 18
663 8388 10
8063 7309 4
9591 3762 -19
7511 7924 -19
5917 2437 -3
6000 3119 -6
2529 939 15
362 4353 -11
1996 7655 8
5612 2312 -1
7098 2366 -15
4664 6156 6
2551 6376 8
9245 3048 14
2387 9784 -12
7522 5257 13
3619 9377 4
3685 1135 -14
3456 579 -1
8719 6560 -12
2109 5722 -20
2370 9328 1
5252 6399 -2
6828 3408 7
3660 5181 -2
5559 7174 7
1086 2548 2
794 6175 4
3301 2071 8
2732 3857 12
4415 1219 -6
5243 6402 16
1049 4859 3
2395 9905 17
7093 6583 -19
7337 2042 -19
1800 8042 2
5598 386 11
4291 4797 -1
2964 4875 -14
4567 719 6
4981 8846 9
5890 6001 -5
4715 1437 1
6104 1161 19
8416 6363 -6
2712 9518 9
1103 3237 15
5424 3087 -6
3952 3096 18
7861 2655 -14
3131 1531 -7
4137 5156 -9
6398 1063 0
6846 6547 -14
369 7803 5
4842 6596 4
6299 7042 9
2798 8409 13
4458 8586 6
1705 5983 -8
3416 7891 4
5567 4430 -2
3819 587 19
6377 2430 6
438 436 -9
3843 7052 -6
3574 3505 12
6680 365 2
1262 4135 -4
2943 1649 -16
1054 1061 1
1251 6155 5
8633 6591 19
4068 3675 0
1290 8901 13
5445 2107 0
2961 1760 -9
9469 8332 -11
5853 6087 16
7867 2498 10
3550 1467 -14
3738 4523 -2
407 5673 1
7403 8154 -7
1200 5385 10
9237 7430 -7
5470 825 -3
503 9374 -20
196 8288 18
6713 6681 20
8428 204 -14
1951 1621 15
7273 6587 2
1893 7080 11
2597 1704 1
3156 1604 -3
5467 1559 -1
5332 1356 -11
3935 6680 13
6224 1486 8
7485 8421 5
4345 9659 14
7910 9062 -2
1821 5826 -10
4853 928 -7
3138 9566 4
9230 6144 -13
675 2670 18
8483 458 -20
8639 1265 12
9395 2371 3
3193 9405 0
9012 7066 3
4106 2445 -9
3283 7507 5
8355 5626 -7
8904 3499 9
4986 7677 4
4615 4796 3
3288 3087 5
5619 1339 -20
5219 9056 16
1438 1130 -3
5855 4309 20
2242 5040 -1
7920 142 -6
1513 3212 -1
8701 1793 -7
1940 7470 1
5112 9994 -13
9716 8212 6
6013 5809 14
6188 9283 -5
5584 3851 -17
9220 3629 -3
4269 8934 9
5449 2579 0
4197 3094 -2
2964 585 20
6468 4030 12
3091 2750 -3
7890 2252 -9
2704 5888 19
7809 6504 -11
2521 6140 -5
3788 7569 -12
7259 7197 19
3660 3681 -17
6943 8052 -11
5472 3097 2
4030 4569 -5
1274 6763 9
634 5192 8
7685 6761 -18
8440 966 16
8990 6577 9
6950 4918 10
4737 5216 5
845 8365 -15
7673 5654 -15
5103 7265 3
3716 4403 10
4751 4815 17
6924 9690 -4
7969 3634 -19
4097 536 -6
6813 7761 -4
9776 813 -16
1560 2586 -6
3005 3518 -12
4297 2306 0
881 9882 -14
9232 3571 -17
4322 6996 -4
4231 4175 13
5716 4724 -3
1395 3645 0
5772 4382 0
578 5989 -19
7432 8599 -16
4972 8771 1
5365 1629 -15
6670 5544 20
1746 3376 -6
5703 6499 17
5496 6236 -9
8097 4853 -7
3715 1090 9
3307 1987 11
827 3403 19
2861 2412 11
8501 8728 -12
7727 6102 2
9620 3560 13
6910 8303 -17
7502 1999 -19
8951 3559 -18
6742 889 -14
7087 4638 7
8229 204 12
3708 542 19
6451 9836 -10
2414 8125 -17
2461 9375 14
902 6173 -11
7769 5854 -19
4406 1683 10
1066 6768 19
1735 2848 6
3034 9425 -14
3574 6664 -18
7709 5991 -8
2577 619 -12
6268 5477 11
6929 9652 -8
9429 9738 15
9280 3623 -17
7126 6266 -10
8084 5974 -8
9308 4220 4
2796 244 -16
4924 8734 20
2869 6933 6
2702 6566 7
6979 3469 20
7222 1283 -10
131 162 2
3296 5734 -14
9082 1468 17
5133 5879 14
3327 438 -11
5332 9039 13
187 1885 -15
7117 8389 -12
221 7147 4
2226 4638 -4
7101 4954 3
9643 7195 13
3680 7745 -4
9142 1925 10
5984 2335 -10
1056 898 -18
5733 1870 -7
4905 6461 15
3025 2227 6
980 4054 -13
7258 3993 20
3868 2885 8
8533 5958 -11
4296 719 4
81 9479 20
5605 4505 -13
6307 6864 18
6119 533 -15
5362 3433 8
5604 2558 -20
2157 4924 9
3677 8948 -9
4275 4730 -17
2618 2218 -18
2077 9773 6
1403 1753 6
8123 2895 -4
8791 7174 9
1995 6036 0
6931 4396 15
4525 1184 15
2703 1211 18
4199 6387 8
4182 2184 -4
8280 4672 9
3257 1296 -2
2523 7899 20
5763 941 9
5196 5840 14
5935 6208 13
275 6003 -17
372 232 -17
4143 2122 5
2414 3181 -9
941 4944 -2
3680 3025 -4
4823 3551 -1
8075 9631 17
4517 544 14
8787 6485 -8
940 8590 14
9086 2252 10
6882 9782 4
7767 8358 17
8091 1552 -7
5108 8587 -1
3661 486 -10
5392 8298 -19
4171 6845 15
9942 4618 19
5077 1050 -9
3707 2246 16
8089 3312 20
8650 437 7
8671 1962 -11
4875 2887 -9
8015 4327 7
9594 6073 -20
931 2832 16
8198 1874 18
7856 5415 -4
1809 8997 1
4438 2227 -16
4795 5862 7
7755 681 5
3820 9663 -16
8158 9186 20
3776 711 10
2436 7070 -19
7970 9357 -11
8158 7972 -16
6558 142 0
4115 6367 -3
3990 3375 14
8350 3441 -14
8927 9405 16
4964 8557 13
8290 6505 8
8165 8152 -3
8383 870 -1
6500 3182 2
9865 4634 -8
7049 6287 -4
2515 5877 -10
8289 2749 17
6847 9858 -6
1776 6284 13
8219 697 -16
6827 2350 -10
8310 4107 16
388 7136 -3
4522 6996 -15
6106 5182 0
2774 640 13
7240 7554 -20
6062 9594 0
6969 8392 7
3758 3603 -13
5374 3772 -8
2413 9666 -1
1061 6875 8
9507 5889 -5
8356 4198 -17
9108 8801 -17
7706 3170 -17
1508 9529 -1
1722 249 -12
4699 4858 -20
1936 706 20
737 7417 -13
732 2656 13
7969 3548 10
1681 4989 -19
789 492 -19
2302 5378 3
3403 9826 0
5268 4952 15
3817 2006 0
9024 2752 -13
7331 2490 3
1452 9413 -7
8627 7156 -12
2806 2343 -8
6519 528 -14
9784 8267 -10
1861 2078 19
3132 6042 15
3983 5416 -15
476 9789 -10
6537 680 -12
904 3576 -3
7947 3698 -14
3396 9446 -20
9550 8002 -13
2570 7488 -18
5712 3079 3
7121 5016 -14
1584 1556 -13
6945 7806 15
3768 3990 0
7296 1896 5
537 4100 -3
8797 361 -5
1606 4896 12
1141 5789 -12
4704 3163 3
7014 3618 20
3649 3178 -20
1988 2657 -19
3820 8626 -20
7258 4961 -14
9096 2422 -7
2198 5719 5
9186 9907 -4
4362 4766 -18
8452 7234 -1
3661 7574 2
8759 2208 -12
2408 2878 9
1929 4880 -17
8974 3256 2
1721 1293 9
3538 9963 9
6982 8762 -4
9870 4020 7
2577 8335 13
5779 4043 19
1841 5515 17
5872 1885 15
4587 7399 16
2248 7277 8
970 8303 -4
1551 2048 2
6732 6603 5
2011 1314 11
1951 6072 19
5340 7285 -2
1906 8817 -19
638 8855 4
3094 5846 18
350 8585 -15
9114 8834 -3
3745 2465 -19
8873 1930 12
3477 2576 -19
7571 6054 -8
7127 1052 -16
2391 774 2
4411 8144 1
9434 8756 3
7656 5293 -15
6248 353 18
7940 501 8
4187 5283 20
7665 4443 3
30 5568 -11
2695 5982 13
5749 2569 -1
297 9122 17
4417 5304 0
7050 4034 18
197 3556 7
6224 6170 -3
2493 2613 -2
5621 6284 17
4311 1157 -18
1556 428 4
5361 59 12
3228 214 -1
5883 5414 8
6844 1168 10
9100 9310 -5
6500 2024 17
1209 1476 11
721 1958 -12
1015 5949 -12
5743 4727 -15
8838 5587 7
8669 8724 -20
9420 3314 -3
175 5012 -16
7260 9161 -15
6453 3198 2
345 9133 -9
4289 7834 7
3264 7457 -10
8011 1344 16
7656 5270 -4
5979 3365 15
974 7949 6
8129 1334 8
1782 9907 -8
7668 2689 0
1710 1346 11
6271 7103 18
2570 5523 -20
7804 8776 -10
4608 1064 7
1653 836 -6
2899 9721 -10
4178 3616 19
6610 822 12
2897 3220 -19
3685 2166 7
9214 5201 -12
8913 9468 -15
5025 4421 -18
9573 5991 -2
9776 621 7
5373 4616 -19
2853 2876 -20
6529 6142 -6
1791 3750 11
9035 9812 -13
9784 2249 -8
4029 2134 14
5815 2737 -11
832 4377 17
7459 736 -5
809 8492 -1
3731 831 10
3286 1758 -17
9050 1288 -2
6233 4845 15
1526 4681 -20
3734 1352 17
5811 2582 12
2186 3281 12
2407 3553 11
4459 7922 7
6751 4597 7
4961 7428 -16
243 3443 -2
595 6810 17
376 567 7
7359 5174 1
2534 8222 2
9976 3163 -3
332 1372 -20
9636 134 -15
5450 3301 4
9210 5945 -8
8607 9770 16
4135 5872 -17
7515 740 -4
5331 1565 3
6535 5601 4
3873 8635 9
9708 8225 8
5785 9768 -17
7768 8445 11
563 7852 11
1200 4626 20
1197 7016 -17
4421 1838 -8
7598 251 5
5159 1860 1
1495 3424 18
2635 7442 12
4969 5876 14
4071 3338 17
8541 2468 7
2261 9886 -14
2126 5160 10
7924 4419 -18
7377 466 -3
1600 6791 15
1746 2480 -14
4637 2487 0
9772 8658 -20
6161 9942 9
7660 5259 9
6088 8846 -14
8577 6033 -2
3561 5851 -17
9654 2765 -10
7001 7681 13
2290 2770 -17
5428 4745 -12
9404 8609 19
5284 4373 16
4349 3224 19
6703 4892 -1
2417 1294 -10
4057 4477 -3
4649 220 12
8302 2095 12
4956 4401 9
867 9599 1
2764 6112 -18
1176 5442 -16
3656 2579 -6
5676 2469 -6
4115 8765 -7
4044 4894 -5
4549 9808 -11
832 8113 -2
7257 4842 -20
5689 4203 -4
4972 9344 -11
3717 3097 5
7880 6893 14
4897 9238 -11
3445 4695 15
8382 3830 -3
5619 8739 -6
5273 3939 0
3112 4233 5
6351 9262 -19
7404 9565 -10
1198 22 -5
865 8847 -20
7390 3573 10
3092 4333 -4
6230 7424 -10
3767 1777 -7
7390 3011 -16
4762 9429 7
6172 8461 0
5695 3691 5
6582 2066 6
2318 5471 17
6182 5648 1
5301 8230 3
8396 9374 -2
6829 4116 -18
8201 6987 7
3866 1917 -3
3103 9425 10
675 9159 -4
1123 6220 7
3254 6436 20
8381 9426 -9
801 5552 -7
9632 4091 11
1964 246 12
9647 2221 0
7416 4492 9
9679 6202 -12
3704 6548 -12
1715 1476 -10
6869 9961 -2
2849 5613 17
6249 4596 -2
4654 1183 -9
5369 930 -12
8497 4890 -13
4644 9716 9
993 5134 18
2954 922 -17
7151 9783 3
101 7278 9
1371 1040 -9
6961 3237 -6
3224 820 20
7867 6580 -4
8810 2568 -20
7432 8901 -5
2639 8370 -5
6826 8949 -6
6586 3552 6
92 3900 -20
3066 9150 -15
5723 5775 9
172 3048 13
5638 7435 -3
7054 8224 11
4312 5364 -6
773 1744 -16
786 6693 -16
6178 9892 -2
1982 8461 -9
197 9508 14
4980 2140 11
4141 2864 18
3882 7057 -6
3156 8083 -3
5387 3345 15
6949 9526 7
4557 5927 -14
1237 4765 7
4733 1015 17
109 4869 -15
3411 4667 -6
1498 4886 -10
1742 623 1
2236 5490 20
9451 7907 -2
9661 8572 7
1666 9445 9
7002 1250 -1
7359 8672 -19
1734 6236 9
4713 7805 -10
9223 4632 8
6684 5519 -13
6835 507 15
687 900 18
2524 4256 -9
1617 3839 14
8649 9961 14
2886 585 14
9443 5188 14
1699 1932 -4
5984 9409 -1
5653 9302 -14
7459 6656 -20
2594 2887 -15
1197 6143 5
3071 2776 -16
702 6350 -15
818 2839 -2
3813 7509 -5
8226 7136 -16
5465 944 11
3681 9286 7
8544 7866 -11
5915 3267 -9
9926 8567 4
9244 2312 -20
9162 2836 4
1140 2897 19
375 4832 0
1825 5428 -1
1673 8813 -1
4041 897 18
6312 4825 12
7738 4173 15
631 2377 19
5963 7105 2
7098 4769 10
8380 8282 12
9068 9027 8
1948 6340 -9
7012 1758 17
9009 2592 -13
9763 5566 7
5557 4637 -15
4986 1373 1
9894 3097 17
7568 9353 -19
2536 7465 -19
6234 6161 12
9508 9798 14
5738 3238 4
9965 7308 -9
4669 6546 13
868 7171 -7
4179 8504 -3
5449 395 -13
2813 6187 -17
5768 8701 12
1822 5043 -8
4301 1099 -11
2838 8771 -20
1170 3362 8
6982 1619 -16
9633 468 -4
9835 4387 14
6671 4756 20
1897 8412 -20
3156 4739 -3
2449 5918 15
227 8139 11
632 8932 12
3604 9108 1
3693 7014 13
8549 8114 4
8694 3371 17
8652 8229 -17
4527 841 14
8336 7012 3
7273 3002 17
2745 7032 12
4178 7518 -19
7533 2784 17
5825 1963 -19
5307 4440 12
7938 5889 9
7930 7927 17
7347 4141 -12
2186 4151 -19
8514 609 7
8306 9189 0
5409 2896 3
89 3580 20
7623 4120 -19
1161 3835 -7
4584 3789 -11
7976 6057 -15
8697 2717 -10
3956 7391 -15
9489 4040 -13
4847 5022 17
817 4568 12
2108 4949 -8
6317 5945 10
2843 2182 -5
6140 7435 -12
5066 4800 -3
1344 5718 3
5849 4995 19
7922 7430 8
7953 5821 -5
5199 9037 -19
6046 5045 10
4523 8578 -20
8951 9760 17
2082 2017 8
660 7369 12
3201 3769 18
7045 3062 -10
8292 5959 11
188 3927 8
8317 3557 -12
8880 5547 -20
3071 4594 -16
6367 6229 9
3115 1295 -20
300 9469 -3
7549 6397 16
9655 125 -5
6564 6632 -10
1109 1987 15
7430 623 19
2217 1838 -7
4645 6534 -13
3459 8230 -19
3979 3645 -11
6430 8139 -12
1749 7017 -17
2643 3294 -7
5816 2604 15
7356 8342 -10
9982 5719 6
38 3286 -10
7905 5442 1
295 1321 16
6669 9346 20
7271 7816 -2
586 4768 19
8417 3766 -20
4200 5087 6
5122 9431 10
6561 8185 6
2715 7383 0
6712 5306 -4
9371 6707 15
5233 3942 -17
3568 8938 -7
1090 5228 17
9280 2831 13
5805 1229 -5
3553 9083 -12
8756 8621 -19
3902 7127 10
5245 4815 -11
6180 4964 8
1531 7692 18
9404 6800 2
1498 7446 6
120 4397 3
3320 948 -11
4710 6936 -14
353 352 2
9887 5089 -19
1297 5187 16
8154 6411 17
1974 1586 -6
1469 344 -20
1657 6359 18
6041 7250 -8
6804 4086 12
4659 586 -1
3585 6585 16
308 974 -14
1986 1245 -10
9019 471 -20
1044 9627 -16
433 2884 4
4336 7207 12
2905 4337 -16
2430 459 5
2298 59 10
1024 345 -3
5561 656 -16
2739 6886 -14
9877 5908 -13
5018 9289 -18
3881 6708 5
5221 3694 11
8801 4853 20
6057 2220 13
286 5047 -8
2180 7385 -3
6310 624 -4
6941 2652 -10
8705 4869 -13
6054 8450 5
5333 2410 -10
8343 2223 -16
9352 6705 -1
3525 1398 -17
4512 8795 16
5210 9737 -20
4078 3251 9
7458 1225 -6
5413 8423 18
1070 3107 19
1996 9585 2
222 1650 -20
4147 1466 -8
9140 3834 4
5264 8684 -1
8718 5040 7
9093 9769 -6
965 9193 11
3586 6896 19
5811 5390 -19
3137 9897 19
9103 5285 11
4107 8197 5
1768 2631 -18
9261 6266 16
5705 1338 -2
3549 2488 -17
9660 8975 -14
8604 1920 10
3648 4976 9
4158 4634 -12
2829 4177 15
8992 8722 -2
6667 918 -13
5819 2981 18
800 1817 -12
8756 526 3
9257 371 9
9229 1106 -18
9091 1923 4
1126 5717 9
9728 2519 -2
3665 168 -2
116 4764 0
5702 8302 -11
242 3649 -11
4953 7240 -19
2344 7499 -2
9740 4513 -17
7472 2438 8
744 6896 4
31 925 -16
7509 7840 3
1896 1632 16
1689 6624 10
7349 6720 13
8100 7848 -4
7053 999 17
7489 8724 -12
6269 4293 17
1395 605 -19
1420 2689 17
553 9014 17
4786 1404 9
5878 5867 -3
5994 7647 1
6652 2801 -18
7339 2740 -18
7070 5350 -13
5504 8688 3
1575 7854 16
1901 7745 7
2724 5123 6
7937 6733 14
4251 2310 12
1132 9664 -20
789 2898 14
2321 1062 -5
7623 7941 6
2811 2922 0
6344 268 -7
8570 6912 2
1878 5838 12
4401 2699 3
7624 4869 11
7515 430 -12
132 1718 5
1939 7634 -12
8546 7863 10
8165 3580 0
7939 7385 -3
1392 5724 -4
7396 1488 -19
6283 1488 14
8383 1692 9
6100 5335 18
4605 5917 -5
7416 9726 -15
9953 5942 9
7752 9011 -13
5491 3515 -17
8104 7302 11
8753 9381 -1
652 1791 2
2947 8455 -8
7840 8903 6
4610 3065 -4
2344 9760 0
951 8401 -9
1272 1943 -19
6063 258 -8
4648 4153 20
9006 7026 19
8278 5666 -3
8816 196 -19
9960 3753 -16
4358 3672 -14
1516 7018 18
2997 2407 -19
1050 5658 14
3654 6160 -4
9712 5640 8
9513 3233 7
2375 1440 -18
5372 9150 3
9169 9189 -4
8677 4463 7
965 4217 4
6283 2568 19
4863 1845 13
5188 609 17
533 9458 12
7041 2361 2
8839 6525 -4
1634 1509 -1
5358 897 1
3725 6445 2
4654 8264 8
520 1046 -3
7111 7195 8
7419 6138 2
1559 9925 2
8208 1302 17
5695 7048 -16
3194 4677 17
2032 5964 -13
8000 6061 0
4012 7934 4
92 8988 17
79 2316 19
6292 6639 8
862 5110 13
2160 6126 -4
5974 3372 -19
6855 9579 -8
8976 9969 -9
2191 444 10
2416 7746 18
2131 5960 8
2407 5005 7
8717 5212 -7
5546 9074 0
5526 7338 4
820 7760 2
5613 328 14
3180 326 -8
9219 5558 16
9659 430 -12
6950 231 5
6361 8120 -6
1727 3718 -10
6288 9301 5
4997 5356 20
6411 1121 -8
119 2650 -20
1234 9909 19
2257 93 15
6301 1402 11
4105 2840 14
5887 5787 -3
9595 2441 8
6069 2578 3
9871 9199 -13
8391 4523 -1
1757 1726 3
6175 6806 -17
1800 3972 20
3508 8101 -2
5928 4817 16
4879 6300 17
7100 6144 10
6832 3167 -2
7522 6141 5
7965 7609 -10
8689 4557 -6
9400 710 17
1401 9020 -19
1184 8279 9
4444 7894 18
1352 8028 18
4067 82 -9
4945 5532 19
4733 5306 18
1390 4868 8
5492 667 -4
6526 822 3
7431 1492 2
2904 3908 -13
3792 7521 -1
64 193 -7
7170 9262 -13
5974 5075 6
4911 6076 -15
9269 475 -15
2291 1414 20
7333 1844 15
7923 6970 2
8076 5986 0
9048 8831 4
4180 351 -13
9909 395 6
4289 8580 -2
7491 6442 20
4555 6192 6
7408 894 16
1762 3574 11
9895 4606 -16
4822 9228 -4
8388 2051 18
9312 9642 13
6352 688 3
3073 2653 16
4717 8549 13
9669 393 -18
483 8186 10
5192 2350 -16
7741 5929 6
2131 4342 -19
3851 3039 -2
1874 9909 15
3223 7944 16
3869 270 -1
6473 8184 -18
6744 7060 7
4567 603 -14
4076 5510 -11
8760 1861 -13
5556 6364 6
3003 6604 -8
5075 1014 -1
5060 482 -2
2727 7715 -18
9406 2689 11
8918 7192 -12
1760 2478 -9
3407 2226 17
586 97 -11
4534 4965 14
2417 7625 -1
4612 5957 12
4357 6777 10
2228 4669 -16
4417 512 -18
3783 553 -9
3309 2309 -3
8819 2582 -6
8977 7282 10
1081 4437 -12
3171 132 5
8749 1476 6
8361 6518 -19
3925 816 -5
9612 2066 -9
7796 3445 -7
5574 5403 18
6637 3107 -5
1445 160 17
6761 2280 -15
6414 1409 9
5597 3952 6
7126 7952 -11
2201 8317 -20
4007 2232 6
5595 1227 -4
2269 7092 -12
1308 5420 -19
4078 7318 4
6344 8514 7
2102 9083 15
2062 7241 17
283 537 10
2135 5211 -7
451 3730 -9
2383 7412 11
3171 9589 0
3391 769 16
9006 1569 -14
978 7508 11
5915 1632 6
89 9061 -11
8149 8952 -14
5503 7342 -1
8050 3302 -17
2627 6209 1
8515 5775 19
3291 7691 -6
7971 653 -4
5807 1138 -12
523 5908 -17
3853 456 -18
7328 7582 16
3298 9511 -14
1712 6472 -20
5606 8593 -8
568 1357 10
8831 6483 -14
8064 191 -2
3970 288 -1
7915 5476 -15
2759 8315 1
5511 3121 7
6362 3000 -5
4208 4879 6
6278 6684 18
662 7712 -16
2734 7721 2
1819 3477 -2
8789 3985 -4
6963 1522 13
4430 369 0
4219 3053 -5
803 5642 -4
8045 7002 -18
6056 5238 6
6637 5089 16
8433 5115 -5
3173 5941 11
5970 4670 20
2235 5824 15
634 3861 -5
5777 8219 13
6269 5332 17
9988 5022 7
4218 8210 -17
3731 3825 -1
5148 4935 17
5283 565 6
4342 3905 -13
6716 1118 -6
462 789 19
4193 724 9
2552 562 -10
9195 7457 7
2401 2709 15
7174 9775 -3
2598 5438 -13
1219 7317 20
8987 5051 6
1946 6694 20
7420 1945 -2
1820 7332 7
23 3100 -15
968 4568 -3
9964 4095 2
9984 9363 -16
7033 941 11
5046 2162 5
1871 8756 10
8157 3383 -4
7291 3051 -12
9998 5691 -9
2875 8616 5
3314 5564 2
7813 3535 -2
3233 2470 18
7680 7941 0
7854 4580 5
4049 9052 11
2766 3255 -3
5969 5046 -14
8879 3005 4
4757 8771 -9
1255 1414 -18
4430 9752 13
3714 8418 -19
8931 7202 -13
2383 5873 -15
6678 9228 3
1103 9508 -16
5251 748 20
9986 2648 15
4588 5954 -19
6655 6385 7
3481 7529 -12
5028 3403 7
6279 1790 -18
9274 7556 -11
2083 6549 -5
9306 8624 -13
7311 7046 -14
1065 8250 15
1268 4529 -9
6791 5026 -16
380 3422 16
1256 1726 -7
5755 4753 17
6430 6209 -2
1385 4964 15
3324 6763 -12
2424 6230 18
861 4945 -13
1079 8074 14
1659 4055 4
9642 3933 -4
8884 4488 -11
3482 5347 16
6147 5011 13
8081 6364 -18
4391 3014 0
4052 2973 -15
4870 9384 16
7774 2200 11
6673 5929 19
7605 6064 -3
2282 6853 7
8575 1779 -17
6320 797 17
9691 6477 -7
4362 3250 19
9368 4433 15
546 8939 -12
8970 2952 -2
4599 9139 -10
4252 1513 -8
9313 9499 -2
4124 7466 -8
3337 294 -5
6847 2891 11
7017 1432 -9
2686 8946 15
4902 4650 5
8116 8908 1
6545 7656 2
8939 171 13
4372 9303 16
2634 3010 1
7909 1860 4
4410 3308 18
3696 2298 19
2288 1690 -7
9685 6052 13
4341 9604 5
2183 3028 -5
146 3666 5
2180 5125 -20
7958 7774 9
2174 3734 3
2920 9919 8
3946 5428 -4
5882 3447 -14
3634 3814 -5
546 6364 6
147 3207 10
8756 4982 -9
6371 3176 -15
8930 7221 -5
4805 2359 -13
1251 4223 2
9162 9178 0
3557 3865 17
8317 531 -5
7428 6700 -18
5715 6930 -16
9954 6405 -6
3989 2443 -11
6529 7764 1
6252 9294 15
6328 7233 18
4998 7918 -9
3947 5454 -6
4459 8334 7
9857 8072 0
9873 3819 0
3805 7881 -5
5362 9387 -14
5439 6504 -12
8233 3564 -17
6185 7915 -19
8907 3472 5
3530 6062 -14
6245 1465 12
2824 9800 8
9390 3826 -2
5505 717 16
520 4159 10
4515 2544 14
5377 1170 -11
5441 2834 -14
428 4896 20
5843 3918 19
8082 4072 12
5157 2344 1
9136 2777 -19
3991 8698 -4
8529 5403 -2
6099 8443 -11
1446 699 7
1024 2240 20
2748 6354 11
9438 6098 -13
1397 3332 -17
5643 4661 20
8554 2917 7
1042 3476 2
8717 2894 7
4614 5746 -16
4222 5707 9
3956 4645 -18
7542 5488 -8
3506 5936 -14
8484 2843 7
9636 1136 16
2641 622 16
9243 902 -3
5938 4808 -7
5921 1798 0
9633 8880 7
7999 6351 -11
2332 6700 15
8890 2397 12
3800 5757 11
9137 2320 7
7576 8592 -20
1383 2794 -4
6302 749 -6
202 9804 -3
9761 6463 8
5499 495 7
1632 6327 18
1062 4006 -13
1163 9777 -16
9450 8910 -20
5743 8156 20
7694 7783 -16
8696 5667 20
6767 2395 19
9474 9366 19
4091 7105 1
1863 5672 6
6972 4365 -13
4169 2095 -3
5797 9975 20
4180 5850 -13
4224 6749 13
3213 961 4
7139 6991 -15
1090 8835 20
6339 8750 5
3704 7330 -1
9018 1400 16
3922 5151 -19
5320 6294 -13
8664 823 -14
3946 895 -4
4350 5424 9
4110 8608 17
7897 5715 0
9064 2531 13
8707 2101 13
122 2889 6
2289 62 12
2595 4401 -5
289 5651 13
7157 3773 -7
3429 7574 11
2089 6797 -7
4756 8162 20
352 4836 2
2872 268 1
102 8369 -1
6560 8899 -3
1891 1039 20
2868 8395 12
6471 5712 -19
6089 2588 2
6245 3980 -12
6294 7452 13
9753 8450 -11
98 4191 -8
7567 2627 8
7788 7172 -16
6593 1242 17
4221 7483 2
2922 8401 -15
4382 2454 -8
5525 6073 -8
5208 8290 12
7291 4610 -16
8646 181 19
608 5727 -3
859 9076 -13
4084 3895 9
54 128 -6
7636 6210 -5
5260 1380 17
3148 7838 -8
9941 9784 7
6561 6013 18
3539 9365 0
8748 3516 -16
8538 3913 20
7377 6114 19
6232 3420 -5
6991 179 -2
9435 5090 12
5002 4228 -3
9508 2828 -7
5176 6809 -13
5576 979 2
1332 4196 10
1234 2397 -2
2585 411 20
4958 9933 0
385 3915 4
1951 6429 -19
7939 250 18
8492 8074 -13
3729 2884 12
3332 583 14
2673 335 3
6344 3413 11
7480 6817 -1
4537 4624 2
4107 6293 -4
8951 8044 -20
954 9947 9
2582 4233 6
8365 6042 11
2706 3351 -20
6009 1929 7
7217 5497 -1
625 2991 16
1479 1928 -8
3701 2434 3
1686 1601 5
4126 95 -3
9335 8556 -13
8186 1425 4
6619 9105 12
2069 9013 -9
1005 4431 0
8516 6924 0
1919 9757 -12
8662 6572 19
7776 3221 17
1046 4042 6
5397 7307 -9
9784 6688 10
3661 7217 -4
1257 4204 -4
7250 8271 -18
4473 1307 -9
2079 4843 11
837 7202 -17
9083 6065 -6
8479 165 7
5904 9125 -4
8168 9190 20
2706 4186 20
8001 7518 -4
2978 521 -6
3442 5619 19
3609 6969 0
5238 9284 -15
4313 7026 14
1603 9542 -7
6856 1760 19
5713 3836 7
3563 1938 5
5973 2662 18
4042 4720 -6
6721 3224 20
4021 324 -14
6156 588 -13
6338 6563 -9
1438 6386 -6
2365 3098 -1
5812 7680 7
3247 1147 10
6902 7042 4
9200 9117 19
3783 7652 -12
5640 5264 -2
59 2796 20
7577 6296 -13
4459 7310 -10
404 6259 6
2703 9468 -20
5182 9441 5
692 7533 6
7577 3332 11
6073 4183 1
4569 2559 -12
4463 1985 -20
3093 1429 3
352 8408 -14
8514 1809 11
127 1936 2
3799 7773 -4
5479 1535 -6
5883 8290 20
1882 6438 0
1630 8861 -13
5435 2436 5
4798 2586 6
7483 3967 -5
9213 8497 -4
2599 267 -10
4214 227 10
9824 4498 -9
4611 9240 8
5692 4917 -5
9028 534 6
1489 4314 -14
7399 9122 14
1383 8487 7
5116 4999 -6
4033 149 -5
20 2380 -9
3840 8838 3
1883 6435 6
7323 5034 10
1045 4889 -17
9454 1009 -14
5128 5694 -2
187 8990 19
4316 9496 13
1429 90 2
9797 1017 8
7321 5952 -6
1764 9823 5
9755 359 15
2683 5317 -1
2443 2874 -6
644 9490 16
6679 4861 -5
1001 5309 -16
8558 3151 -15
9860 1446 19
6578 2422 9
3745 5973 -15
6184 3449 11
9842 5718 14
1405 5939 -7
2564 9578 -6
1565 2442 -16
7634 7827 11
6002 6948 3
3549 9830 11
6798 3319 8
6415 4005 17
2218 2254 -5
1899 5001 5
5495 9724 -10
3639 7484 -9
568 9922 11
8094 570 -10
1595 8784 -17
205 7762 -7
6790 1885 -10
2432 742 8
8737 622 -18
2255 7541 -16
1362 3810 20
5111 7726 -8
7269 4317 4
5244 8935 -15
1176 5313 -4
5448 2794 -16
1545 990 0
9477 8544 1
8148 4739 -3
1245 4359 -9
9085 8322 -7
2418 467 12
3696 6897 -8
2421 660 18
486 1637 8
4317 3011 1
6349 7735 5
7228 837 0
6884 4891 7
920 3684 5
1364 774 10
8295 8177 -4
1902 1758 -15
1807 2445 -2
4821 3374 -14
1779 279 -17
6645 4025 -9
7810 3363 -9
5237 4243 -8
1141 196 -14
2159 1487 -19
1021 8558 17
181 6484 3
2875 7173 11
1834 7406 -19
2510 1749 1
2285 3185 6
8569 194 12
8799 8422 0
3311 9519 9
7856 3900 14
859 3562 -4
7963 3714 -9
4535 6716 -14
5150 8799 16
5449 2091 -8
592 6220 -20
3727 5541 0
9687 3153 -13
4339 4188 16
3528 8891 -5
4382 7675 -4
3881 860 -2
5351 4280 -16
544 2763 -19
4650 8756 3
9206 6834 12
3506 5672 19
3468 3411 8
1881 6821 -19
8049 6759 0
8252 177 7
6098 4229 7
9756 8378 1
7993 8723 -3
835 1228 16
484 1359 12
3626 4582 12
4645 9907 -19
2033 5367 -7
5252 7018 -7
2081 7087 8
6981 6625 -6
7116 2 -3
2175 8767 -7
5860 7285 -3
1537 5005 -4
2792 1769 8
644 3113 15
6852 6054 9
8751 5258 -4
9867 6415 -17
9593 1243 -5
3339 7393 -5
2092 7414 -9
8207 1106 -16
5406 6119 -3
8509 4015 -10
6047 698 -11
7720 4189 10
9681 2746 -13
4074 5174 -1
9994 3086 16
2787 9779 18
1238 3510 5
9923 3632 -5
5635 655 -6
2273 4280 11
4836 5413 -5
9426 6437 20
3789 543 -6
6669 7161 10
1217 5677 -20
1490 9604 19
2996 269 19
7377 3878 4
1428 9822 12
8837 2138 20
4812 7759 -5
9454 3348 18
5362 2224 -6
1716 6312 -5
5880 7659 2
9470 651 11
5392 9394 -12
8137 1207 18
776 9517 11
2719 7565 1
1628 7184 0
3204 5340 -10
2715 4705 7
3999 7753 20
4267 6684 14
7892 2938 19
319 7226 -3
5863 6716 -3
1155 7229 7
1231 3260 2
4474 9302 -3
2230 4825 -11
2107 226 18
470 5309 -6
7349 1863 -12
3383 3802 -3
1227 6028 -18
5626 1099 16
2007 6521 -9
7509 6365 -10
8371 7342 -7
2758 3279 -1
8199 3220 4
2916 94 -13
5300 3908 -1
357 2600 -8
7676 4277 0
5001 6963 -1
3723 3338 19
7344 4213 -2
4616 5529 19
7661 2145 13
9933 2864 -20
4183 5195 11
1418 7189 2
5974 8421 -12
9667 5253 15
247 3075 -9
6449 2427 -5
6509 5076 5
8897 8029 -1
9299 3592 -13
5834 4945 4
1361 9512 20
8691 8487 -11
6172 7208 17
2487 8079 -17
6651 9483 -5
2373 9063 1
5239 8433 -12
5971 8813 -3
7422 2951 0
6096 20 -14
5059 6346 3
1625 7209 -18
7645 1461 11
4879 9917 9
3016 50 -14
4693 1366 -19
3618 4742 -8
4664 6727 -2
3000 5598 1
391 3888 -18
889 2903 -18
5537 2797 10
1401 835 17
7554 9406 11
3215 3423 14
3677 567 -7
5105 9689 -19
9547 3000 7
3057 6005 10
9369 1018 -13
5053 4577 -7
8754 7521 16
6560 6273 -17
3905 3493 -6
985 1871 0
2662 9667 10
1192 6850 -3
7033 5305 1
2027 5188 17
609 6429 -14
4818 6121 -1
1365 8490 -16
2331 9600 7
6445 6060 -17
1735 2977 -13
358 9234 5
7817 9122 8
3150 9514 -2
6333 9199 -13
7502 4307 -15
2652 631 -6
227 6412 7
8999 7227 -20
9455 5245 -17
3100 4068 4
7691 2903 0
3090 2462 16
7109 7688 17
2802 9012 -10
8502 1125 -20
2748 5463 -12
8558 7145 3
1065 4929 18
6685 4542 -3
5634 6193 0
3627 6214 -11
6380 5484 -6
3505 4898 0
6411 166 -19
4463 1239 -10
2894 1080 19
7351 413 -20
1906 7804 -10
4201 3197 -19
4861 3219 8
5920 5263 -6
6326 9306 6
904 2 1
7306 1136 20
6140 8130 -9
1215 6533 -6
8056 1897 -8
3938 7740 20
6855 6863 15
2663 7644 7
4141 2964 7
1282 7541 -8
5286 7499 9
4834 8809 3
3584 5368 10
8585 8916 -6
5456 1106 1
2370 2309 18
5558 5877 9
6295 9340 -2
6323 6054 -11
3534 1502 -8
3616 1532 -15
9900 2848 8
2282 4285 17
7506 3751 -11
9575 5381 16
2903 8158 18
651 612 15
324 1622 15
8581 7804 13
2430 7438 -16
9382 6854 1
8514 5720 -16
7994 321 20
5344 6861 7
7375 5405 -10
7214 431 8
1527 4026 -8
9441 7546 -8
462 6275 -7
6365 2377 -10
1450 3510 11
7801 8626 19
4778 8010 1
7242 4985 -11
9456 8063 -13
7994 8774 -13
8863 740 19
4048 3936 8
8879 8517 -2
595 7340 -1
1524 1997 4
4033 7109 -19
9355 8596 2
6892 6354 -4
6330 7524 -6
3232 123 -20
9202 1648 -4
42 8841 -8
6625 4600 -17
3126 7446 20
4921 6153 -17
891 5035 -7
5109 5843 4
5832 8887 -11
7616 6698 9
8240 4959 13
4614 5671 -20
1071 1513 -3
8586 8222 -15
5637 9759 -5
7435 9816 -14
8021 3812 -18
5196 8072 15
1313 2218 -7
3269 1796 11
4834 29 -10
7346 3720 -17
9858 9456 -13
9019 3581 -5
2548 859 -14
5965 6547 7
562 3251 20
6478 1161 2
4247 7397 3
4365 2212 -1
2180 973 -15
9574 6522 1
4953 4523 17
1279 638 15
1768 5385 -1
5490 1599 7
1324 5647 18
6403 1797 -11
1174 4752 17
9301 3896 -10
277 2441 8
6699 2850 -10
2327 7494 4
7936 7501 -7
4937 6608 -11
4239 6353 -8
2360 5398 14
5200 4020 19
9740 5938 1
2176 1658 -9
8269 2764 3
6165 5487 -9
1823 3698 -20
9734 8545 -9
2363 4917 -16
8039 68 20
9996 8195 -10
3765 1949 1
6494 106 13
7412 5563 4
919 6049 17
6787 9993 16
6722 7800 -14
7615 2186 19
294 2375 14
5685 5921 13
9152 1141 12
6405 5416 1
3391 2633 20
1602 2066 20
535 4337 10
7655 4880 3
5000 5952 3
7592 8062 15
7846 3176 -19
5034 3198 -14
8824 8553 1
7194 5205 -16
8757 368 9
8789 3938 -11
801 5819 -18
2562 4048 10
4251 238 15
8528 7875 20
1855 2379 -9
3090 551 10
9122 3813 16
6701 169 -7
8882 5675 11
6378 7917 13
5721 4830 -16
6138 1486 5
4237 447 -6
1179 9684 -10
2663 635 5
8183 8822 14
8917 212 -4
9699 5420 1
6828 9052 -5
3080 6723 -9
6166 5171 -9
7357 5073 1
5307 8861 20
8589 3315 -8
391 5563 -15
4459 226 -16
1579 6185 -8
5764 9844 -6
3028 2857 -19
4750 4793 11
3016 976 -4
7560 3800 -10
2525 5808 19
9993 1338 -19
6668 7318 1
5289 2253 -3
974 3112 -17
1423 5223 -10
906 415 -20
8740 1811 13
8963 2726 8
686 9707 -7
21 5288 17
5395 8017 9
1177 9209 -2
8554 1861 -20
3788 8322 -6
4547 9772 7
5174 3202 2
746 3950 16
3598 1424 18
3564 3 4
3469 9605 6
5529 741 17
2924 180 14
8583 4365 20
7777 1867 13
8020 7284 7
4736 2753 11
760 3290 -3
4813 2658 14
778 1755 -8
8086 2267 11
7117 9647 -1
6062 3620 6
1446 3595 11
9335 7965 -16
2856 6001 -15
2484 2004 14
1139 4570 1
3240 7505 -20
9418 5586 -15
3691 5313 -17
4023 7378 17
7520 3306 10
5910 9554 -11
3140 154 13
7145 8932 8
5795 9677 10
1318 6197 -7
3972 9281 2
2961 8842 -1
4208 893 1
6175 2556 8
7182 4780 -18
6837 42 3
870 2886 1
1325 2273 0
6333 5371 -12
6822 9605 -10
4449 1773 -19
2218 3100 14
4004 495 4
4474 8283 -6
5600 1673 3
887 8281 -13
1031 4399 -19
2035 5613 2
9286 1439 13
224 2097 12
8016 3717 13
3367 569 -3
7486 3332 -13
162 1074 1
8834 2601 -19
5650 4087 -17
1004 9506 -20
9296 5631 -20
2059 2676 -11
4988 2764 -7
9636 62 -20
6282 9841 18
6648 7881 17
5465 9215 0
6550 9906 10
7569 5357 -16
2830 9589 -20
1055 7410 -13
6045 9123 -17
56 7451 3
7712 3870 -16
4539 5667 5
395 1773 8
1527 6242 19
6428 1844 -19
6619 8650 2
9442 8052 4
7203 8529 7
4148 3204 8
8433 9193 0
3898 6872 -13
967 9166 -4
1293 1816 -8
9196 9878 -2
8177 799 2
2598 3899 14
7951 552 20
6923 7568 -4
7432 547 -9
9396 8636 14
9214 7330 7
1271 2390 11
5835 2434 -2
6519 1690 7
2629 7271 -15
6060 9303 10
6888 6995 7
5074 5222 -16
9970 2237 -2
6591 313 -1
7748 9100 2
8670 2839 -14
5656 7721 4
1978 3757 17
6484 8955 -19
2912 5206 2
8990 4291 5
6112 244 13
7619 918 8
5196 4912 -1
2063 6606 10
589 1656 -2
8789 7193 -9
1966 369 16
5842 7819 9
8300 4720 -12
2830 7439 -7
1381 6955 -4
1359 8809 14
4942 6469 7
2562 8640 -5
7717 882 10
4097 774 8
5776 4838 9
9223 834 -10
8793 4871 14
5587 767 0
3778 7824 17
6426 4291 -10
8899 5245 -9
7940 8164 15
8895 9730 -3
9500 2833 18
9275 2053 -10
2184 7480 -11
5483 1604 -17
6076 9788 12
7259 2088 7
5689 110 6
9608 6603 17
1944 9716 18
2305 1219 18
6378 5048 -13
1916 4689 4
9793 4917 -19
8519 6783 -16
8688 4804 9
6526 8429 1
3897 7812 -1
2922 8655 13
8088 9355 19
3882 6808 0
6062 4006 -8
1354 7899 -9
2690 9052 14
7549 5543 -4
2765 435 0
8248 4268 4
7710 4792 3
8174 5137 -7
9592 7137 14
9707 9307 14
668 757 17
6831 735 -14
563 4843 -14
4287 5591 -7
4555 539 7
6507 6992 20
142 3092 8
8855 7930 -7
13 5237 10
8874 8388 -19
7293 1643 -10
2663 494 19
8274 9843 -16
5837 4831 -17
3662 7656 9
4784 1002 5
1881 7219 -15
5229 8108 18
678 243 -4
7617 3694 16
2628 3460 -11
4014 5981 10
297 9518 -5
6609 643 -5
4530 4576 19
6398 8930 15
7604 8421 -2
2766 8444 3
3230 3365 -10
9866 9290 -10
8939 7222 -20
3962 8026 -18
9712 105 -20
6629 8189 -14
7282 3413 19
9943 2220 10
9375 9839 7
1603 4589 -12
2550 134 -3
5269 9025 9
7277 8427 -3
3004 6589 12
1666 5293 8
3496 4355 -13
8954 7208 0
7215 5985 -7
3698 5887 18
5373 8070 4
5283 9717 -6
4447 7324 14
4307 4863 5
2666 8513 0
8687 7015 8
1850 5519 -16
2740 2483 7
5700 435 11
8322 3701 -13
3253 7171 -11
1160 322 1
9684 6542 -13
8067 4643 16
1477 7393 14
2402 162 13
7212 6767 11
4222 1462 12
50 8396 15
3569 8499 -19
4710 9192 3
2526 9581 19
7366 7190 2
9119 1117 -1
1901 1667 -16
1504 3576 14
6226 3726 12
6050 3682 -2
1823 1365 18
860 3126 11
131 5840 4
7986 9183 -16
1163 6488 9
4058 5551 -15
1521 3214 10
618 6632 1
649 2592 6
7273 7070 -5
9244 2107 18
3394 1224 3
3759 4344 -5
5766 5532 18
4666 2176 -1
3387 3345 15
4226 2948 -11
1536 514 18
4116 6886 11
3964 6196 -18
3912 2863 16
7314 1106 15
7695 4845 10
5771 7032 12
3524 4968 9
4452 6998 3
3593 2071 9
9367 2167 16
4565 6534 14
3774 4079 -18
3686 8226 15
75 4478 -4
5338 9151 17
6905 1793 -5
5926 2912 8
352 806 7
8547 8768 11
298 7721 -6
1959 1225 13
5921 8588 -7
2635 8057 -12
6679 3992 1
5688 7595 -18
7347 9195 -16
6589 7691 -16
4157 4718 -3
1032 7678 -9
4051 636 14
1055 8590 -2
333 474 16
9446 1002 -16
7195 391 0
2098 7487 13
4929 2920 -1
7305 3857 4
2662 9152 -6
4468 1436 -19
9555 5521 4
1507 23 19
6215 7321 -20
779 9315 -17
653 3417 -8
824 8179 8
879 2549 8
6092 239 -13
5429 1778 -9
4721 1040 -3
4208 7404 16
3796 5753 1
6261 4320 3
5714 1892 -10
880 7184 20
8401 8521 12
1879 6767 0
2891 699 13
79 5118 -11
1650 9115 -11
7698 2766 15
8329 9398 20
9945 88 14
6875 3479 15
3532 7386 13
620 4297 8
6498 9639 15
6208 2955 -18
8211 2060 -1
9612 5129 12
4067 7755 13
9294 2804 12
9444 5031 -19
5726 3393 -9
837 4507 2
8691 9697 19
8314 4759 -5
1657 2061 19
6847 3368 20
8554 1980 7
5819 2933 0
9489 3589 6
4301 8361 -17
6289 2928 7
7001 9908 7
2921 7793 13
8748 5599 8
1992 803 8
2081 383 -10
8874 8982 12
2701 8654 -13
3502 4273 -1
3136 7400 6
1508 8236 -18
5576 97 13
7175 510 11
4969 5493 19
5211 3249 17
2342 5551 -12
1456 5108 -16
2153 8850 6
3678 1312 1
3794 2368 -15
8396 4656 6
3952 4476 -5
6073 3205 6
6244 480 -10
2360 141 16
7284 7948 9
1164 400 11
1632 6678 6
3161 7938 -19
5434 8425 -18
16 8639 11
9048 2942 12
3158 1682 -11
1803 1514 13
7373 514 4
8837 557 -6
5806 5308 19
7390 384 -13
2846 6941 -19
3773 7374 1
4092 7202 16
9976 3245 4
3935 8836 6
5706 3507 20
5387 9695 19
3221 7057 1
8226 2725 -10
7871 7250 19
2926 5839 -6
3100 6099 -7
431 6533 20
3050 437 12
3750 4476 14
9891 7645 5
4361 4930 -16
2939 6437 -6
9067 5940 -19
3590 5174 15
5740 2723 -13
6585 7438 -5
7560 8630 -14
4330 3765 3
1145 8884 -1
2081 1658 -15
1437 7869 8
5246 5816 1
7597 2044 20
3406 5448 -3
3579 9230 -8
5128 5473 5
8647 4 -17
3025 9813 -8
9726 3650 17
6389 1631 -9
209 6010 -19
841 8672 -8
3447 2557 -12
4934 6726 -3
5104 9076 6
6896 3585 2
5706 8153 3
3920 7708 -3
7758 5905 6
5372 531 11
9960 5800 -2
7781 3814 17
4937 1540 20
8032 5424 2
1059 1762 0
8337 7325 -18
7308 8755 -14
7757 9713 -20
6245 1978 1
3692 3059 -3
8579 4988 -1
5334 7429 20
6889 3270 19
6238 3663 1
8997 4049 17
4450 3533 -11
2862 6135 1
6266 461 -12
8078 7167 -13
9374 2571 -18
2673 2654 -9
2252 6708 15
3334 7612 7
2446 214 -11
4498 6015 10
6617 6818 12
7942 8273 9
3626 6763 -6
9804 9691 -11
2874 4529 -11
3425 5672 15
8131 6128 13
4530 1489 12
3748 7841 -4
5916 7050 14
776 7881 -13
6863 2864 7
4294 8988 -10
1471 255 14
1611 288 -15
6835 6641 -1
3064 6128 -3
1236 131 2
7190 1047 -18
1472 5436 17
1369 87 -10
6870 9810 11
9127 4788 8
5062 2287 -6
4049 4716 -5
5923 4910 -13
404 5853 13
9215 2624 -18
4884 376 -20
1001 8380 14
9495 7787 14
6422 6725 11
935 4035 16
7855 6028 -20
3413 2106 -20
2524 4055 -10
6061 8430 -19
5474 4209 -9
5289 5823 2
6586 2574 -11
2519 9557 14
5295 4496 -2
2201 3441 4
5053 328 4
1548 4463 8
7015 6787 16
7543 5418 -1
7669 7468 6
492 853 -5
8999 4586 17
4737 4252 -10
1717 5596 6
2608 7883 -1
3268 7630 15
9927 6910 5
7164 3958 7
524 5618 -4
5548 606 -16
3914 790 12
3281 674 6
4435 1837 17
6954 7367 19
8300 2911 0
6103 7267 3
4294 3895 -2
8057 9497 -11
8063 4997 -15
2717 944 -18
4901 5129 -12
9838 9891 20
8570 1523 1
8557 89 19
510 4714 13
9824 3026 18
7918 5861 4
5384 220 13
5192 3853 18
7586 3886 10
8236 6446 12
8408 1299 2
3299 8753 -1
1518 1907 -11
6324 7028 -3
316 3574 16
3901 4187 18
9031 9958 3
8435 9208 -7
1515 683 19
4892 8120 15
8743 960 7
8353 4111 16
7850 7808 -3
5805 416 18
559 6974 8
376 1806 8
9694 4483 -3
1771 8256 1
5918 1478 7
5928 1591 -16
644 3542 9
3143 4714 -6
8195 9610 -13
9962 1762 -9
4350 2054 13
3140 70 -6
3453 3272 -20
1519 4323 9
395 3087 -17
2581 5585 3
7916 3730 20
3362 5006 -11
936 6658 11
9350 1418 16
7027 3880 -14
7217 1619 17
9724 7428 6
1016 9509 -7
5785 1840 -15
5494 5449 -14
2382 3061 -10
4238 9065 1
7647 9044 -8
9852 7148 0
3351 1718 -14
2802 992 -12
2677 6615 -1
5817 3487 4
9165 6198 5
4410 5313 -2
3395 3025 5
7956 8607 8
3651 6464 10
9178 4322 12
6377 1957 10
6008 3570 -14
1502 8890 -15
5194 9034 -12
1668 5159 -10
2843 1133 6
4484 865 -19
9780 1292 -10
9346 7766 -2
9244 5473 3
7623 9207 -16
6918 1607 16
7090 182 15
3722 8766 11
2697 798 10
2481 92 5
3725 1802 18
8599 8619 1
4327 3191 -18
5669 8174 -14
5493 5049 -3
8684 576 2
8178 234 3
382 6792 0
6366 3745 8
3937 8487 4
2489 9655 -6
2280 3294 -2
3278 5579 18
2842 5776 7
8210 3359 -13
5400 2043 -15
8616 9442 -3
5932 9603 0
666 2048 13
5028 8426 7
4081 8143 12
5555 251 -7
7231 1215 8
7360 4066 10
2804 9631 -10
7371 3224 -2
8000 2876 -3
9489 9633 -10
432 2127 -6
1795 6568 -20
1251 7692 -6
6330 8582 -20
4228 6892 -18
7347 6698 -16
6076 2250 11
4279 3510 -16
8072 433 19
8252 261 -19
4391 704 -16
7382 2857 -18
4528 393 9
1505 2351 14
3244 7050 2
5889 6471 5
4314 3003 -18
3355 6695 -12
5324 5961 -18
2202 2203 -15
1693 2148 7
5405 9680 18
5368 1229 -3
9499 8941 -4
1110 6579 -16
8621 2788 7
4628 2667 10
8397 3348 16
2300 2874 -11
3996 843 5
7413 4072 0
6948 7208 3
8277 8209 -6
152 8902 -12
4401 3693 -13
4446 6755 -4
3743 5057 -9
5111 6914 -12
6564 2169 -15
7822 1096 -1
1106 431 9
8300 7569 -9
6036 853 -7
2313 5848 7
1748 4848 -7
1571 2415 2
9919 2530 -8
4512 7123 5
4960 4275 6
535 4598 -9
4205 4935 7
9654 7658 15
6981 6804 -4
447 5508 -7
1421 5949 17
6041 2014 2
3617 9343 3
2508 8022 14
6763 8157 10
9949 4756 20
6501 2589 -6
4578 6215 -8
706 2475 17
4859 9538 10
424 441 -1
3268 6440 -11
5149 6801 11
3938 4624 10
6860 8126 -9
8128 468 -6
7168 8835 -15
2263 7721 -8
3488 7723 20
7133 7664 17
657 9438 12
3487 6407 0
1082 5016 10
8911 7850 -12
1075 7891 8
7081 6448 -10
3354 5151 -4
1148 6417 -20
2693 1013 7
6850 4496 19
1068 2104 4
6593 1795 10
5148 1521 -14
3895 1532 -5
9813 3461 -20
224 2295 -13
237 9545 -17
5064 8433 17
9555 5717 -4
7883 614 8
7304 8287 1
8664 4914 3
6943 1685 -18
2017 2142 -20
1226 3039 -15
1688 6803 -10
7287 4178 5
5790 3790 -13
9547 1424 -4
9512 8839 9
8745 1475 0
2021 9746 -7
6556 3864 10
7309 5518 -17
4991 6504 2
3065 5136 3
2304 4403 2
5119 7585 -3
7048 1654 1
3147 1895 -13
1015 282 17
2825 9924 -5
8898 1828 16
3499 7133 -6
3129 8369 -1
7286 8939 7
7149 8827 7
9268 4541 -9
1629 3825 17
4983 876 -20
2514 1891 5
3985 5265 16
3385 8619 -5
9168 625 -2
5989 8244 17
2588 1775 -17
9475 3220 8
9814 2510 -7
4171 7524 -15
3535 774 2
334 1320 7
3613 9804 1
7526 527 -7
2818 37 -6
4383 1904 -8
5817 8996 6
7138 5814 -13
8359 8341 -7
3169 6620 -18
4945 2267 13
3753 7820 -7
4662 5024 -1
4905 8139 20
1103 4167 -10
2618 3947 11
2212 1652 -18
4468 3601 -8
6416 3720 0
3287 532 20
9432 6743 20
4434 5000 -7
554 4631 -1
9719 9380 -13
1325 9555 3
1779 808 -16
9890 1086 -16
708 9734 -15
9332 9477 -17
2530 8115 -16
1065 3705 -1
9818 8051 20
4917 9087 17
9155 5761 -9
6670 7906 -6
5743 2014 12
6393 4613 -18
2195 8467 -13
5999 9503 -3
6170 7850 -20
2869 958 2
5533 3657 20
8054 7530 19
3076 8756 -15
8004 8185 -3
431 5905 -11
1223 5937 -7
3962 7033 -8
1133 9554 14
2696 5755 -6
9545 3444 10
73 785 -3
2092 7847 -15
9918 4926 17
3049 9573 -19
8407 8956 -10
9164 2749 16
4820 283 13
9477 8234 -6
8729 8356 1
3873 5843 -14
2539 5494 17
8224 9878 -1
4492 5076 -19
7578 6232 -5
9447 768 -5
6396 7090 -19
5575 4249 -18
5538 2125 -9
2690 819 -19
4138 6435 9
9289 5975 -7
5459 5587 -15
3174 2369 1
6886 3024 -15
3713 1482 0
8347 5364 -6
6956 3853 -11
6202 9075 -9
7652 2798 -14
8756 6218 -10
7223 4969 -20
7998 2295 -4
7693 3977 -17
9959 3769 -13
8239 4731 8
6155 4283 8
6846 6032 13
1305 2559 16
4658 8515 -14
592 7996 -10
1828 7005 5
6559 3355 8
6547 4738 -18
1052 6016 -6
4413 5315 18
4096 4609 4
8395 3154 -6
170 3431 15
2794 8752 19
8431 8841 8
105 6262 -17
3167 7629 -16
664 9214 1
1516 7111 19
5532 3659 -17
6178 9280 10
5047 5715 8
3295 1452 -18
6195 8236 8
3925 8829 8
3951 6888 -8
3100 4440 -14
6636 3635 -12
9548 7381 9
4014 2753 9
8370 9033 -8
3612 8923 9
179 7688 11
873 2532 8
952 5401 -10
8346 2259 -1
2291 4609 -8
5305 9829 2
8956 7522 -15
6760 7753 -12
5902 4950 17
6880 4368 -17
3943 4124 9
4873 2581 0
9294 8357 -20
2428 2848 -13
59 9072 11
1601 5590 20
5365 9557 10
6507 1094 -1
4511 4928 -13
9671 2083 14
2679 8800 -18
1212 40 14
615 7144 -18
5068 2692 14
2621 7972 14
5186 6450 20
7136 7524 -14
2733 9376 -17
3536 6937 -4
1955 2829 -15
9845 3506 5
3873 4290 -6
3608 3537 3
2604 5982 11
9562 6814 14
779 5031 -7
9439 8597 5
3975 1164 -10
1067 5566 16
3670 8720 15
5659 8889 16
9384 4696 -20
6358 5088 20
4027 1794 -14
2035 4943 12
9262 451 14
3278 8794 -19
9794 6337 17
5775 3874 19
6477 8454 -20
4831 4864 -5
7267 6633 17
2716 7977 18
5420 265 15
7748 2896 11
4273 6378 4
6641 3745 18
8940 6535 1
4216 5178 -2
7517 8349 6
400 8388 -19
8802 839 -19
8327 8777 -9
1207 1573 19
2563 4261 -8
8506 5444 15
1820 6633 1
1580 1338 -3
8220 9220 -20
3080 1632 5
880 7667 19
6502 6685 -18
5901 2202 -7
3706 8364 4
9828 2439 -13
7742 3118 -12
8174 6277 -12
26 8941 -15
4358 6841 15
3908 2035 -3
402 2909 -17
5667 1401 8
1570 2569 19
4387 4315 16
3342 5426 6
6716 5653 -17
9639 309 -9
1179 4274 -4
9476 187 11
8013 3189 9
7521 391 4
9221 6149 -1
9040 960 8
2777 639 -20
3669 3382 -4
5255 1160 20
6040 6653 10
3388 7781 -11
7408 5729 10
7195 1887 10
4923 9338 11
2015 330 11
259 6953 -10
7665 5690 -17
3620 5872 9
7108 8458 19
1032 5329 -3
21 7229 19
4047 7732 18
3231 3615 -13
5651 8782 0
9374 2393 -17
99 7796 18
9288 2156 3
4128 845 -5
3409 5739 7
3554 9390 16
9156 1982 -20
4327 9340 8
4884 9630 19
2344 9991 -7
2103 9510 14
6287 6952 -16
4226 9142 12
2390 4297 1
6380 8787 19
3236 9579 0
6829 337 -10
3417 5059 12
2088 9245 4
7829 2479 -19
4683 958 14
4866 8310 -15
181 6760 6
2987 474 -12
6312 7513 -3
5671 329 5
5124 3256 1
1045 6468 19
428 2693 -3
2541 1694 11
1766 9032 4
2515 3678 6
4346 1133 -7
8172 1476 -17
1841 705 -12
3803 1724 -9
2702 9364 -5
1792 5881 -8
3081 2794 10
17 8019 -19
2643 152 5
2919 3512 6
8788 9042 -19
8139 3454 -17
1573 3434 13
8555 6422 -17
8617 4554 2
5607 8938 13
5660 9527 4
1603 9251 -3
9139 7802 -3
5721 9033 14
3431 4770 -18
8242 6147 -8
6621 5163 16
6803 321 16
9323 1839 -6
1514 8691 -17
6869 200 -6
9216 5399 2
4594 9965 16
1539 2443 -15
763 3876 -16
5880 1887 -17
7211 9864 15
3750 4459 17
2322 7063 -5
4670 9942 -9
409 9152 -15
2874 8210 -2
3012 2050 -6
7640 5342 7
2786 7707 -14
1314 9441 -18
7535 6931 0
1178 7387 -19
2565 8377 0
3791 6927 -6
2237 6733 -6
4441 9595 -8
9659 762 -16
658 8841 -7
8350 1543 -11
4345 9552 7
4691 5547 10
2372 5823 5
8276 5022 -12
1432 7201 -16
1561 4781 -10
6102 6523 1
453 1828 -6
7370 5966 -13
3353 1963 -16
4173 1744 16
9848 243 -14
8369 3472 -12
3808 456 1
6874 2536 -17
7600 1237 -19
9335 1515 20
9188 9545 -15
1329 6097 -4
402 8688 17
896 1089 -8
7709 1904 9
5151 4202 19
828 9493 19
2481 8075 10
1656 2503 -14
2268 9324 0
3109 5770 12
7788 8157 18
2994 1501 12
1547 2809 10
7741 378 -2
8260 796 8
7588 7979 -2
973 4569 15
8609 460 1
7411 4384 -16
1938 4097 -7
3905 7053 17
8489 1118 -13
9723 8096 -2
4506 4269 -15
967 969 2
6026 3331 3
1926 7243 8
5356 5124 15
699 307 -4
6134 97 -17
5262 6269 -19
1909 1193 -16
7645 460 -18
409 7481 -16
4407 480 -11
1670 9537 1
6204 3738 9
7319 8777 -1
544 6930 -11
2627 4996 -18
698 5120 3
1895 2611 1
9055 3989 8
3899 266 4
2820 3207 -17
1207 4888 -1
6810 6270 -9
500 3069 15
4578 1841 14
8985 4583 9
5209 1489 5
943 8413 16
9418 4452 19
9925 7310 10
1333 4097 -6
1523 6373 -5
1846 7314 17
5058 1019 15
6326 5473 -9
8716 3842 7
3590 3520 -7
3220 6201 -18
7390 5661 -3
7951 5072 14
6263 9157 4
5315 4628 -2
6162 4866 15
5482 568 -13
640 4193 14
9417 826 10
880 9121 14
6436 499 -13
8982 5004 -8
9459 5825 8
6063 5795 3
6485 7032 11
8457 8761 -15
3949 8542 -8
4686 7714 -16
881 2270 3
9217 8722 -2
9333 3887 10
9277 9133 -4
908 7873 13
4967 9442 -10
3529 145 -10
2447 5843 -18
7156 8911 10
9100 6273 3
1408 5971 -16
1121 1845 11
8949 57 13
887 7704 -13
8197 7480 5
8289 5660 -8
1338 5945 -16
1989 1128 -7
7449 7522 -20
1452 1160 8
5150 1874 6
146 8914 13
8420 9256 17
3601 1363 15
5004 7756 13
7777 1480 -12
7736 5268 13
4188 9884 -7
416 9370 8
7711 7110 -1
1094 1767 -6
7136 2173 19
5238 971 2
7640 9441 9
6528 7165 15
8914 4030 18
4751 970 0
9011 1078 -19
544 1784 -1
1947 4307 4
2824 1259 -16
6637 5541 10
8725 7253 -13
229 2937 -5
3522 5286 -4
4129 735 11
4487 5074 20
9501 6299 1
7478 4235 5
2932 7271 -7
8940 6186 8
3046 9372 15
4505 9514 -17
3684 5437 -4
5241 8864 -10
882 4031 0
1853 304 6
6584 3859 -10
4467 3495 14
8926 6398 19
6820 9819 -11
9057 3941 18
769 1607 -18
2370 607 12
4479 2246 -9
5627 6709 2
6933 1109 0
7464 3346 0
7714 4208 -4
9433 6844 1
4796 5331 16
8781 8971 -5
4002 872 19
9142 5183 13
6113 9744 -11
3600 3937 8
6894 7010 18
3935 937 18
8015 5324 -5
6979 6705 14
8831 936 16
3103 6017 -18
7695 5071 -2
3451 6930 15
8649 7085 18
1081 140 -5
7746 1278 1
4848 4692 9
9948 8519 10
5083 4196 10
119 4927 -2
9950 8588 3
9034 8255 17
9475 4686 14
4333 2711 18
4499 6216 17
4790 2349 -17
6286 4474 -13
140 303 -17
6777 3027 11
614 4813 -18
6179 9241 -7
4701 3307 -2
8092 1770 9
9910 2017 -2
5835 3562 6
7566 3999 -15
1149 7970 11
7475 530 20
9655 6016 3
9789 4600 -4
4039 5244 0
212 729 -19
5719 7031 -1
2506 9950 -2
1142 536 -1
3503 6500 -6
2119 1268 -15
7311 1548 2
7637 791 3
1827 9712 -16
2392 5784 20
2823 1165 -2
7308 5893 -18
9053 4472 -8
2200 2477 -13
3279 542 -20
3464 6351 9
442 4404 -7
1284 4831 -17
9625 884 5
2923 4144 -10
2758 8063 15
4456 113 5
9657 2952 8
343 5145 12
2445 1043 -16
9609 6368 11
1684 4669 7
8546 9257 3
8965 6832 19
377 3713 -14
2629 1918 -14
2643 6369 20
3191 1283 5
8120 9395 16
6027 9123 13
3627 2716 -5
7988 7581 -3
611 5193 7
9001 8824 5
6093 5022 9
4313 917 -6
5754 5256 -9
109 4829 -5
5156 7340 5
3778 7417 -13
7529 7045 8
4895 1199 -16
1197 2839 -11
6295 4129 -11
4374 476 12
5429 4774 12
1628 7260 -17
2959 551 7
5705 8666 13
270 1521 -15
6222 9661 -12
9794 1437 4
5494 4604 12
5691 1747 14
8364 4749 -7
4839 5260 11
8504 8809 9
2465 6799 -10
6216 7770 20
9145 566 13
4139 1793 13
1920 1246 17
2877 4588 1
2823 4840 16
9642 521 11
2038 883 -19
5213 9932 -10
4324 2867 17
1365 7326 18
6127 8810 -8
7999 7263 13
1831 6837 -12
4575 5752 -6
6334 5650 6
970 3414 19
6898 7773 3
6243 9035 18
1453 641 10
5311 9678 -19
4176 5902 1
1562 5758 20
8122 5881 11
6264 1698 -9
9380 8896 0
3477 32 -3
7915 4347 18
1851 7951 0
6898 1043 -12
232 9176 -8
6966 5148 13
2250 417 -13
9697 5055 1
3789 4236 -12
858 7535 -1
5368 1128 11
823 4841 9
1213 2697 -20
8062 5521 15
6046 6029 10
6267 114 19
7237 5326 8
6318 7728 17
6339 2404 -5
2865 1959 6
6463 8477 4
300 5400 15
8356 5680 -6
2057 9820 8
74 1801 14
6341 8180 -6
2754 1107 18
1210 6106 12
9187 9235 16
9281 2549 8
8377 9300 19
1071 1267 -15
329 7082 6
5464 1462 1
2623 7346 19
843 6310 -16
7944 9014 8
1031 3503 -8
4072 9913 0
4305 795 15
4147 3753 18
4115 2354 15
8982 4953 18
1681 7005 19
7952 6729 13
3828 3689 4
8521 6249 9
7760 1136 -4
6485 9894 -11
841 8621 -6
750 9613 -18
2228 2964 0
1428 5150 -14
9975 3361 -10
2688 9185 13
1921 7496 -12
6307 4753 10
3473 8211 17
448 4351 3
5266 572 -4
3106 2288 -7
9038 6874 15
4046 2756 20
4755 7097 -17
6783 4081 4
2450 3162 -4
4164 2175 -14
4675 1333 18
1953 2385 3
885 2725 4
6014 2631 -13
970 7020 -13
3015 1499 -7
6163 1885 -5
5462 8365 13
2593 7013 -6
3567 1477 -17
4716 7440 9
703 9944 14
5629 8686 20
8681 3649 15
1313 8475 19
2453 2159 2
5498 3490 -17
19 9324 12
9391 4011 -12
7358 1558 14
5661 2506 1
1076 8948 -14
8505 7152 19
2636 6185 13
1023 2082 19
3297 2894 -13
4350 9892 -19
5192 7331 -13
8279 665 -12
3602 6123 -8
6545 1439 17
9488 1954 14
7652 7478 2
9974 4011 -7
2433 1728 3
6115 8199 -16
4126 5369 -12
7020 7743 6
7867 2093 -1
6671 753 15
8671 229 8
1807 2352 9
5230 6244 12
5573 6760 5
409 6963 -13
8857 7884 -19
5422 6876 -17
7849 2012 -4
9831 7775 -1
1935 5283 -15
9030 5931 -12
9054 1128 7
6367 9026 8
1878 3609 -11
512 1137 -16
7441 4015 -12
554 2549 -6
2374 7289 2
1602 5765 7
8682 333 1
8101 5810 -7
6353 8831 12
3215 9655 0
5637 3018 0
3274 7503 14
380 1063 -6
1514 955 -1
9993 2429 2
6553 2149 5
3253 943 -6
4308 3468 5
4238 1545 16
7167 4140 -13
687 5819 4
7906 8318 -16
203 8055 20
3398 3957 20
6114 8409 -2
2128 6456 -16
7588 9474 -9
9583 5423 -16
9814 4481 5
7758 2477 -7
6514 2021 17
3891 8583 -19
8466 1478 -17
3528 3972 -5
9122 101 19
6284 5060 -11
1454 5723 10
3608 8294 6
3103 469 -16
3937 5924 20
9740 2492 -17
6530 838 5
1223 306 -13
8 2481 -5
8569 7555 18
9930 8606 -5
9761 4180 8
3864 9465 -3
1290 8863 12
6422 7024 3
5715 462 -10
8657 8691 -3
5638 620 0
5228 2792 8
9465 7749 7
4377 7557 -6
4080 1624 6
1615 6626 -15
7020 3617 20
6529 844 -15
1115 7056 -8
1089 3191 -3
2852 1750 15
920 2449 16
4383 972 10
3717 6228 2
1370 688 8
9010 4506 -2
6628 9643 17
7637 2394 10
6719 5559 5
1724 9293 -7
4269 50 4
9887 4830 19
7463 5299 11
9804 1208 -20
6291 804 -6
1316 7231 3
1059 9414 -16
3260 2519 14
5890 2505 -11
8053 3827 -2
536 3955 17
9495 5453 13
2901 3447 -6
9429 8761 -8
5182 8588 4
6651 3937 -1
4245 9033 11
8718 2905 -20
1721 5166 0
3974 4944 16
224 6053 -14
3172 1126 5
3679 7591 1
5339 3535 -12
158 8364 15
1956 7020 -4
7366 514 10
7141 8630 10
7600 6913 -18
242 1026 -5
6894 3450 2
2719 2919 18
9335 1153 4
1589 741 3
9079 4971 19
8426 5911 -11
4552 1361 8
7261 4324 -16
1281 9934 -10
2486 180 13
3085 4114 -14
9051 5762 12
1176 3448 -17
5343 5899 3
2925 3442 6
482 3019 12
1167 3533 4
4141 5699 -5
9807 3394 18
7399 9241 15
4269 7632 -7
7598 4565 7
2852 8014 13
9561 962 18
583 7396 4
7639 7536 11
5104 4875 4
145 9550 -17
9044 5208 5
9108 8960 6
6210 3712 9
2092 1445 -18
7411 4548 -1
432 7544 -12
6071 7779 12
1646 6161 8
9635 5509 9
6040 4026 13
1068 2242 -5
6465 8826 -11
7464 3378 -11
3756 8785 -14
8576 3148 -17
9270 6975 4
7265 8292 7
3138 7113 -13
5383 1500 -5
488 6053 5
9719 8725 -4
2128 7741 0
1300 9416 19
8884 9178 -8
1377 8289 -10
7604 3008 -11
6345 9609 -6
4141 7472 -17
4434 7151 -15
1105 5982 8
2834 9785 -8
5521 1481 18
2643 1438 -1
5304 2288 15
6744 5166 2
8397 277 16
3412 7493 -16
5384 1467 -5
3262 9225 11
9151 8754 -8
6100 5504 6
7878 2565 -4
7446 2466 4
7364 1627 17
1283 9787 -13
9457 5557 7
7430 4426 -13
9804 4094 -20
3000 1115 -18
6640 5341 5
8865 4806 15
4702 4467 -7
6768 8329 14
9667 9918 -18
8876 1182 8
7113 5730 16
6027 6111 18
1019 4808 -20
3648 2261 17
8132 4996 -8
2852 3538 -2
4332 6670 2
2434 8065 -10
3099 7394 -15
6687 2635 16
5680 4125 20
9173 3870 -12
2117 4414 -15
1423 7982 18
1884 352 -19
1542 5067 -5
3464 4529 -6
2711 8262 6
4971 4701 -16
9665 7666 11
5825 4471 15
8243 8637 -7
8098 1365 12
3571 626 -17
3772 1448 9
5677 2695 -4
3384 276 20
4036 9782 13
6131 9025 5
7534 7267 3
7367 5121 -6
4608 2813 12
9669 2956 15
8579 5165 18
8233 1984 -19
1980 1194 -15
8590 5853 -8
1945 176 11
1607 3513 7
2753 7587 -17
3674 3882 19
4393 1499 -3
3435 2171 7
5617 7721 18
4706 763 12
2631 7307 -12
9246 9242 3
9232 4848 9
1497 8709 -13
5033 9073 -4
5413 1563 -18
3508 9748 5
4275 7363 18
4090 6136 14
6116 8938 0
2945 2385 14
2299 1365 15
7234 1895 -17
8386 2828 11
779 3573 14
9562 4912 -11
1781 7714 -19
8299 6802 12
7044 4788 9
2218 5225 -18
7605 6262 -9
4582 3178 -19
9572 5138 -7
6911 7856 -9
2629 3762 -7
2102 2880 12
1278 4812 -6
9358 5238 8
5807 2644 14
7015 7865 15
2531 3240 -14
1757 5455 -17
6459 143 12
9992 8857 -13
9480 6861 -20
3607 6507 -8
1500 3948 7
9837 6716 5
9174 3428 12
4378 4021 -10
6779 836 -4
550 2200 -6
1688 7237 4
2332 6649 5
125 5500 2
5519 4321 -16
4983 2050 -11
7375 8123 -10
3077 5308 -18
3752 9063 -4
98 8185 -4
6961 575 -7
2703 9023 12
8032 3661 16
1234 7698 -16
1162 6612 0
3026 7868 9
4961 4293 -14
8011 7586 -15
7733 3375 -10
2139 8664 -2
6083 662 -7
3345 1689 -9
5411 7098 10
2095 6083 -6
9998 1053 -2
4870 4776 -1
5741 4278 -14
598 4837 -16
3560 3731 9
1689 1046 14
5942 5147 3
3014 1907 17
8473 9709 -12
6674 700 6
8256 1165 7
636 4950 -5
5880 6049 -6
3556 4164 -15
3300 3288 -18
1308 635 -9
3884 9139 17
9940 7697 -3
518 5724 0
1743 7351 -7
2736 5265 20
9013 9344 5
2714 1482 -6
9749 417 20
3912 8911 16
686 1209 9
5996 3986 -2
7980 0 12
8587 276 12
7421 9029 18
2963 6190 -16
905 487 19
6083 1487 -7
6334 559 5
7443 6957 -7
8368 6803 10
7250 9222 12
502 5300 -12
5162 3136 16
7040 3982 19
4045 7751 3
2929 8388 15
3280 4083 -20
37 7694 -11
6757 7972 3
7952 8655 -19
2893 6418 -7
6449 7657 -7
6539 1786 -7
7279 6125 6
9544 3753 17
5020 2910 5
9288 9347 -3
9523 8912 -19
5678 9613 6
2422 2056 -13
397 3718 -15
4274 5880 -12
9800 9506 7
190 5204 -4
7323 4747 20
1488 8 20
9706 9896 3
9932 1942 9
991 1797 -6
5945 3820 6
9641 5317 15
790 3063 -16
7137 7706 15
9329 1748 -11
5695 6057 -4
5292 2066 15
6789 2395 1
3416 5055 -17
3528 1938 -11
6866 6417 1
2988 6383 -14
6467 1257 0
4434 4307 -4
554 4950 -18
323 6440 17
9624 6282 12
7936 7944 -14
8932 3590 6
5671 182 11
2347 4561 10
2327 7171 18
960 4614 16
3192 3919 -3
4009 7835 -20
3047 420 12
2035 2949 1
19 885 18
5819 160 7
6312 4044 -8
6508 7729 11
4441 2888 -18
7217 8047 -12
672 6213 1
2183 4606 -8
5307 6415 3
8883 3416 -20
8187 9261 -15
1655 7277 -20
6465 696 11
6947 2154 6
8243 1404 11
9697 748 10
1784 6844 -2
8135 2326 8
7197 4887 17
7563 9139 2
9641 8845 -2
5091 7546 1
121 521 -13
4984 5328 12
2453 3674 -4
8071 5981 -4
6744 1098 19
7486 4879 -17
749 2039 1
9059 7064 -14
9289 3449 5
8513 8481 -16
5199 2735 15
3189 8010 17
7293 8043 -3
2714 2329 16
5496 7499 -20
5062 3081 1
3472 4762 -18
4460 4082 4
5101 350 -1
8754 5321 2
213 5137 1
5429 9302 -9
5107 448 -19
3200 4700 18
9470 5171 -13
1184 4701 18
1310 1358 2
3773 1129 7
1121 3941 12
1303 2328 16
1500 318 17
8319 1454 -2
6711 5345 -16
8536 559 8
1729 1238 15
8774 4746 20
88 2136 -12
8587 4761 9
8590 7901 -4
9913 579 15
3686 628 10
4574 1383 3
5657 1752 -8
3459 4956 5
9120 3916 6
1932 2345 8
6186 7097 19
4482 4350 13
1580 5607 9
5645 4451 -10
8885 3442 8
9888 657 -20
3217 3713 4
6214 9025 -12
7461 8343 19
5353 9631 10
5042 791 7
4302 283 19
7064 2152 5
2425 202 4
8369 8207 -13
5889 8258 -4
304 5835 -6
3093 5884 14
7171 509 -20
1629 7546 2
9128 494 -17
854 3100 -4
8935 5957 -17
2672 8612 2
7852 9700 3
6109 8497 -16
6947 8726 5
1009 821 -3
3471 23 -13
3799 6052 19
663 4843 4
6475 268 7
2844 9136 -4
100 2109 2
8534 9329 -13
9050 9063 18
6421 666 -7
1413 3125 19
3100 9355 -9
5630 199 17
4067 2097 19
430 7738 -19
5836 1979 -17
9859 301 5
5956 9072 18
7700 8080 -7
9545 2682 15
1124 2298 -14
3017 3316 -1
952 7528 -6
8344 5865 -6
6186 9931 -8
9302 7519 16
339 8757 -1
2196 7061 4
5638 9862 -2
8146 5222 17
3699 5151 0
4909 5391 20
6056 5952 17
3635 3731 8
1858 3068 12
778 1807 14
1328 7476 -11
6768 515 17
8965 502 5
1486 5237 -1
9973 9771 -3
3198 2309 -9
6625 5164 -7
1412 8360 -12
6449 8860 14
228 5761 -10
8936 7668 2
6929 7785 2
5841 2308 -13
9076 6212 19
2070 1439 -20
674 2282 9
7583 9364 -6
4253 4628 9
7368 6054 12
8563 3177 16
2327 7144 -17
4802 3744 3
1211 805 -6
4266 3454 10
2338 2689 -9
5232 1468 5
1092 5601 9
7303 899 16
5111 1843 15
7877 1020 -16
1259 2026 15
6722 7900 14
4133 1536 -19
8769 67 -1
2812 4537 -20
8733 9660 20
2280 6470 7
1315 630 -14
294 7552 -9
1115 2977 -4
3572 8770 6
881 4636 -11
9091 621 -17
7698 8227 6
2959 802 -16
2486 1779 4
1747 5232 -3
4413 5967 -14
2279 6988 9
8891 4069 10
959 6719 11
7281 5456 -7
1584 60 2
9303 9878 2
4280 1434 -14
5283 5968 -6
3133 359 18
6694 1934 9
5805 874 -19
1213 7787 -15
7661 5969 10
5458 4186 -1
1970 9652 6
7246 3977 -6
313 7709 -10
9556 7035 -12
486 3025 -2
4529 5850 -19
6534 6549 -3
1282 5814 -12
5605 1649 -5
7387 1932 -16
1515 3522 3
5855 7112 0
3943 153 -4
4164 3975 -18
3558 464 -15
2318 3634 -14
8838 7178 -17
5368 514 1
2554 7672 -3
160 3003 -13
6759 8986 -11
7961 6610 -14
4734 6781 -16
9796 6525 11
5917 8287 -2
7542 9827 8
2601 8626 -3
3471 5624 -5
6644 9873 10
313 1834 -18
3760 8764 0
9361 5555 -5
1861 2536 20
2800 6327 7
9466 8665 -19
7442 6558 -1
5696 93 17
4513 8260 2
4974 3143 11
5991 3502 -1
2286 6099 14
8550 9842 -16
9465 8288 11
5431 1478 2
1568 7779 -13
6281 2901 1
708 4936 11
5821 7724 -17
524 5197 -20
92 7257 3
2691 6725 4
3452 9889 12
1572 8161 -10
9276 2677 -4
9087 1770 -11
8221 4319 3
6084 7475 -11
8476 6367 -17
6686 8482 20
7553 2799 6
4608 549 -10
352 2948 -14
1795 3963 9
6931 9505 -15
6312 5817 5
129 6534 13
1813 4074 19
4756 9840 13
9561 3160 11
1500 6814 12
3934 489 3
7188 504 11
2251 576 -2
6453 1515 20
9816 8671 1
3915 3504 -5
1371 5870 11
1142 8291 -2
7622 4908 6
588 1457 10
5083 8227 -1
4299 4591 17
1936 7137 -12
5103 844 -18
8115 1837 19
2683 3046 18
8965 7820 -16
1944 1373 -13
6878 2938 3
8765 9112 7
328 9684 -10
4783 2401 9
7598 740 10
369 2991 4
6438 4625 -14
3081 5483 7
9271 5436 11
4728 6328 9
8545 6843 16
5447 3242 5
1325 3861 -15
3475 8316 -4
9571 9499 7
2350 634 16
7647 5362 -9
5212 1082 10
3063 8859 -5
9807 7418 -3
9755 9847 11
7452 9480 5
2950 9775 1
4247 4322 -10
8882 8561 -16
8765 4521 7
184 231 -13
7439 4371 17
8125 5299 -16
7507 6688 0
5760 2884 -8
3142 5337 -20
5812 868 8
9451 5345 -18
4562 7060 -14
5145 596 -8
5265 6160 16
119 9098 17
9066 8003 -17
1330 3081 -18
3599 5298 12
9248 1870 -20
4217 1510 -14
4037 7421 6
4399 5986 -20
8433 4287 2
9300 2645 14
885 7794 -11
827 2612 20
834 2025 -1
336 9029 -4
1350 5421 6
543 7292 -3
3891 277 19
2110 6178 8
7144 9490 1
7524 170 18
6415 8287 3
1448 5129 15
9772 8541 -9
4955 285 -18
6409 5663 6
1788 9599 13
2417 7884 -3
6621 3779 18
588 7480 -4
4252 5150 -11
6039 3109 12
3896 6642 -12
4157 8860 -14
6683 7165 18
6146 10 -9
7588 2594 -18
1732 2060 -14
2851 3814 17
3367 6969 0
3277 3802 15
2260 8390 17
2152 585 -6
7202 4420 12
2745 7766 -9
6101 1675 -3
9765 7526 -3
2058 3375 8
7274 1767 3
4369 7428 4
6977 8127 15
8817 1953 5
144 5932 20
874 4565 -2
2792 6262 -13
2561 1287 -15
979 1732 -4
6694 8116 17
9826 5666 8
5351 448 -6
2120 6576 5
545 3115 4
1815 6217 7
1303 8955 15
3639 9079 -11
270 3416 -19
8226 9044 8
9786 7027 2
5412 2397 -3
9302 3307 17
5428 1544 -19
5249 3475 5
4109 2736 8
8599 4954 14
3705 6813 -9
2666 8013 5
6416 7664 -11
151 4732 -9
3131 5279 1
2178 4049 -3
8610 577 -4
2690 6589 -14
710 4585 -14
8611 4679 13
8982 3291 -9
5276 1310 10
5852 1619 -17
576 3723 3
8674 3487 -19
6445 9734 7
7123 2370 -17
6432 2345 -8
3077 7688 -14
3186 5994 -11
9426 837 -1
8222 2247 -12
9739 8748 -17
9044 6671 -17
3795 7679 -18
4840 3557 5
4532 7905 -18
6843 4446 9
1068 9907 -11
7086 9870 3
8453 5942 -13
9068 5449 8
44 5688 13
2299 2187 -5
913 7092 7
6966 8529 -14
7278 6424 -16
8127 4324 -17
4061 2367 16
1827 8334 -5
5562 9873 10
5788 3598 -3
668 1667 15
1544 7369 15
4562 3393 -18
5965 5205 9
2362 9269 -5
8609 5803 -10
7943 2155 -13
3589 412 0
8127 7142 -19
4008 696 -16
7662 7608 19
1815 9365 20
3750 6122 -4
5456 4850 1
5041 2744 6
8852 7394 19
1631 5197 15
4953 7337 -10
531 2056 -17
9574 5913 -4
1927 8509 -7
7032 3526 11
6264 6139 -10
2797 8429 5
973 4502 -20
2516 5722 3
9827 7766 18
9660 7559 -19
172 3358 6
7729 882 12
7788 7587 20
5234 9583 8
2625 878 15
3571 1321 -5
1021 4255 13
8834 7880 2
6162 4829 3
3798 6896 17
5831 3233 -18
3995 7467 -11
7111 8620 -10
995 7498 13
8075 1044 16
5832 3442 -9
8991 1480 13
2497 7316 6
4916 1252 0
3813 893 7
550 7329 -15
828 2742 2
4122 7631 -19
2169 7372 -11
628 73 17
8307 9659 -4
6256 7205 -12
5886 98 5
6495 4166 19
2523 7085 3
6826 9166 -12
3817 7054 19
2262 1202 8
201 9643 8
6173 1442 -13
4445 5105 20
517 9763 7
1701 5707 18
5641 598 -20
1433 9283 -20
1236 269 20
2990 5217 -9
626 2908 11
775 7811 -7
3031 3187 -3
2577 8143 8
9758 3179 10
8733 3102 -12
8767 3658 -3
5850 2970 6
3610 428 -10
3903 5007 16
4878 5584 -13
9017 8797 9
9309 9936 -8
5830 756 13
9813 7094 -15
2662 711 1
395 201 -2
7572 9264 10
3822 369 11
9235 6664 10
833 5771 4
1740 5604 -14
1996 8919 -16
4676 22 5
8093 691 -14
9807 5609 3
3467 1394 1
1160 4710 15
2898 5567 -11
6623 8542 5
1608 3489 5
9559 1936 -7
2190 9245 -17
3803 723 16
8921 1091 12
4524 2480 -14
1705 9517 19
3298 8091 2
2588 8923 4
767 5298 19
4493 3519 16
1001 4859 8
7952 1380 14
8108 4498 -4
4542 2346 17
9475 9106 11
5836 2120 -14
5069 6702 -20
6545 2647 -10
4512 9177 -1
1515 6126 10
7897 993 -3
5969 9843 -6
3083 3664 -8
5097 8326 15
1137 1995 -3
4427 2115 1
5642 7576 13
814 5400 -20
8582 768 -3
6919 2679 1
9958 5496 -14
8152 647 0
6948 8665 6
9362 4550 -15
6740 343 7
6853 4893 -15
2193 4946 -20
2919 6695 -11
1903 2316 18
1006 4638 -15
9719 4319 -7
5216 6339 -17
2993 8421 0
4900 2112 7
5596 6192 6
879 933 -13
1889 182 -4
5269 3595 -17
4612 44 17
5005 3206 16
255 8677 16
1072 566 -8
6999 2911 6
4206 8966 14
157 2731 -12
7723 2703 11
4955 210 -16
6510 8263 -20
4876 1067 -17
138 8982 -17
3521 7869 -19
6459 4041 -20
4008 5754 16
8726 203 2
6013 1918 7
9550 4974 -13
8762 4473 12
3106 6736 9
4851 5545 -20
8697 1495 13
7710 2623 -4
5963 4952 14
3954 1609 -9
1497 395 12
5706 7720 -1
4571 2539 -11
9678 6204 -12
7100 1576 13
7150 5070 4
399 6750 -2
1924 1407 20
8489 2959 -12
1057 3237 9
4448 7051 -12
9171 9542 -11
2280 4870 12
5215 3315 1
5554 8783 -11
7952 5967 5
5524 3123 7
2742 9874 5
8829 4105 -14
6416 5318 16
8895 9534 -5
7036 1568 20
9512 7584 -12
2766 5783 16
6311 6826 7
8531 8748 -9
277 9210 12
9548 4461 -14
7635 212 1
9664 8096 -9
850 8400 -14
2751 4792 5
8763 9268 -20
6863 2063 19
6885 9645 6
3071 7973 -4
1049 615 15
8481 4847 -18
8179 9611 -8
6287 4262 15
8321 795 5
2888 6265 -17
7950 5862 -14
1029 4736 -1
286 3284 -10
5659 8343 -19
5657 7659 4
9885 6429 20
7787 8616 5
9779 8222 -12
8913 5728 -15
197 9059 -10
9466 4572 9
7134 8521 10
5271 1529 -20
8038 9299 -8
4191 559 -1
3253 591 -18
4827 9754 18
3275 5792 -8
6619 8415 -5
1920 792 5
305 4231 2
4256 1919 -6
4809 7668 -7
7253 458 3
3638 671 18
3529 795 -1
9397 6348 17
4050 1211 -1
3858 9547 20
9957 665 -16
643 675 -13
1562 6141 15
1873 9594 11
5914 4140 -17
7042 7108 -13
9905 556 -12
5059 3169 -8
2057 8944 9
3969 5969 11
7025 5057 -13
8457 3107 13
3054 2221 13
2664 4159 -7
6035 564 5
9966 1683 13
1074 8713 -18
224 8370 13
1502 7246 6
4731 5101 -8
2131 6044 15
6796 7848 12
7776 7531 -2
6658 6899 6
8809 7422 20
5613 2701 -2
3975 5228 -7
5788 6915 -14
2731 7683 -8
4848 3238 -3
5253 920 14
3525 3408 4
6932 6590 10
6206 1424 17
4698 2081 -1
7062 5623 2
1837 2545 -17
9095 1390 8
901 8499 16
9424 6796 -13
7699 1973 5
5854 4285 -6
3782 8495 -11
4742 5359 -12
73 7636 -12
549 343 3
4583 1507 8
4543 8062 -7
1819 8306 -11
8597 5541 17
8698 5292 -8
1649 960 4
7776 5742 -12
112 7613 -20
9955 7050 1
2078 5568 -12
7530 8891 13
1930 6092 -17
5878 2541 9
1748 9944 -19
203 1375 9
7402 1874 -14
1923 3841 -11
5303 9698 15
6133 4819 11
2685 9134 19
130 1966 5
6154 6791 16
484 6758 7
7920 9718 20
74 6011 9
4861 6674 9
6850 355 12
5964 2436 4
90 3606 4
6507 1553 1
3097 4141 20
2837 556 0
5145 4275 9
5285 2986 -20
6790 7050 -10
8300 8075 -9
2707 7410 10
7072 2834 12
4450 1486 14
2086 916 -2
4355 3038 7
8497 8418 1
1123 7579 19
5884 9786 -19
9690 845 -11
3344 2037 -2
8467 6864 12
4084 8621 16
8483 8913 19
5880 7305 7
8305 1381 18
21 7961 20
7682 2444 -8
4423 3745 3
7842 5730 -7
735 8572 16
6517 3262 14
5299 3689 12
2289 9284 -6
7903 3957 13
5191 8663 -17
2799 500 -9
9205 3143 19
6812 5944 -2
5799 2081 12
1469 2677 6
8002 1748 -14
3114 3390 -15
6520 8005 4
4210 4792 19
3092 4759 7
6705 7064 -12
4762 8200 -16
2080 3613 3
9495 629 -3
7871 2897 7
7539 2473 0
4347 407 2
2657 8268 -3
976 5223 4
1649 5284 -9
1921 7921 5
6235 5996 20
4739 8204 6
4134 7953 11
9367 9648 10
5396 8330 -5
3052 6012 -5
4320 3426 -1
6961 9928 -15
995 1929 -8
720 2562 1
7710 7334 0
5886 3466 -14
7838 2940 -18
2354 6414 -19
3029 9727 3
9001 8338 19
7221 9597 -18
2260 149 -1
2858 2902 5
2071 1840 -2
2008 7505 14
2583 6965 -4
8195 7939 -1
1977 5981 -2
5055 1750 18
911 5879 13
3453 1052 -1
2121 2098 17
7842 7051 -10
9829 8756 11
3092 4586 -3
5967 641 19
3311 9294 18
1296 7622 -16
4656 7046 15
6419 1773 19
2225 8045 -5
5351 1797 6
9844 6330 8
8106 9649 4
2736 5154 -2
4292 23 4
6939 352 -5
781 3163 -16
3153 1965 6
2292 540 -8
7600 3316 9
4505 1743 16
3936 968 20
249 6532 -7
614 5439 -18
1816 7022 18
8296 5209 -5
5064 4992 3
8274 7227 -9
6296 8597 4
9952 5411 -5
2179 8759 11
4319 5235 -7
800 4340 -7
5621 1908 1
8281 261 -18
1657 6915 -11
2500 7517 3
8841 6595 17
6430 7336 -2
201 1467 5
8587 6916 17
4799 116 -5
6042 3372 -9
4407 2738 -16
7795 8439 2
7350 6548 12
2036 7917 -13
9896 4669 6
6487 2798 -17
3393 6113 6
3721 4388 -11
6276 4953 -8
1813 2940 -9
2921 6901 -18
8534 5213 -6
3700 1519 6
812 9874 9
6788 3395 -4
5062 1158 11
1887 556 0
3260 2343 14
2929 1767 -9
9316 3395 19
1124 2203 6
3433 6117 -3
28 6737 14
9647 6632 -10
3131 2375 -15
4661 1740 4
9956 9027 -3
8929 7465 9
3707 1905 -3
166 7076 -11
2030 878 -12
7625 5042 18
7763 6698 -12
2243 1585 6
8213 4655 -12
2610 8274 -10
2742 713 19
7778 2111 -13
6582 3267 -14
7693 4533 16
862 1656 -11
6357 6875 -15
4454 5367 6
9522 5882 14
7613 3810 -16
8131 1991 20
9941 4408 9
8630 6168 -3
867 9289 -7
8968 2699 6
9405 660 17
4245 6277 -20
2831 5861 -1
6728 3963 -13
8218 1023 -8
7483 9423 -7
5526 5798 -4
6964 8918 -10
1657 9691 0
4077 4742 5
6306 5634 -1
3477 3743 -7
7606 5113 -4
3502 4620 13
2396 6141 16
7152 406 1
6712 8687 4
1148 2069 -11
6897 2546 -9
9353 6724 -1
7541 1906 -8
2432 728 5
5660 325 19
1909 628 0
7101 912 7
6753 6061 -18
8768 2058 18
8181 5671 -5
6315 6953 -8
8231 4678 -11
7713 4791 14
9336 436 -15
5692 4849 0
4532 907 -11
6087 3004 11
3225 9452 -2
9907 1730 3
3060 8326 -13
5297 5966 -20
2811 7144 9
6098 87 2
946 5617 -5
6795 4301 8
1214 2904 0
3600 6684 -17
995 6367 7
1632 1171 -6
2304 7581 -3
8664 136 16
9023 4271 16
2632 3755 6
7637 1573 20
3635 7110 -17
5286 8915 2
2933 8995 20
5016 128 -15
1914 9837 -8
2729 1971 -1
6019 8242 -6
4009 7490 15
5167 3252 14
1948 2528 -1
6027 2177 -3
160 1257 9
7958 7471 -11
260 1077 -11
1861 2417 -6
9932 1203 -6
5744 3362 17
496 4694 5
8259 9016 -11
2023 3011 2
4514 4984 -2
583 3553 10
4037 3189 15
1082 3695 -14
3619 4386 4
6341 5876 9
9669 8007 8
2261 2808 9
2405 7116 -14
4288 8632 0
5445 5965 0
7996 5293 -14
7906 6450 -14
5698 1372 20
1988 9621 -15
2601 5201 20
3602 1748 -7
5037 5927 5
2495 6722 -18
7044 4598 -8
55 9231 9
6142 4074 1
5609 6178 1
5758 9971 -12
1783 4162 1
7512 1549 -13
8171 2810 17
9161 6949 15
7810 6953 -15
5547 139 6
8534 7987 -13
2532 3434 2
287 342 -17
6831 8403 -17
4744 3772 -19
6408 4011 11
6996 5214 -5
8573 6522 15
1541 4299 17
3943 471 2
5867 7589 -14
3462 2082 -3
6659 3551 -4
2381 2912 20
4418 5831 4
6859 1522 15
5075 5654 15
5755 3834 1
5642 4496 12
6780 7133 -9
9529 2622 -1
7317 556 8
9163 2734 -16
5404 2476 -8
298 6405 -1
1796 1232 11
6143 4218 9
9427 8350 -5
163 4192 16
5242 7829 20
6389 7644 18
2519 6139 15
8112 5048 -12
1536 503 2
6395 3971 -7
8478 423 -18
3679 2065 -1
1214 9147 -8
4042 4840 6
2531 9476 11
2349 5934 -11
584 8240 0
335 5999 7
5107 7 20
2418 5573 -1
9817 8222 14
720 3691 -6
8569 8500 20
5434 4323 -5
2237 937 -8
8042 3732 19
7927 6285 3
7562 5345 18
7420 5307 15
5693 6570 1
5081 8956 -5
4060 1639 -19
1883 7478 -17
7837 6407 -7
6168 4973 0
6451 5062 -2
3443 2779 -12
7677 3246 1
5497 6191 4
2303 2134 1
1740 9651 -5
2098 7693 -4
2379 6560 -11
9902 3249 18
9712 8072 -5
5093 4556 -1
7592 8561 16
9179 2041 2
4236 3897 18
3338 3530 3
5992 5642 -11
4511 7284 -19
5589 1999 -18
3646 1260 -15
6098 5396 -2
6527 5828 5
576 853 -8
2023 6057 -8
5330 9650 -13
509 6579 -2
215 4210 3
4165 9672 7
4786 1933 5
7854 2089 -18
7753 7129 1
4759 8891 13
5224 9809 13
5694 1725 5
6452 5345 11
7848 34 -6
9022 2732 -7
4973 3059 -2
1643 796 -6
754 9379 19
2809 6685 -3
8027 125 8
6561 3267 8
4609 2885 10
3932 6284 10
6566 519 11
5556 1866 -13
1311 5532 -17
9927 9958 19
7111 9506 -18
2059 9863 5
4337 2648 13
1644 2671 -13
958 8722 3
9490 9205 -5
3354 6304 5
4628 7520 9
9290 5666 -16
2041 6631 -4
4126 6648 -3
4773 5190 -4
7333 2456 15
3908 5296 -10
4789 3858 17
2155 2146 18
600 7938 12
6400 3250 17
4637 5191 13
2028 8196 -3
9235 13 3
4441 7678 -1
6886 8307 15
1977 7403 16
7539 1077 15
6233 1441 -5
5173 7977 -18
3712 4226 -19
8332 5769 -19
7613 2827 -12
8179 556 -18
9848 5737 -3
7735 8624 -20
1365 5523 2
4673 4745 -10
564 52 19
2741 852 14
1357 7202 -12
1328 5174 -3
9712 3524 16
5312 4624 -16
7868 5181 13
8777 3591 4
6734 5287 -8
1967 4999 -2
3142 7358 3
279 668 -17
5076 6595 -2
5810 2962 -1
1455 8152 -16
1135 273 -3
5766 6330 -8
5748 2590 -5
7171 703 14
30 3457 18
7623 6889 -16
7269 8507 18
8159 1654 1
2622 7334 -20
9842 129 -4
6425 2988 -18
1746 7682 -1
4365 1167 -17
4006 2358 -10
5974 2279 13
7766 9100 -4
1966 9916 18
8686 1573 -13
4589 2261 17
6935 8946 6
191 5459 18
5291 5914 -18
9838 3090 6
559 600 -20
9469 8958 8
3105 5611 -15
3082 6258 -2
5980 9430 -12
5132 6061 -3
8605 3860 6
8079 5083 -19
7776 3487 15
3944 9294 -18
7542 4857 13
5060 1083 -7
3605 1090 -10
9388 6743 4
8249 3475 -19
7062 9630 -15
6549 8250 -4
4696 5695 18
1835 3375 2
7451 5809 14
6825 656 -11
3202 3616 -16
4712 4974 -13
8428 1363 -9
6774 2946 -6
4186 1101 11
8330 149 -15
4975 7167 17
4025 2103 10
4312 9728 10
7158 461 12
7570 1152 -13
1899 2313 11
6792 6667 -7
5936 8636 6
1856 2038 -14
9287 506 -15
5722 7235 -10
7533 873 18
9077 9423 15
3912 1192 -1
1477 3018 -4
5015 3778 13
8206 6749 -7
3158 7081 0
3848 7195 20
3222 6708 -8
868 5652 -2
6704 3952 -8
9930 4654 15
1833 4398 14
3544 6740 -10
7771 6758 16
7140 5646 -18
9990 3098 5
4737 4866 12
5943 6612 15
7389 6495 18
7183 6072 -11
390 5578 0
7637 2744 5
6561 4474 -14
899 2475 10
1938 7821 0
9363 6208 -20
5366 9220 8
4778 4524 11
3758 1719 -5
4800 6753 -1
1602 8742 8
9719 3700 15
944 8615 4
6680 9291 -1
4694 1340 8
1730 9355 -20
3086 1985 18
6167 8888 0
3441 3171 8
3842 2668 -8
1848 2249 -7
7339 1055 -12
6610 3431 -14
919 7470 14
2023 3198 -5
756 5838 -13
1344 8294 -17
9808 2900 2
4915 8400 -14
5360 4566 3
1858 4487 7
4960 7253 18
3324 1764 1
9548 2606 20
5102 4411 19
6884 422 -17
5087 2298 14
2035 9801 -4
2676 8069 12
9419 1605 -9
4263 5856 -16
5504 8692 15
3405 7435 12
8413 6202 19
8913 5473 15
8697 9053 2
6279 3655 3
7348 6932 4
8142 2500 17
58 2666 -3
7353 94 -8
6466 5408 8
242 7518 8
1819 2816 19
7148 786 4
6204 363 16
9714 9435 -19
3494 8859 12
5656 83 18
3572 21 8
4017 3902 20
7679 380 -1
2755 928 6
1185 2065 -10
3597 5800 1
4069 5376 10
9997 5094 -11
783 7126 -8
3183 2967 -20
3281 7501 -17
6664 6026 -4
972 7201 14
5830 2763 7
5562 9907 3
5793 6499 17
3533 6488 -4
2664 1308 15
7704 4358 6
8508 2657 15
731 5610 -5
2352 1376 15
6675 6549 0
4499 7251 -20
3020 6094 2
7413 4642 -9
5612 7390 10
2571 615 16
7277 4312 12
2270 4928 -8
848 6610 0
8803 35 10
8366 1451 6
9555 3218 0
9582 3289 1
8842 894 3
6244 38 15
191 9523 -13
4611 9989 8
5764 7368 15
6310 3898 20
8013 8034 -8
2041 5588 -13
4041 3960 8
1686 3232 10
1121 7393 8
8110 4684 10
637 399 -17
2758 9497 -19
2767 5576 5
7682 5470 -14
8041 7115 4
5415 780 -5
2664 2307 20
2486 7656 -11
3916 5649 -18
1052 1884 -10
6497 8010 10
572 9517 1
7445 2557 -16
5592 8691 -17
7976 810 9
9423 5854 -15
6271 2734 9
4101 9078 7
4005 8672 -16
4851 7317 -20
4573 5064 -6
6709 6356 -4
8805 2503 7
5841 4870 -8
8179 7887 11
2635 3930 20
8630 1410 20
3753 381 -8
1262 8762 -10
6946 6329 -14
8858 5298 6
4944 7313 2
8621 5792 15
7752 1945 -2
1348 7963 -2
2475 4816 6
9161 1714 -10
7912 6455 -20
3871 3812 -2
2274 3349 3
3181 2206 -3
6563 9869 12
9848 6479 2
3765 9447 -2
5026 7839 4
6649 784 4
9169 5923 -10
8266 7404 0
9580 8390 -14
6471 9686 4
8457 9618 -15
8495 9502 -9
9543 3574 9
3467 4952 -18
7446 407 1
2708 1328 -6
9780 8162 13
2487 5394 5
4340 3312 -13
6776 1758 -6
1585 9448 4
5653 107 -6
7547 302 -4
3838 788 -17
2065 1986 3
6986 6165 5
7624 4919 -15
2930 686 18
5735 9328 6
1854 8718 11
6781 8483 5
8230 6560 -12
8720 3428 -4
2749 5366 -18
2253 4467 -2
5312 9126 -18
3202 456 -1
6993 7944 -3
3737 1150 -7
767 9387 -2
3393 9012 12
8085 7316 19
3446 2160 5
3486 2393 20
3500 3055 -15
1264 9490 20
577 3489 3
4276 9480 14
616 51 17
4338 373 -16
6150 9216 16
5282 9129 5
5429 9405 0
5654 4181 1
982 9114 -20
1102 8626 -3
8875 9338 -13
6345 5470 -11
465 5458 -17
3432 6655 20
8707 2750 -2
3472 8516 20
4383 1209 -12
8204 3730 -14
803 4898 -3
9370 5725 9
7591 3590 -14
7201 9233 -3
6131 104 18
9218 1875 2
7843 1484 18
8743 3689 12
8439 195 -10
7759 4649 -5
1493 7078 13
6349 3543 15
593 280 -7
1725 6102 -4
8704 2254 -4
3378 7950 10
3324 8638 -8
6066 3029 5
4992 77 -8
2718 8134 20
211 8389 -6
624 1538 1
3741 4883 -7
778 94 5
1377 2580 1
6655 5161 -8
8644 5492 -8
2075 4567 -12
3278 8278 9
8309 9952 -9
9479 5571 -12
6526 678 16
8024 2650 14
8230 5541 -3
6811 3558 8
6246 1771 -9
9509 6380 8
8788 8238 8
115 9504 16
9430 884 18
8474 6627 -5
9629 7354 5
7782 8971 1
8211 7797 -2
1248 65 12
5770 8652 -2
7245 4830 7
1840 4743 16
7295 1265 8
3121 7786 -3
8356 2737 -15
1043 8812 1
8619 6268 3
1313 6621 18
372 2310 -2
3955 4682 4
4725 4300 18
3658 2587 10
772 1774 4
6008 8753 -19
7494 2215 -20
3680 2240 -8
1735 702 -14
9378 4991 -9
7086 8062 12
1911 7108 -9
3381 6840 -16
7693 6543 -3
1681 1452 7
1747 9114 0
3965 5505 -12
2543 1876 4
543 6127 -18
3555 9336 10
5167 4727 -15
4100 4156 -18
4496 6362 -2
7342 3006 15
7258 9245 20
6470 7535 6
640 2009 -13
9108 6611 -20
6311 7917 3
7499 3786 -16
3137 5297 -18
5906 9882 -2
3990 2538 -7
2394 4542 9
6586 6227 5
7469 322 -17
2694 6950 -2
982 8374 19
3122 5435 7
8301 9417 15
7072 4557 -3
676 2502 -16
2300 7194 -19
2619 6011 -18
4183 2214 7
2381 4173 6
8196 6508 -12
8320 4811 16
5419 3987 11
4294 742 -10
9547 2297 -20
4667 3213 -11
1091 9895 -13
2083 9862 -20
6808 1332 -18
9996 273 3
9771 5245 4
3387 5148 19
4952 3637 15
4257 5042 1
7304 304 -2
7580 1150 -15
238 9344 -19
1630 1801 -12
4085 9414 3
180 1477 -20
3953 684 -7
5515 1506 -11
2845 737 20
1058 1595 13
7183 243 -4
7070 6920 10
4695 8989 -8
9899 7789 20
3095 4722 -5
5130 4562 1
2061 5550 9
3770 4062 17
2923 5027 13
185 1784 11
2257 2648 -17
2590 4799 -14
2311 8221 -20
6467 8064 -7
563 3282 2
9644 2973 20
8265 2709 8
5777 1023 11
9633 2086 7
269 9229 9
3698 1393 -4
9704 3303 20
1181 3480 -17
2075 3340 -14
1026 913 19
576 2218 -8
4824 6947 -10
7530 7718 4
4802 8890 -19
1104 9307 -15
5279 3602 4
9379 5341 16
7396 7798 -3
5239 7183 -19
5588 8112 2
7680 6689 -1
6984 3425 15
191 6601 -8
7377 4295 -20
8406 9333 12
9653 6609 2
549 7973 12
5260 7855 20
3243 3789 18
5827 9864 4
5683 2006 -8
8884 4036 4
4844 8383 4
9592 7176 11
1586 1292 1
744 7572 10
9407 3638 -9
89 3037 9
4154 1483 -1
3566 3936 -17
2495 175 -17
504 8438 -9
9854 6316 13
7359 2293 -4
9886 7534 15
9623 1915 8
8663 5178 -18
5919 3268 20
8525 8731 12
3995 4881 4
8453 3604 -20
5335 9871 17
5574 8355 1
834 7165 18
3822 4385 17
8166 4233 -11
3420 9239 6
4423 8210 18
2176 877 10
5079 4738 18
5092 7970 8
1724 4811 5
7470 4928 16
4992 28 -13
4682 5267 -6
5102 281 13
2274 340 -8
4841 6920 -15
4205 1600 -15
2777 1621 1
8256 4120 -5
3522 9340 -8
7673 288 -11
1020 1071 11
2643 843 19
9588 5479 -15
8770 6017 -13
4914 7276 -5
3515 2609 7
5555 1869 -11
1793 9936 -10
4088 4908 1
6380 1849 8
3871 3877 1
4247 2347 -15
7354 3925 8
6316 1312 19
669 46 2
2431 6550 17
6523 1855 -13
7943 7911 1
5164 9298 2
1377 703 -18
3586 4880 4
7832 4815 8
7412 7697 11
3091 8693 -8
3452 1551 7
7655 3432 -4
8212 8014 -7
3761 7580 2
1331 9407 -3
5880 7444 -20
612 3809 19
867 3909 7
7775 2699 -13
1103 346 -20
9258 4301 -9
9039 3651 -18
6780 9806 6
4530 4709 20
8234 4126 18
6107 2818 -1
6118 4820 -11
7034 8238 3
5761 5429 3
3528 4864 14
7192 2064 7
586 7274 -11
8039 2020 11
579 7052 18
87 859 13
1271 9902 -3
2845 2073 -19
8629 5151 -6
5758 3504 14
6124 5982 17
8046 8649 15
4685 4782 -10
9028 3483 -17
6768 7076 -17
4525 2940 -11
4206 8075 -2
863 8885 7
3146 6644 -16
2610 1358 -1
1834 5931 17
4982 5728 17
4860 2175 -19
5709 7518 -7
3738 7559 -10
4615 2943 -7
1729 4188 18
1123 8097 -7
2315 7623 5
6770 1102 -4
3169 8650 7
2023 8917 10
2384 9783 19
8551 488 3
4155 9990 8
8076 410 -15
1129 9787 3
5351 3314 4
6612 1543 1
8499 1019 20
2864 1184 -6
8405 2419 5
2265 5856 -19
4360 2415 9
729 3438 -17
5420 4047 -1
2470 5844 7
8162 7970 -15
7043 1864 -15
5832 8080 -19
3149 3611 -15
8478 8845 -8
6227 1394 -8
6370 9061 14
3901 1583 13
2329 8030 -8
8369 4154 18
2235 5344 3
8115 6531 19
5008 7889 -19
7070 3037 -7
9826 9533 1
7405 9682 8
7404 6295 20
3115 954 12
6424 9366 -7
1462 7348 -7
6223 5830 18
3158 3176 -6
9151 9834 -15
8204 7820 17
2197 3294 -9
4092 5583 4
3148 5012 -6
4728 8460 14
4957 1217 -13
7784 6571 -14
7449 8613 0
2920 4218 18
7611 8607 6
9777 8369 -13
895 5112 -15
4875 6281 11
5352 6858 -20
503 2130 4
6042 851 -12
7714 1225 -5
2826 4053 4
2117 2491 -1
97 5649 13
3152 5899 18
986 7619 14
296 7223 -17
5938 9967 -1
1608 5882 -16
8272 2581 -20
4336 2054 -2
9244 8305 3
9167 4618 6
3042 6504 12
4748 7182 18
6754 1176 -6
8100 3615 17
9988 605 2
5569 3096 2
6562 5627 -17
5345 1553 10
1896 3032 -3
367 5044 7
4452 4618 14
6472 7308 -18
2480 7571 -19
5552 7096 6
5714 1787 3
8504 8094 -7
3350 6533 16
7313 9398 -16
9060 6468 -10
8801 7328 16
5709 5248 17
5380 6696 -16
7009 6463 1
5326 7025 -3
1780 6632 1
1044 733 4
513 5015 2
5388 7642 -4
9602 2592 20
6969 129 -14
6693 5003 -10
1745 3107 4
2743 9785 4
2015 1195 -12
960 1895 -9
2685 4586 13
8741 1842 -7
7407 8503 5
8073 562 7
595 9430 -19
1607 2886 -8
1223 2272 12
8693 9844 1
3733 7521 0
6515 9726 13
7843 193 -14
5765 4335 18
4050 6996 5
6898 5789 -8
9036 5534 -13
6951 1761 15
1322 2055 -5
909 3447 0
9645 2108 -15
2536 8 -7
507 4780 11
260 3139 3
8383 9185 11
7868 2246 12
3303 6861 12
2264 5748 2
9182 4129 8
1642 8813 -19
6311 1007 -3
8672 8228 13
6831 6669 5
4025 6555 -10
3956 3377 19
75 6035 -4
5880 3461 -11
8467 2061 -11
5646 6783 1
9548 1854 -4
5088 1182 16
7419 5660 -13
7421 9848 -17
1295 7366 2
4222 7895 7
7964 1590 -16
8319 785 0
8934 9108 4
9886 4468 6
6281 1968 -20
4401 5039 -10
5607 4662 -13
3007 4003 18
5789 3263 -14
3545 6571 14
9801 3717 -1
7930 3789 -1
1406 3034 -4
2012 8648 -12
6452 1693 -3
8756 9877 -6
6238 9302 1
8694 2824 -10
5334 9728 10
7192 1271 -16
6062 5927 15
2882 4986 7
4293 1046 -7
9489 6676 4
8264 4348 15
4232 9624 19
7283 9374 -16
8391 8052 3
995 4778 -12
8413 3185 19
2308 6781 5
5941 3958 -15
1959 5764 -7
6748 9636 -18
9193 2573 -4
7670 9130 14
1294 7699 19
4396 2027 -16
55 9621 9
38 1048 15
303 3875 -16
3037 9201 -4
1007 8206 14
4552 5025 -2
8500 9395 16
8616 5291 6
2809 6623 8
1205 6201 19
7217 5329 -17
38 2206 12
8524 7431 14
5437 6059 15
9344 2951 8
8801 3727 -3
851 2830 -8
8344 8571 -20
6928 9021 -11
1010 5451 -12
9317 2817 -13
3611 6731 7
619 8976 -1
1749 7422 -14
1246 9519 2
6434 5704 7
1856 9564 -17
9919 620 -11
7225 4867 19
9879 5579 12
9482 7614 -9
3749 6011 17
9610 1042 -11
2754 2033 -14
7615 6527 17
7023 6568 8
6084 6252 -7
7817 313 -2
9281 4748 20
8882 6037 6
6038 2889 -12
4135 8509 17
7356 5154 -19
612 7110 16
565 8762 17
9541 2661 -15
5374 6081 -11
4107 9188 16
3863 1971 11
4717 8040 14
1050 7986 0
9793 8133 19
2502 3745 -2
6952 8273 -2
5695 5985 7
2400 5783 16
7488 9168 7
2456 2345 6
9353 2851 20
9423 5948 3
7659 2210 12
542 4200 -16
5949 3274 -2
3603 4586 15
8782 9352 10
3135 795 1
4158 4554 -9
81 1506 -10
8795 1170 -1
8924 9728 -15
1029 5556 1
3268 7017 -15
1075 7068 -6
7915 4841 -7
9698 3063 -7
7455 4627 -2
3729 4622 18
4504 6823 1
6799 8742 14
6040 22 -14
9027 9483 7
6968 1242 0
2310 5924 19
4355 1995 6
3624 7562 11
2204 2102 7
4141 5691 -5
7016 4998 -16
6333 3754 6
217 9328 -6
1272 1079 11
3409 5011 -19
7523 3191 -18
2809 3043 1
9666 7543 -14
83 4358 0
7841 7968 -6
820 6089 -8
8917 5128 15
3734 5730 4
9177 3657 -17
712 1503 -14
4443 5708 -8
3748 9361 9
7163 176 -15
797 6495 -4
6076 6492 9
7481 1049 -3
1542 8844 19
8827 4484 -15
8830 9297 16
3868 3788 -14
581 9705 12
8821 1886 17
7811 2109 -19
6499 5580 11
1111 1629 3
84 1453 -7
2325 266 -14
7048 1083 -8
4631 1408 2
5676 2908 -18
5335 7491 7
2104 6286 17
6131 1302 10
84 3880 13
2204 7346 1
5034 8756 -11
2272 9003 -15
4168 9476 20
7844 7627 10
2301 7213 17
5132 238 -3
5449 174 12
3889 1653 11
2873 8937 -1
8712 2207 -2
1855 1733 -18
4345 1775 6
5794 6395 10
4884 6769 1
1105 7954 20
6649 7318 -4
5481 4181 13
2954 7151 0
2184 3515 -4
62 5321 19
6313 3309 -5
640 608 20
6780 7805 -18
6299 1183 11
9733 9251 -20
5832 3639 2
2311 9399 3
3672 9138 -7
2541 5946 -7
1892 7796 -17
1418 9753 -19
1759 905 3
6444 9559 -15
3077 4074 13
4059 1832 16
430 6531 19
3180 9353 -10
8960 5294 -1
5693 8134 4
6038 9150 12
1652 6195 2
168 2740 -2
2268 8048 3
9736 2639 7
7662 929 9
9674 4464 -5
7410 5721 -12
9260 9098 5
7927 7637 -15
4546 6435 11
5699 817 -19
2059 8173 20
6622 5528 5
4923 8054 19
3664 1976 -8
1349 5177 -8
9071 1865 -19
8596 7278 13
6263 671 -17
1631 5764 19
2197 7113 -5
9872 3375 -19
9956 1729 9
5231 7161 -17
9538 529 -17
3743 605 2
3570 8542 3
5130 8142 7
8831 1356 -19
7694 2595 -6
5809 9329 -9
9503 6868 -18
6709 9683 4
1185 7518 12
5125 1496 2
9102 4509 10
1161 9419 4
7677 1806 20
7157 3489 2
5639 4114 -4
3096 6063 7
8037 4699 5
7155 318 5
8285 3666 -9
325 8156 17
809 3314 2
543 4719 10
9790 6354 20
7580 9728 2
6997 3700 -5
9891 3676 -16
1549 4313 -20
8436 1647 -5
8842 6345 1
6461 5612 -2
1963 8958 -11
2340 5561 12
3578 8609 11
6558 8915 16
2416 9091 20
9759 6949 -7
1484 5019 -4
3385 401 -13
1794 7347 -8
6124 4297 15
1486 383 -4
4217 9527 10
3124 4889 -1
4404 6524 -10
7646 2005 10
4706 6181 -1
6535 8716 5
6365 7709 -14
7331 6772 7
2235 918 1
871 400 -1
7091 6466 -14
1112 4366 1
9120 4569 -8
3544 395 -16
2710 317 7
6664 6622 -4
6641 7372 0
5584 5416 14
8954 9385 18
3433 9000 -9
1209 9387 -6
2007 2507 6
9377 6742 1
2168 3454 -8
980 8522 3
8301 5927 -16
9579 9457 5
3062 4478 4
7713 3603 -1
9646 9108 -4
6991 1856 13
7204 2588 -16
3272 4079 -12
8803 4517 -4
2159 4979 17
4337 2536 6
7116 597 19
5008 6204 16
6327 8843 20
5398 9039 -16
3869 6221 -1
9132 3135 -17
3576 846 -13
1443 5066 7
130 8763 -3
1054 871 2
577 4615 -8
986 1831 -1
8603 3490 -2
7656 1481 16
409 8197 10
7051 9814 -2
578 9461 8
6891 4562 -10
833 1426 -7
1116 5565 20
310 1835 -19
8043 4238 2
8011 4733 0
3725 7134 8
8094 1953 5
8506 5563 9
6907 2979 -10
502 6134 -16
5494 2550 19
1096 4176 1
7582 5932 1
2482 5839 7
5988 957 -9
9601 6869 19
3819 3342 0
7360 3765 2
4815 468 10
6478 8279 -11
1036 5847 -15
7525 6835 -2
3515 4336 20
3991 9103 -20
3237 7720 1
5845 7181 19
2796 4838 20
4605 2366 -3
397 5733 -15
601 930 -16
8931 3226 -2
4517 4413 -7
7562 4020 7
8740 2775 20
7328 7445 4
9757 9996 15
7603 4865 1
1965 7261 0
5857 3205 -20
9137 9275 -16
1931 2316 -11
796 2404 4
1567 4108 15
4160 8919 -4
107 2130 19
7402 6370 7
6300 6586 -4
8001 9251 0
3088 5469 8
4236 5954 9
9470 2564 -9
1677 8246 -14
5557 6353 -10
775 1394 6
5683 7445 5
8346 1604 20
7491 4085 1
2169 4344 -3
4604 1657 -1
6862 5940 -20
263 4268 -1
2294 831 15
6159 8847 16
5101 710 13
5207 339 0
1124 3300 -12
2035 5446 -11
5402 8380 13
7044 7011 2
7285 2247 -5
2816 1844 9
1485 6727 -15
73 1859 -3
9268 4611 19
8449 808 -9
7912 8837 4
7032 2211 17
9152 9251 -16
1675 5657 18
1996 9479 -12
5302 4479 10
8808 6253 -15
3156 2777 -11
8324 9732 -8
984 3344 -7
7374 9668 -6
9696 3836 -16
8681 9501 -1
9953 4368 -8
9576 6050 -14
1428 6363 -4
8729 7025 -15
8256 3462 -20
5885 5537 -1
8173 9979 0
9914 3900 -2
6515 7994 6
142 1034 0
1072 4275 7
641 1309 -3
1985 5262 10
7290 5016 -18
2373 5765 -9
8862 9226 8
7739 8835 6
7890 5933 9
9200 6753 -9
8090 808 14
1166 8739 -9
7721 5824 -19
2495 8452 7
5979 6466 -7
1231 3127 4
5009 3476 17
9985 8877 -12
9425 9500 -4
1373 2299 9
3226 6703 20
5250 704 7
9052 143 6
8189 5020 -6
588 1878 18
6483 4710 -19
9601 1669 10
9219 4757 5
252 836 -4
404 3952 17
3057 2994 -4
3905 7498 -8
8482 6307 2
3050 6267 -17
8860 4426 -19
516 2126 4
781 7016 -17
445 9971 17
7089 9835 -16
7460 6338 9
336 555 -14
6150 7746 4
1106 6614 -8
495 7433 -2
1864 5550 -13
8580 5978 -5
52 8121 3
9569 3642 -2
960 9479 13
5121 9083 -9
2888 9396 14
9742 3378 -20
6222 8165 4
3569 4005 -3
7345 973 -2
8088 9278 2
4664 9595 -20
8556 6600 -3
2937 7708 -13
5278 6445 -17
739 6460 13
9797 231 0
7558 2802 1
2500 772 -4
7000 5727 -20
6534 547 -16
1314 9267 16
6958 6582 -7
7724 6441 20
370 1743 -6
6917 7407 -11
2641 443 6
8508 4462 19
1894 8082 4
9954 1844 -3
4999 4097 0
344 2992 16
3461 5719 5
3058 9631 5
8234 9915 -8
8633 3104 -19
9930 456 -11
2045 2625 -12
7215 4012 14
3246 4348 11
508 2819 -3
5752 9321 20
7102 5389 15
9800 2520 0
1333 1102 -3
775 7676 9
2857 232 17
9300 8860 2
6582 6842 4
2706 8227 -5
4305 1306 2
3840 9627 0
7117 6822 3
2713 3818 -14
2421 7997 -1
8799 7225 5
4621 1797 7
1597 3439 5
7495 1380 -8
8532 212 -17
2890 5631 -2
5706 9797 2
7683 7199 20
7508 6496 17
5001 1843 9
4947 9990 13
2466 2490 -6
9454 5695 6
2239 1028 -6
5908 3589 -5
4785 2667 14
7150 9470 -18
2308 3805 4
622 4349 -17
3528 8090 -17
6392 5715 9
7276 3529 -2
9638 3261 12
501 7452 0
4353 389 -14
7806 1600 -16
3032 2891 -10
1332 2287 14
918 3106 0
9971 1172 -19
7451 5331 19
5038 3196 4
4734 5735 -15
8792 6113 14
4570 374 -15
2388 9482 -3
5005 3973 18
2736 5075 14
1956 2852 -13
3604 2670 20
5386 9749 7
6430 8483 -1
1280 7042 19
8230 6342 16
5953 4090 7
7821 8547 -12
6080 924 4
2480 5205 -17
6706 4195 18
8431 1387 -6
5233 707 -11
5192 2200 -16
150 6001 -20
3662 5126 -9
7617 4339 -17
3160 7761 -19
9054 1156 -10
3459 5049 19
3580 3641 8
6056 1698 -8
8952 2722 -4
8616 7211 2
949 9156 -4
8827 6510 10
5458 6900 -11
5273 8716 -8
2239 7783 9
2097 3973 -7
6526 2631 19
6588 4755 12
9454 7776 15
7259 9677 0
2398 1746 5
5129 7907 10
6408 7461 -13
1269 3137 1
7648 5245 18
7691 5178 -14
4416 334 9
8753 3922 -3
6069 193 9
5357 1698 4
9734 8474 -3
12 7228 13
6856 8254 9
4533 6944 -8
665 1785 6
1918 6113 3
906 6343 -7
1494 6821 -2
9004 8699 -7
696 7565 19
5754 4308 -14
6113 341 -20
414 2213 -7
986 9713 -20
7861 235 10
9946 9328 -15
9725 497 -8
3537 3063 19
6767 540 -16
8958 2133 9
2003 3289 19
1933 8114 18
9033 4492 7
7072 2501 -14
8054 287 20
2621 8066 -16
1892 5662 -18
677 5649 4
2505 3053 13
7392 5301 19
4578 5899 -14
1054 2337 -17
6343 7621 -20
8946 892 0
7095 900 19
784 4482 -10
592 436 9
5690 5823 -12
9685 2680 8
1930 6497 3
8593 3347 16
1964 3661 -18
6229 2805 -14
6169 5369 9
9096 3271 -10
7012 1581 -13
3377 9969 -16
473 9093 13
3283 3104 18
5602 7773 10
408 5372 -13
8269 9885 1
641 2612 11
6235 5938 -2
8970 7333 -12
529 7646 10
7000 3715 -18
6702 464 -6
6307 9216 -16
218 9671 9
3252 6899 -3
4544 2356 9
7301 7723 -19
8300 7949 -19
6368 4550 -19
9547 2450 -2
5873 2355 -5
5138 1228 -7
8531 1562 14
9263 1815 -2
7479 8583 -14
80 3056 6
2418 3975 20
9908 9140 4
4739 5179 6
3559 663 17
4436 4799 3
6584 4169 6
9990 9098 5
7667 2215 2
44 1428 -15
6525 3995 11
6696 3149 18
6635 6948 -12
3241 5356 14
546 5040 -17
996 2351 8
1257 7180 -11
9175 8991 8
3871 5351 -13
2157 2429 12
3332 2246 -14
7509 3623 4
5250 5583 4
8002 4243 1
4099 9612 17
8937 1756 -14
8861 1264 9
7098 1119 10
7621 6776 6
7913 1274 8
8168 16 -12
617 7484 3
1006 4046 -2
7179 178 -5
9650 6862 -7
3399 764 17
6483 1777 0
2042 5944 -3
5594 4798 -12
7187 942 19
2093 5565 12
7076 1021 -20
5163 6561 9
7544 85 11
4481 3618 -16
1785 225 8
3456 7024 -20
5750 8530 -10
5629 6874 15
8615 8100 4
3767 4384 -2
6805 750 -3
4837 7443 12
6863 3693 20
40 991 6
693 14 5
5218 980 6
6634 9388 14
6287 7250 2
960 3942 -2
3818 1062 -3
2000 8397 17
6811 2171 -7
8224 6082 -10
8374 6545 19
4203 710 -11
4216 4886 18
9907 7763 -14
1582 1323 -4
3624 3234 4
6743 3647 14
3494 7888 16
9528 7363 -7
9437 4130 -8
8767 2766 4
2662 1369 5
6615 4754 15
1060 2695 -9
3942 7729 9
4596 7364 10
574 6201 2
9613 1122 -6
5916 6929 -2
5493 5742 7
3497 7304 -18
8538 1583 -11
5942 4231 17
5648 5263 9
357 9696 2
786 1418 5
9182 8661 1
9197 6970 -10
918 54 10
6945 9401 4
6044 3698 -7
6086 3801 1
4399 8701 15
1877 7047 19
1201 2029 -1
8527 4898 -7
9763 5141 5
1833 3044 -8
3336 9339 -15
8297 8661 -8
7809 4562 -15
673 5413 9
8992 3004 2
5134 673 5
21 3053 -5
5131 2124 4
8323 7888 19
9438 4385 20
9588 8851 4
3496 5539 11
2624 5748 4
4462 9683 -20
319 1462 1
9618 6940 -1
7714 1018 10
8006 7455 -14
5226 5016 15
7640 6333 -8
4107 1640 17
1240 8093 16
30 3162 -4
9762 6664 20
3234 9468 16
1244 5209 -3
5002 6755 -1
7093 9377 -3
7211 2680 -5
2250 3922 17
125 9704 6
2813 9339 -2
5692 3572 -18
15 9494 -13
7463 4875 -18
8563 7454 -19
5291 5725 3
5711 1538 -17
9673 5893 -3
899 6964 1
6241 7683 8
6720 9362 20
87 7337 9
6446 2144 3
9737 6550 -10
9632 2932 9
7821 6060 10
1321 8695 6
6897 8355 0
4827 4119 -14
9144 2673 -11
1469 8375 4
2491 4418 12
3937 6422 12
6468 3226 -9
4331 869 -14
8783 73 13
1122 1310 8
828 4399 -10
2932 8372 -2
3899 5512 -7
538 5032 -19
3465 9733 11
6333 6734 -9
3947 6564 -14
5542 4151 -3
1620 5957 -8
8301 1547 -17
1114 1095 12
8644 5171 -1
1473 4437 -5
473 6770 5
294 6932 20
9911 3864 1
9259 8085 1
74 8111 12
8019 6880 15
4245 7769 11
32 8812 -9
4365 3877 14
4711 2445 -18
3404 1407 16
5785 2089 -10
4383 8568 14
4791 2842 13
686 3268 -12
2934 7074 -18
4235 176 -8
5127 9000 14
9129 9860 12
3598 9866 -2
8455 5568 9
1466 7627 15
7120 8086 19
8581 7453 4
461 8996 -19
2227 1388 3
9010 323 2
3918 2962 5
7336 2625 16
3521 6203 -11
6398 3865 -15
9261 4888 12
9389 535 17
3294 9703 7
4305 4790 -6
3709 992 20
3776 6271 18
553 4560 15
7643 8443 -6
9557 8181 -13
7929 1556 -1
5578 9696 16
5926 9822 6
1539 4120 3
5341 2471 5
9317 1448 6
6773 4438 -3
574 3444 -12
7667 3625 19
7547 8440 1
3551 1264 15
7477 8886 0
4934 1880 -19
7148 9058 -9
1862 6460 -15
2627 259 16
7743 1267 17
1933 5979 -6
3430 4004 8
1720 3598 -1
2777 267 10
9538 3998 -6
2681 3382 -16
448 6789 13
7896 8906 19
7869 8832 5
8487 9561 -2
8910 6391 13
4628 7913 -20
5147 4786 20
4296 3626 16
2314 1259 -13
9964 948 -8
9622 286 -12
6764 8579 5
1866 7048 1
3622 7289 -17
9580 6548 0
5355 783 20
2612 4005 -15
4234 8695 11
9102 2917 -17
462 3330 -12
4055 46 4
5016 7955 -8
3561 7937 -2
475 1466 -6
2519 7824 14
1314 4807 1
3329 9575 -8
7953 1519 -10
2875 4674 -3
2845 6064 -7
5067 4345 2
7088 6586 19
8444 5272 -10
1050 8826 -20
4987 8833 2
2612 7779 -18
2583 9460 13
4164 10 1
5495 4117 -12
8689 4492 2
9351 9020 -6
1687 7156 -3
7162 284 -15
4183 2947 -19
1225 8540 -19
2947 2857 -10
770 3714 -6
1233 9045 -13
532 370 17
4164 3742 3
3117 9845 -18
113 3785 9
2623 7508 11
2240 6646 18
4026 2109 10
7387 8208 -7
5642 7083 0
6887 6690 18
3726 2487 -19
9283 3849 -5
6560 6301 -1
5139 674 5
2512 1248 11
7947 4194 -11
6376 643 5
2066 7046 20
2073 5993 -12
4047 6019 -2
2699 6319 -19
4398 6958 9
7786 1616 18
3912 5371 -3
9615 47 -14
2770 3589 13
2405 7069 11
6948 1892 -12
2546 2797 -19
7618 8408 -13
4023 4780 0
5007 4523 14
8657 4765 -14
8266 6101 -4
9581 1465 13
6876 4402 -14
7472 8228 3
2781 3748 14
1170 3134 -4
2307 56 -15
9954 6137 13
4959 5242 -20
9178 2324 -12
7766 3453 20
7034 1355 16
2964 9792 14
3023 5696 10
8609 8663 17
8182 7680 19
5312 5036 18
294 4827 18
2693 8366 -9
4693 448 -7
1651 3695 -14
1402 2180 -4
4423 2222 -19
8150 9987 -1
1071 8862 20
4205 2724 7
216 823 11
5941 6408 7
465 5290 18
6556 3876 -5
8777 535 5
5026 8079 19
1490 2606 -2
3242 5193 -11
601 5453 -10
9895 4796 0
7488 6197 -10
5888 8878 -8
4820 9447 -10
987 9954 -5
4042 7069 8
7645 8280 16
3996 934 15
743 5714 -19
2459 9185 11
46 4168 20
2636 7161 -2
9976 6339 -15
4289 4866 20
6793 3222 7
9168 2731 -15
4562 350 9
173 7486 -6
7002 2821 -3
8691 4755 8
2059 3743 -9
4559 1218 10
5767 7576 16
6636 9445 -20
7727 2770 18
5836 6466 -12
9416 2722 -4
2289 2219 17
2954 612 -2
4461 2657 -19
7280 9427 -9
7718 841 -18
2277 3617 -14
5142 5252 13
8367 2805 -20
4731 3277 -6
6 4802 -16
5958 3154 2
5529 8455 19
853 3766 -9
8714 8972 -15
3517 1487 -13
2276 7033 -15
9922 6873 0
4488 459 -20
8559 5672 3
4813 5169 20
8936 2947 -2
8297 9954 12
2237 8214 6
9585 2126 -10
684 4949 -6
2472 5497 0
6231 3295 6
4399 5975 -12
9277 8702 -3
2406 2067 -18
8705 1370 1
7026 7061 -17
3746 1713 -5
4523 8697 -16
9127 3033 9
7351 324 -14
7893 9671 13
4872 6882 1
3083 895 13
2577 6702 -8
1872 897 16
899 5517 17
8211 3487 -16
8065 909 2
9316 8343 14
6246 2412 9
3355 8247 3
6902 8672 -2
9768 4877 5
7346 4661 -11
798 3778 5
3855 9491 -3
3426 9947 15
6755 1052 13
3646 8739 6
5757 6817 -4
5223 8880 -20
6210 2646 3
3617 4882 -9
2561 5479 16
6343 3934 14
194 8483 -7
5370 9802 -18
1000 7404 4
4235 5452 15
8313 3877 17
2224 9627 13
9954 8241 -6
7982 22 18
8944 11 -17
8896 3612 -16
7625 4951 18
7172 9301 -16
5572 6840 13
8206 9771 3
6467 2481 1
8503 4803 -13
2518 7532 -6
4559 6776 -6
492 6505 20
5710 1992 -13
3330 4520 -13
3398 7363 16
7891 9468 19
2871 1704 16
4337 9033 18
4551 5945 9
5634 4918 7
6117 5646 -8
9608 7156 14
132 8536 14
7002 4520 -18
9086 8342 -7
334 7742 14
9433 1156 3
5557 1252 8
4648 2757 12
986 2928 -8
2168 4044 14
9763 1657 -8
50 4077 -13
3012 9748 -14
8324 8059 -9
2171 5814 8
2146 7639 14
5382 6104 18
9424 5274 2
6092 9885 -8
8497 3895 -17
6004 7730 19
3041 9353 -20
6929 4983 -20
7350 3258 14
1613 9511 -19
2531 5452 -13
9361 825 -2
7258 5408 -18
2395 7694 10
3831 9906 -6
7074 1474 -19
4310 3233 -13
5647 8148 -10
5195 478 13
5845 4742 -14
9116 3753 15
2049 4801 -2
9158 2037 -16
3961 1580 10
9165 7403 6
2763 7276 -15
8229 7383 -8
2441 9073 -20
6954 2302 12
1212 7847 7
517 9107 2
7715 5555 -17
2968 8723 -11
5008 9083 -12
3937 3805 -7
3679 1822 12
6573 6685 12
5840 3679 -2
8428 9833 -11
7077 2793 -11
2113 228 3
8158 2996 16
295 7111 -6
2811 3440 -20
2501 8881 5
5208 9743 -10
7419 6811 19
5585 5770 -14
1228 2250 18
8079 9058 -8
4267 9441 -7
3693 7971 -6
7411 7210 -6
4440 5340 -2
3701 2860 -8
6385 4849 -1
7675 8411 15
3134 5674 2
9174 7763 14
5182 139 13
3605 1340 -6
8743 7880 -3
3158 5909 4
5515 9370 -3
5037 9662 -11
4994 8751 -10
4195 466 -11
6628 8645 -12
9565 9270 20
4755 6964 5
7809 6892 17
1375 3650 18
5366 3566 -18
3685 6999 19
4911 4834 -13
673 2714 -3
1145 3988 8
3320 3740 -15
2933 3735 19
6273 8249 6
520 387 12
5973 7819 15
7657 9911 7
132 3896 -16
9615 5342 4
3976 6973 -7
2108 6042 14
9852 8699 9
89 6000 18
2595 2309 -1
9390 7269 12
1459 6411 -1
6346 702 -2
8858 5179 13
1522 4016 19
3404 684 -5
883 5273 19
2286 9722 6
2075 933 -18
8333 7980 -15
8909 7096 2
5881 8560 -8
13 6406 7
9448 9631 8
9013 1732 -15
3403 5421 -11
6135 2613 7
7638 227 -1
8732 9395 -20
5778 4258 8
9323 2233 -17
9614 4861 -18
4512 5086 5
1606 1768 13
8089 2762 2
4699 8534 -2
8182 6762 5
4489 2839 19
8488 917 15
9880 9614 3
2523 3486 -4
8516 7671 5
2421 4788 -11
6284 6910 -6
7104 4624 8
6671 7724 -17
3071 1954 -19
7332 3397 -5
6603 7566 0
9076 7146 13
4290 5756 -5
5023 1627 8
9132 1988 14
7429 6965 2
5951 4314 -3
7072 6168 1
6585 3407 -19
9900 2426 -14
3748 2718 -6
4275 1042 5
2884 9887 10
925 9645 -7
5133 7312 -1
5244 6797 12
5027 2586 -4
6600 3711 -18
1121 6034 6
2941 6002 3
2156 923 16
8754 7671 4
4859 4965 13
5466 9997 2
1090 5916 11
4036 2831 1
6646 6094 -2
3276 1288 1
1934 9718 -19
108 3231 19
5742 8602 10
3537 2446 -12
3777 7742 -16
734 6858 19
808 5113 12
7712 1625 -12
5507 3151 -1
9606 8342 3
804 258 18
5574 2167 -4
9100 958 15
2520 3367 -1
2386 3788 11
9513 8671 10
8963 7807 10
7975 818 -9
280 3781 -5
6356 8518 4
1505 833 -15
7514 8585 -9
4326 2220 -4
8233 2054 9
2470 9977 -12
7227 8447 -3
3711 651 -7
9937 287 16
1120 9839 10
2321 6138 18
7037 1808 -17
3736 2557 -5
4500 8221 16
6371 9336 16
42 1816 13
241 9756 -14
1418 3634 -11
4814 2240 -1
7474 7810 10
2834 3228 -2
756 7639 -9
256 5922 -1
7862 768 -13
9579 1052 -7
775 251 13
6942 8375 -2
2620 6122 -16
7191 8430 1
4899 3501 19
1957 4689 -16
5608 3710 -14
113 2905 -18
2954 5563 4
4084 5885 -8
5600 9075 13
6476 9155 -16
8569 3242 3
6749 658 9
5928 4588 -13
312 580 -6
5389 8680 -13
5206 6373 -10
4869 8131 -11
1129 4479 -2
2507 2223 -13
7852 5132 -20
2569 6536 3
9163 5061 4
1046 1825 -11
8542 5868 -3
4962 6079 -16
8555 4894 -7
5543 544 -4
4059 4907 10
25 2763 -11
5668 361 13
9199 3009 18
4812 3876 -19
3751 3854 -4
9163 7140 -14
8090 899 20
4925 2129 -18
5564 8955 -15
898 6111 10
6312 368 0
4648 791 18
8003 1402 2
2792 849 -6
1888 9683 20
2760 3909 6
9262 838 19
3774 8300 11
9113 3434 5
8175 8364 -5
3111 5526 -10
8904 819 0
2640 6728 15
7970 2047 13
3429 7055 -5
4414 2457 19
1838 9381 -17
7904 7497 -18
2551 2295 -12
5428 4336 18
5616 8256 17
710 8642 13
1482 7234 19
1548 5021 8
8139 5365 -7
2356 1141 19
222 6734 2
6128 6857 -17
1914 3755 -17
4324 2701 17
9560 2184 3
8136 3101 -9
1490 5201 1
5147 8959 -14
5255 1992 -10
689 3032 -19
6607 8949 15
748 3732 -4
6950 1304 -12
8209 2677 -3
2232 4924 -4
609 6305 -2
1258 9587 -5
6237 904 -9
6554 440 -12
6640 6113 -8
8629 6001 4
6316 9314 15
4360 9531 -19
9954 1679 7
3352 7623 -4
808 3919 17
5426 6832 -1
8954 496 16
1283 8777 19
1408 2389 -12
9485 213 -3
6492 5055 19
3043 1584 7
144 9952 -17
381 6732 17
6987 7505 20
8753 898 12
4623 8455 18
3715 5604 2
7805 2221 -5
2905 3448 5
241 4144 11
7749 2607 18
2468 4906 -1
4251 3668 -12
3251 6407 9
7552 1743 5
2505 2496 -20
8363 3964 -10
5363 3814 -20
6510 9686 -5
7096 1631 -10
1434 2248 -10
2412 8084 -3
2015 7835 -19
5343 4776 14
7721 7645 -16
7725 5850 2
4816 1495 10
2685 7395 -18
4788 7880 8
5049 6037 -10
8306 5846 -3
702 1459 17
8247 4667 2
1227 5543 -9
5857 725 0
3793 7511 -1
5062 3204 11
7947 3342 -5
6736 7478 -18
6980 8545 14
4081 5400 -17
3322 8135 -16
8942 3305 16
6400 4642 0
2610 7047 -8
5057 322 -2
9304 8148 -5
8092 1295 20
1405 1188 9
9600 7227 5
7242 7699 0
9313 6562 19
640 8822 1
4011 7424 -18
4518 941 16
6587 9138 -7
4644 2222 8
6863 8548 -8
1136 9628 8
3885 1551 18
9491 8496 3
7437 8296 0
7120 7247 -20
9493 7480 -20
8561 4184 -8
3860 7922 19
1199 5698 -12
2826 1700 -3
3025 5111 14
1950 5547 7
8136 839 11
2752 6586 8
5887 1042 17
8695 1847 4
4415 8307 9
6866 5290 -20
2551 8680 17
5371 428 10
738 4138 -13
1188 6354 2
3492 644 17
4284 4087 20
5446 3686 10
2575 6308 11
26 21 1
3798 3539 9
1265 5066 -18
160 6889 9
2739 5671 2
8048 4944 13
6328 3776 0
2360 7186 15
454 289 17
4161 7025 13
3670 7761 -14
2282 6719 -3
652 6395 -8
5507 4450 14
1764 1280 -7
6717 7617 16
376 9787 3
3384 871 10
2985 7745 -19
7294 4819 -20
6128 7771 -2
3305 9596 6
8683 8023 20
8306 1845 8
4432 5724 18
4166 1170 19
6034 6393 18
3088 7322 1
3051 570 6
1772 5606 -2
9984 2766 -10
8672 8988 1
4880 8992 -14
6367 2253 16
1355 5224 17
6763 7685 -11
6777 4888 13
2270 4332 20
9209 7747 -9
2057 315 7
8896 2322 -11
513 1686 -12
8174 2556 -14
8552 7742 9
1546 1436 -10
8116 7020 7
7674 7528 1
762 9722 -4
238 1331 18
1619 3848 -3
9580 2560 11
5413 2528 9
3794 6337 -15
7187 5548 -18
5793 4969 19
9748 8717 -3
7018 684 -18
266 9224 -4
6483 1877 -19
8076 2533 -8
4443 839 5
4294 4384 9
7852 564 12
8813 5423 -9
1749 7747 -2
6195 5720 -3
6816 5421 13
9770 7642 17
7908 3794 6
1334 7055 14
8177 7022 -8
4433 1532 -10
7680 1571 19
2843 9212 5
1781 4977 -15
8700 1193 9
184 4699 -8
3993 3486 13
5316 9631 -16
5 9702 12
2213 5879 -5
691 6538 -7
1194 7507 -7
6127 4068 7
749 8919 9
7848 5082 -5
7293 2820 14
7811 4239 -12
7271 1052 -4
3987 8917 7
846 7393 -9
6177 1303 -1
3633 8220 19
7146 6568 1
3634 1700 -16
5900 444 -8
4365 3393 -5
1779 4729 -10
2639 7789 -19
7239 2964 14
942 6402 -7
7758 1062 -6
8756 8810 17
5957 346 -14
6766 8958 -15
9048 9749 4
111 3915 5
2167 8689 12
1111 1000 0
340 7604 -20
721 8643 19
5201 568 7
9961 4708 1
9135 6087 -12
4623 1667 -20
5140 4837 17
630 6605 20
1573 1189 -12
2978 123 -9
5875 3942 -18
7391 7264 -20
6218 9855 2
1958 4095 -9
1333 8769 -20
2422 349 -16
9197 6857 6
7165 8918 -3
426 3047 13
6469 6520 20
3846 2850 9
1766 3672 -1
4133 8783 -5
8733 5814 -2
1890 3818 2
4400 7154 7
5868 9189 10
3560 9014 -8
9757 7834 -18
2422 1824 -12
1618 3492 17
5033 6742 -3
2943 5022 -19
1019 7340 -3
7778 4803 -19
9293 1520 -1
8057 396 -2
4393 6632 -14
6681 4389 13
9626 9997 13
3915 7985 8
4740 3271 -7
8307 753 4
88 9342 9
2403 3242 14
276 1492 -19
8175 6813 0
1878 5859 -2
439 7783 7
2535 4047 -1
6938 7262 2
4934 9594 -13
1694 279 -11
7511 69 20
5248 7865 3
6984 2333 8
3789 4605 -13
2666 4823 -1
12 8581 -11
4107 3578 4
1542 2560 -8
3697 3788 16
1648 8920 17
289 9252 7
2554 3236 14
9403 7182 5
9859 1917 17
5035 6067 -20
2208 1921 -14
6123 5353 -10
7615 1207 -3
9987 5936 -3
9789 8062 16
7795 6884 -12
9814 5394 18
8732 6520 -1
2659 59 -7
8821 3672 -6
3796 7456 -10
5440 3379 -17
2335 3573 -20
1624 4380 -19
7225 7087 0
8949 5409 10
9909 2664 4
4093 1547 -2
1373 6792 0
9302 5364 -17
5679 104 -19
7210 4607 5
8049 3635 -7
8541 7646 -6
6519 5788 8
1362 1004 -7
9007 3944 1
6661 7008 11
5547 7498 -7
2549 8758 -17
227 7637 18
740 4218 -10
2938 9848 -4
6568 5153 20
6397 5824 19
5376 9219 -19
9346 2298 -18
6755 7021 -2
9235 3774 -5
3929 686 16
1004 4753 -7
1666 9178 -5
9915 7678 -19
6899 8145 -13
9073 2663 7
2490 6902 18
6913 8981 -17
6658 2914 -16
4251 3968 -6
6904 8791 -2
1057 6742 -1
4144 966 -1
5868 6043 7
3337 9638 -17
481 5462 -2
2292 7109 -17
5707 2711 13
2755 8667 -10
3494 6263 12
7839 1324 2
3909 5742 6
5428 8995 2
5103 6902 -3
9199 6461 -6
99 6564 15
6686 3594 -10
5401 7970 5
4478 9896 11
3972 9365 -8
3887 6036 -16
9683 9684 -3
1201 8009 -13
9035 9594 -18
4802 9478 -19
5412 6313 0
9608 5267 -13
4122 7727 3
9371 6246 0
3678 4898 18
3401 6420 -2
6770 6563 8
3187 6925 -11
597 6892 -20
2902 5298 -13
3071 1530 -10
9969 7251 -13
108 4317 -14
1461 3062 11
2344 7638 -14
4975 8921 -19
7139 2768 20
4246 9202 0
2852 3760 -4
8554 4712 -17
3786 168 -5
7902 1877 -18
895 5801 19
4788 14 8
5171 1245 -15
4552 2732 13
1720 5756 -16
1564 4563 18
9921 5532 9
1398 8751 18
5243 8182 16
3577 3507 -16
5043 5525 -7
5021 3167 -7
7866 4539 3
6105 4752 -16
1246 2215 0
929 6259 -8
4363 8479 -5
7116 1020 -8
1932 6315 10
2958 6795 -15
2053 4812 -1
5595 991 -6
8051 1961 10
4890 3224 -3
6581 2095 -8
2884 8417 0
2683 225 9
4067 7552 -3
7474 650 -5
486 3771 -18
144 9375 -4
7065 9684 -15
9167 8961 6
9971 9349 20
5373 7367 10
450 8224 -8
59 6254 0
4881 1987 8
7311 3331 -7
7686 908 -19
3160 5816 -7
1357 6696 13
5445 2138 18
9494 7909 3
1623 8130 19
5943 4352 0
5315 2376 -14
9926 3025 -5
3525 4838 13
5935 1820 5
3177 9085 -5
9434 2152 -5
2122 5936 14
4773 2377 -7
1518 2645 -5
2554 7491 11
5709 5413 -14
5858 7969 -9
5986 5420 -11
4219 8462 -20
1077 8618 11
7149 3272 12
6446 8718 -19
380 5348 3
6439 5205 -13
4534 4593 16
266 2883 2
7457 6263 10
3747 426 -10
7264 8240 -7
8829 1736 -6
9115 186 -4
7540 8364 -16
9681 153 13
2315 8033 4
6754 7100 0
516 3575 -17
6668 8386 -3
491 1699 8
9143 4651 -8
3327 8502 -6
5577 1223 19
9 6657 4
4379 9339 12
1982 6191 6
8543 8401 10
9505 581 12
1715 8531 -18
3524 9562 18
9968 4765 -15
6307 2659 -16
2139 6145 10
8164 6118 -2
5095 1556 -8
5136 4184 10
9211 2045 6
1277 194 17
5679 2086 -17
6372 7952 -13
9848 9166 -20
4333 6081 20
6916 2856 -12
9066 7558 7
2185 2241 -8
897 5058 17
5336 1855 -19
8697 2078 -3
3752 7481 2
1501 1356 -12
7275 7628 -15
8872 4155 -7
6066 1597 18
8511 3363 3
265 2650 -7
5543 1745 0
9967 1679 9
9054 1134 13
5329 3483 20
5550 6166 -13
1421 1321 5
364 3111 0
8337 1271 -10
7329 1616 -7
1965 901 1
4315 5942 13
6200 2485 -11
6809 1967 12
2397 6010 0
5743 4446 -7
8356 5608 -4
8725 7989 20
7824 727 17
7739 4858 19
6923 6976 7
8493 2013 16
6732 5990 19
5248 3398 -14
8764 8097 5
2159 4895 8
7803 6027 -15
8218 8553 -13
9185 6733 -10
9537 4294 17
1731 3005 -18
324 2207 18
4136 6281 5
6901 9316 -15
6875 8447 -6
2560 5156 -14
8117 7266 -10
7333 1334 10
3574 1123 -3
2846 8986 5
4410 8573 -6
2378 7461 16
881 7169 -7
6479 8386 9
866 6116 -15
1234 2742 -4
1114 6852 -16
9715 4604 10
7969 8759 11
4476 7642 -12
2026 4507 -13
5747 6644 -19
2006 1337 -18
3312 5293 -15
4677 98 20
7264 3093 -5
2281 3885 5
3927 1827 -20
1989 9675 10
9640 7384 1
4741 8164 3
7885 1661 -1
5278 7069 15
6291 7049 9
2792 5321 -8
2265 8677 10
3870 1146 1
6060 5072 -10
7906 1800 -10
8069 2222 4
5937 3525 15
2313 7133 0
7178 1276 -10
6603 9492 -7
2647 5336 -13
2912 9281 10
3078 7407 1
9187 5708 4
2373 4712 -8
7341 4054 -13
514 7117 1
2493 4634 3
121 3300 4
8486 9458 -16
1372 8736 -5
8669 6530 17
6220 5762 12
4979 9414 -11
7272 2843 -14
2277 4741 7
8946 2004 -13
7690 4554 20
1354 4084 9
6749 6211 19
8769 82 3
8583 3766 12
8020 730 4
1748 5549 -19
7356 4168 -7
4008 1273 -14
2272 5141 10
6826 3903 -12
1532 9050 -1
1241 2125 -9
3236 6291 5
4704 2832 10
4386 4777 -19
9669 7273 0
1049 7930 8
1370 8443 -20
7767 2642 13
9463 569 14
3320 8669 14
3545 3665 2
1611 1401 -10
1891 4661 15
1884 6039 -10
9732 5705 11
1459 8210 9
4736 5494 16
8394 6363 -17
3816 9134 -18
3734 478 -10
3684 7695 18
646 4963 10
9049 3513 -14
5587 2165 -1
7104 9687 -7
6398 9862 13
4722 3570 5
9345 669 -7
4419 7574 -16
9477 7042 16
4199 9784 -18
9386 6168 -11
8017 441 17
719 5134 2
3997 2167 -9
572 9832 -13
530 1813 -19
7231 6014 9
4030 307 -14
4667 3894 -13
1616 3248 15
2602 6359 -7
7670 9062 -20
4315 1061 16
4178 1419 10
4589 6771 11
7291 5075 0
655 9800 -12
59 2048 19
7596 120 -14
2311 929 -19
6510 5062 -16
4244 4594 -13
180 6121 3
8928 3526 -1
9414 1509 4
8425 4097 2
481 3893 1
2259 8242 15
5584 5992 -12
1352 739 8
2780 9678 0
4682 531 5
248 9795 -8
499 3944 -16
9507 4739 -3
4755 6033 1
5409 5756 15
2632 6194 -11
9279 5806 0
9432 2683 -7
4550 3237 3
7534 3700 16
5525 3371 20
7102 8634 -7
8887 155 0
2285 9778 12
1685 3409 16
8936 3580 13
866 7664 12
3831 1715 15
8221 757 -15
1828 4490 -19
326 7500 14
7101 1535 -20
9569 8548 -2
2963 4010 2
4084 5141 12
3772 217 11
8666 4431 -12
6697 7174 -15
606 5056 9
7201 9836 -19
2335 8320 10
3626 4907 2
1254 187 2
8008 7606 10
8572 6784 17
4062 7368 -8
9693 4948 17
3119 3665 -5
4934 2947 -5
2814 6587 0
4331 6136 4
9289 2235 -7
1026 8636 17
5913 9043 14
472 1759 6
5640 5297 4
5443 859 15
9855 8463 9
954 6278 15
2638 2322 -1
6465 9888 -13
703 6215 6
6136 6813 -4
1683 2411 -1
6148 9973 -4
4905 7950 -13
7094 2767 -9
3194 4878 -2
6671 6747 -18
5663 9500 -6
1326 6251 3
6524 2521 -10
4012 2742 -16
8421 440 1
6387 22 -20
6098 7247 4
8577 6208 16
4163 2211 -5
4916 2751 -19
8876 9004 12
9656 881 1
3999 9978 -10
7003 3175 18
3131 4398 -18
5438 1613 -6
8163 8745 20
5503 1038 18
5400 4053 -18
448 4107 16
4573 484 4
434 799 -4
7438 5140 -3
6842 4701 6
1872 8154 -4
569 1670 -3
579 4149 11
5680 7173 -8
2381 4591 8
1558 9 16
5389 9549 9
7151 6646 7
9169 3629 -6
379 7269 7
4011 3717 -4
626 1818 -13
1118 8144 5
7945 2641 -12
6772 8061 7
7605 13 -18
2853 2586 -4
9430 1618 -20
6849 1155 -13
1681 8154 16
6380 5230 -1
9311 4889 3
7035 2365 -17
9915 1330 1
3789 4814 11
7821 7853 14
7524 4032 -11
4988 2141 11
8480 523 -6
1500 3240 -13
9566 7783 -7
6293 9277 11
211 4552 -20
1397 9188 -7
4340 1123 -11
4514 2675 8
4331 2068 -16
7317 545 12
6905 2431 -7
712 144 -2
6666 4313 -8
5947 3393 -19
2140 3856 -20
201 7641 14
8272 8953 14
6240 2536 -15
4508 2421 7
9617 4007 -1
2986 985 -14
4542 4610 10
2379 485 15
2362 8544 -18
9777 4801 13
2600 8839 -5
8959 6922 4
960 7191 -16
7891 3452 -17
291 1945 -3
681 5964 3
3195 1657 16
9362 4546 2
9897 7673 -8
886 4541 -17
8444 397 -20
6672 5034 15
8186 7308 19
3886 8019 -19
6668 60 6
4591 4679 0
8656 5768 5
6795 7571 -14
6250 6589 11
3510 4672 2
6742 1572 -20
4973 3154 -20
1958 585 -3
6393 7088 6
7533 1357 -9
2156 9026 -16
4869 720 8
5755 9815 18
6883 3008 -17
6357 7536 -11
603 2545 1
6429 1350 -6
2362 7258 -11
6659 3637 1
7435 6075 -1
6723 741 14
5758 5292 17
6602 8066 -7
9729 2269 19
2553 1147 6
605 548 -15
5420 4321 -14
7944 5319 4
5169 2926 11
8005 3745 12
7310 5271 -18
5056 7108 -9
728 7256 -8
6443 9552 6
2588 2575 15
7278 5649 1
8620 4140 11
7422 81 -12
6889 4785 -14
461 448 -2
6093 819 2
9071 9021 -11
676 2672 -12
4408 9159 17
7604 6787 3
3673 5946 -18
6529 9846 -19
7984 9908 11
2989 8931 18
1536 2237 -2
6443 7862 -15
328 4105 -8
9559 5532 3
7804 1705 -6
5249 6424 -20
7580 5854 6
1719 9476 2
1595 1241 0
1138 822 3
55 3275 7
4320 6748 -13
5158 9332 -20
3978 1325 8
6744 7916 20
4660 3368 3
1584 7682 14
435 1698 11
6352 9302 19
2867 314 20
8929 1969 -3
2380 6369 -9
6435 8197 -5
4056 5083 -6
3488 6895 13
4515 5781 18
3455 3092 -18
7112 8840 3
1195 276 19
7243 7624 6
9145 9542 2
4566 9482 19
3939 5048 -2
6538 7772 -15
8145 8845 9
9642 2194 -12
6941 1540 -16
3207 9515 -11
7652 8593 2
1927 1496 -8
7488 5089 18
590 1290 -15
3494 6738 -18
5370 1368 19
3208 9967 -13
1196 1831 -11
4806 4172 15
7119 6310 -8
3667 8736 -7
150 1255 -10
7235 2239 -5
6732 782 13
3576 6841 -6
9077 3324 19
1164 188 -19
8454 3335 -7
7175 5920 10
4337 1117 16
9848 8874 -1
3884 19 -12
3622 4016 8
1453 5960 -9
425 6892 -3
8883 5764 -2
5073 3494 3
2996 2618 3
8401 518 -5
5558 6366 -8
8566 1254 -6
2315 3035 -13
8804 979 -11
6966 7592 15
5914 7253 -20
9475 5293 0
48 2226 -2
6145 5032 -3
8839 4401 -14
2004 5313 -2
9282 788 15
8688 6082 -1
3707 7604 -3
2964 6012 -13
3495 5290 14
973 9285 17
8961 5056 5
7833 3265 -1
7866 9909 15
4368 183 8
8478 2087 -5
4966 9243 -17
8562 4123 -8
2186 1040 18
6497 4024 -12
5494 6883 18
7647 7072 -15
938 9771 -6
883 9460 20
1484 1848 -2
8188 2301 18
5005 9875 4
4789 6477 1
7942 9246 -2
8962 7260 15
7738 682 16
414 9284 11
1126 4801 17
4129 7055 15
6343 1524 18
5809 838 10
1845 1343 -1
2285 4685 -15
7391 7896 3
7043 3865 -7
9203 1789 -20
5777 4771 8
779 8624 -3
724 7174 7
2053 3027 -15
3501 6564 -20
8002 1000 8
7641 3774 4
1415 4537 15
2696 8753 -11
1551 9913 -17
3057 7262 16
1511 6908 17
4590 7508 -9
9492 5021 16
555 7419 2
7596 8954 10
3135 958 4
2670 2400 12
9233 3700 -19
5317 7585 16
2357 3829 -15
8600 2790 2
6892 2710 -14
1380 6719 7
1153 2465 2
7368 4572 7
4508 597 20
3572 6145 -5
7692 645 -2
3181 2015 20
7041 6937 -15
4141 2885 8
3900 3781 -3
2394 1931 -19
2230 4468 14
5675 7573 -12
7441 9159 17
9809 2474 -2
6966 1699 -10
6094 8420 9
7465 1096 5
7634 7796 13
9053 5130 18
870 288 7
5883 3909 -12
6299 1899 19
6186 8495 -13
6577 7759 -11
730 1651 -5
5666 3193 -13
7751 9047 -9
8532 8081 -12
382 1411 -13
2516 6706 -8
3429 1027 0
461 624 -11
3774 126 11
942 3172 4
5038 2810 0
2191 5908 -13
5840 3859 4
7298 5624 6
2352 5581 7
3462 5710 12
8963 6969 16
8494 639 10
9558 5322 0
1072 1776 3
8995 4207 11
9554 5252 -10
7496 2092 17
5035 513 -9
9871 9296 -2
8374 6727 3
1481 9183 9
2833 5644 11
5472 3435 -3
2041 6295 16
8708 5257 -17
4201 3866 -11
8726 5978 -9
5240 5166 -8
1189 787 1
6599 1436 19
9926 5802 -6
7194 9374 -2
8055 6739 -18
3990 5336 8
5945 9127 -5
5755 6624 2
7043 4228 18
9907 1703 -5
6741 7997 -11
909 3216 20
478 9328 18
7337 3942 11
1164 5303 10
2479 5555 0
6773 3871 8
6532 4273 6
7342 5383 -8
4742 2073 5
4174 15 -17
1456 7535 15
37 8991 -14
7483 7723 0
680 4833 0
3662 5613 -3
6748 5164 -8
7580 8035 2
3204 6499 -19
4307 4412 -16
261 4670 2
4781 1222 1
606 4780 10
2624 73 15
1538 4115 5
8014 7740 -11
1804 9745 2
7749 3590 5
2796 5060 -3
8721 1469 -11
8282 7903 15
8047 9705 -20
9245 993 18
6992 7103 -15
9169 6918 0
1075 6948 15
165 2663 -12
2873 6804 19
5833 6757 10
562 8395 -1
5640 634 11
5163 4877 10
8013 7410 8
7986 8060 10
9004 8878 5
7149 4567 15
7573 2081 -15
2770 9429 16
3324 7615 13
8045 8668 -17
7241 418 -11
1750 4904 -2
2822 4351 7
1836 4879 17
6100 3530 -13
3346 9031 20
3073 6422 -4
2427 1874 -18
9263 4501 19
435 4520 8
6311 7475 -5
9885 9895 -12
6965 7711 -8
7727 2722 1
7000 6360 20
1482 3006 13
3440 1085 -11
3290 2646 3
8718 1550 -17
507 4291 -1
1505 4216 13
3377 1239 11
3575 2530 -4
7898 1060 16
7774 7161 3
6318 9725 -17
6273 6101 -8
5478 8855 0
1646 1542 -8
4392 1204 -6
5487 6997 3
7363 3684 8
8119 6373 -2
7842 1750 -7
802 9158 -16
2331 927 10
6571 7405 13
7340 1597 7
1069 2092 4
5613 3942 -3
992 4006 -5
3429 4150 -16
2582 7210 11
2007 3027 -1
8037 5380 10
1034 7097 4
6235 6674 -1
1471 9643 16
576 5388 8
3403 1465 -8
5866 8628 -15
3125 2764 9
7840 1295 -1
7183 9290 -14
8362 9580 10
8110 2745 -5
7914 6213 -13
5227 9605 -13
3854 3195 -16
9730 868 -9
3340 7156 -2
115 6410 -20
8338 3189 -12
3440 5664 -7
6295 7222 -4
3545 9785 13
9543 2274 -17
822 3873 -1
5451 9647 1
6808 7882 19
9712 1468 2
6588 4701 5
1441 1569 -7
990 3671 -18
5675 8106 10
4313 5337 18
9025 5633 11
1839 9481 -13
1657 6421 20
6545 8776 -3
8401 4724 -8
6588 9619 -7
2122 4283 -13
3571 7378 -5
6981 7825 6
9189 4730 -6
208 7286 8
9265 2011 -14
7283 9934 -20
113 6577 -2
5116 4179 20
8819 3028 -10
3070 8608 -1
323 4237 19
6403 9937 14
7232 1723 -12
210 8513 10
9255 9215 -13
5154 6120 10
5493 4685 -12
6109 7627 -8
8367 2182 10
6450 528 14
1953 6134 6
4164 5346 17
788 9904 -18
5951 9697 -13
5782 1820 16
6262 52 -4
5223 1123 2
8240 417 11
2387 6520 -15
5351 7186 -17
5164 514 12
3622 4900 16
3517 1950 4
5399 8475 2
3867 5081 15
6961 789 -19
7746 9116 17
8832 9383 5
9961 4779 0
3843 5469 13
7690 2194 12
547 5548 5
7115 5607 9
9675 8308 -12
2444 3678 6
9861 1959 -3
2545 6260 9
5209 5097 11
8482 8321 -14
1586 7843 13
8965 3514 -8
7887 7899 -14
3837 6445 2
7818 731 -1
3855 1371 -2
4814 7745 5
1094 3903 -11
2246 2684 15
8751 8056 -2
4724 8282 -8
1047 801 -17
1099 7028 -10
2212 566 -20
8296 3808 12
6421 2162 -12
7024 6975 -17
6397 6855 0
959 8650 18
1140 912 -1
8996 7741 5
2153 2324 7
6042 6638 -5
6507 7515 -1
9631 2857 -8
1645 6918 -2
418 4168 -20
7419 323 -7
8942 4874 12
9336 1122 1
5902 2688 20
3248 599 0
1555 6040 -12
5553 7736 -1
1028 2168 8
1222 3148 -2
1746 7515 7
6516 1903 -4
4202 6333 7
5977 6185 11
3351 4551 11
1594 3979 15
2261 6229 -9
4340 2116 14
5024 3831 12
3669 6016 -6
2204 395 15
9271 372 -11
9729 7860 -3
5407 3361 -3
2130 2931 14
2582 5126 4
7636 3972 13
4643 7727 8
4897 9168 -11
4857 5729 -13
749 3985 7
5279 7909 8
8208 1282 5
116 7214 15
2218 581 -4
4308 2583 -10
1628 8415 10
3049 1992 19
7596 54 -19
5680 2968 16
142 9254 15
9382 3542 -20
3073 167 3
8298 8894 7
3676 4249 -12
644 3777 6
1583 2855 -20
8478 1197 11
2460 9376 -10
3448 4368 15
866 4363 18
2076 8131 19
5096 6680 -15
485 7762 -16
5597 869 -17
9659 3308 -15
5785 4662 14
4093 4159 -9
7930 7614 -9
7667 8357 -11
7470 7254 6
5739 8698 15
4059 7544 -10
9576 4854 -14
6680 3237 -4
1366 1171 16
3505 2642 0
4667 7401 2
7861 5108 2
9125 5441 20
5145 533 -20
3315 3642 -4
7820 1197 -9
9050 2830 -2
2450 7875 12
7081 8379 8
4261 6428 1
5399 9037 5
6024 385 -20
8957 6198 -16
3714 504 -14
5481 6280 -14
2429 4693 0
6620 9967 -6
923 9705 4
4917 509 -7
7533 926 19
5806 9914 -19
8824 2224 -19
6753 2664 20
9622 4391 -1
6997 3470 -3
5523 4180 -7
600 3028 -17
1972 6113 -17
3878 3774 0
3599 3541 -12
32 6766 -2
2899 3897 -18
5753 7085 -2
8858 3135 -1
3306 2177 3
2135 2268 7
5893 9376 -17
5320 8099 10
730 3663 -1
4482 4216 16
4572 2181 -14
6070 3717 -11
3671 4214 17
9307 433 -17
5756 337 14
6577 6684 -4
6375 1700 11
7124 7375 -17
9171 6098 13
6928 841 6
6363 5378 3
4658 3037 19
4073 8684 -17
1083 4934 11
6745 4512 17
7574 8438 -4
7623 9887 0
8634 6954 12
7174 7932 -13
8240 6612 -10
634 2047 -2
5545 2178 10
1462 2083 12
1498 1043 -10
7706 3567 11
1797 5574 4
2209 679 7
4711 1078 11
1827 9120 -1
7762 9600 13
556 646 7
7460 5869 15
1768 9607 5
8929 2399 -4
2164 6223 0
2598 3232 -11
9511 2195 -6
1559 5065 -18
7446 4061 -3
962 7916 15
7839 4296 17
4096 1054 -11
93 4615 13
8720 4850 -9
9531 8115 -7
7887 134 3
3857 7962 8
9844 3616 15
6755 8472 12
3408 9322 -5
5558 6197 -4
8122 9557 -1
1836 8395 -17
3871 4578 11
6807 9841 17
149 6789 10
9868 680 19
9217 6384 20
6908 3269 16
7575 753 5
1711 9948 -2
567 1434 -19
1784 4602 11
7214 4410 -4
7440 3670 11
1185 8888 -9
8911 8944 2
5765 8963 -7
6048 323 -12
7160 2841 -20
7672 4239 -1
8755 9384 -5
8728 6331 10
2693 3087 -14
2947 5921 14
8903 6904 -15
674 5457 11
4339 7960 4
9058 7987 1
6524 7249 1
8324 3487 19
814 21 15
9777 7686 -2
1491 9638 16
5343 446 18
2129 7383 -4
296 5692 -3
2561 76 12
5286 7310 -16
8006 6733 -7
6093 7188 -16
6426 2399 -6
6349 8624 -1
857 8412 3
5638 6860 -6
3373 3555 -2
6130 4063 18
396 5722 -20
4602 9414 13
381 329 11
7274 8220 11
6712 1184 -13
5296 7400 8
8760 1876 -11
7326 1962 -4
2347 8571 6
2738 5714 13
1974 2586 -19
9235 378 2
5715 2955 -11
1786 5761 -5
1031 6412 -2
642 5719 -8
825 7862 1
2523 6903 9
4607 140 -15
4087 2527 -20
6488 1076 2
1610 3801 2
6017 8003 -5
835 5839 13
5441 6083 -18
9109 506 14
1866 8870 2
5020 6005 16
911 4640 2
5669 4040 -18
7161 394 14
4002 8801 -7
6294 6148 -8
5641 274 19
5151 7111 -20
6345 9871 5
7512 805 5
9580 3313 9
207 6824 8
7962 9859 -9
4264 6268 12
2584 4919 11
5813 4095 11
8300 9896 20
5656 7807 2
6999 2116 -17
7278 5142 8
5847 4891 -15
9244 7331 2
137 3181 13
4944 549 -12
3050 8015 10
8842 9054 -3
8891 5221 8
7916 6632 0
6848 5568 19
3795 4964 7
4379 687 0
2358 7672 3
3038 6570 -3
1500 2101 -15
950 6903 6
1420 9706 20
947 2547 10
8572 7933 9
8872 4381 14
5945 3599 -11
4774 3592 -9
8726 6968 11
9832 3605 3
6587 5476 11
5813 470 12
6846 8904 -17
4523 812 -14
6520 5042 -4
9184 9142 -16
5015 3953 -8
7965 9674 -14
3906 4200 8
3261 7216 -11
7683 1517 4
7991 5250 -4
7703 7505 5
3742 7696 -13
8055 6732 -19
9230 8636 0
6561 5186 -18
527 4139 4
5433 3198 5
7175 806 0
6079 8390 -20
8664 3001 -9
1764 8897 -3
5514 2402 -13
6486 2772 -7
6172 7693 -11
4740 8939 3
5688 3838 -18
230 7405 16
4029 7678 4
691 4533 16
5765 9161 -1
2344 2354 7
2930 9737 -17
5530 4137 6
6654 138 15
7332 3909 20
176 2992 9
6276 5121 -6
6840 691 10
3353 2951 8
4901 6543 -11
290 3082 10
8039 8360 -13
3900 5703 13
1162 7800 -11
933 8230 -17
730 7703 -2
7482 2691 -2
3291 7858 -10
2800 9590 -15
7343 7607 8
4401 5424 -13
7304 3817 -10
1006 9647 7
9476 4008 -17
9997 2042 2
5629 985 12
8705 9612 17
802 7255 9
6544 2277 -6
6331 8905 4
9543 9862 19
5027 3864 10
3504 8954 2
7823 8793 20
7310 281 20
5415 6654 -11
3287 5230 7
3963 3734 -9
8235 7449 -9
455 1035 17
2752 7967 10
157 9359 -12
2355 3635 -2
1568 8851 -5
8364 3882 -9
4765 5537 -6
2435 4452 2
1514 1576 -14
8446 8613 -13
7085 7422 13
5894 7439 15
8300 162 -3
1178 7581 8
192 2868 -3
4694 9604 -2
9204 7719 5
4818 5761 -8
5740 9675 1
7959 2205 -15
8823 7058 9
5730 2486 1
1775 6968 18
8904 3333 -14
2125 1296 -13
4973 4573 10
4506 6867 -6
6875 2427 -10
4897 4217 1
6693 699 -9
3099 8457 0
5805 5040 20
5211 2007 0
1070 4558 20
1828 1177 -6
4856 8062 -7
7281 9541 11
9782 1089 1
5527 7087 -6
6118 158 8
5154 6757 -14
4446 7621 -19
2319 5043 12
5708 9890 -18
919 5102 5
7267 9344 17
9210 1423 20
4282 9827 -3
5873 9049 -5
4763 2106 -19
9892 4135 -19
9155 3107 -18
8939 7159 1
6138 3068 -17
9535 1610 -5
7437 441 -9
6118 7993 -4
7538 1851 16
6355 5215 16
9539 3137 -20
2087 4327 -7
6093 6173 -7
8665 2862 10
8496 8299 2
1082 815 -3
1054 393 16
4259 71 -13
412 1068 15
404 5869 13
3285 1783 19
1100 7506 9
5339 7340 18
729 7704 10
2028 8485 -18
9480 793 -9
6835 5406 18
6343 1790 15
3215 4206 12
1835 9282 10
9593 3168 2
7206 5853 -17
3380 7401 -11
9496 7231 19
2142 9332 2
8510 2257 14
691 9769 -8
8175 1662 6
8966 1775 -9
7058 7615 15
5821 9595 -1
6674 6001 9
3287 3777 -16
4561 1594 -17
8329 8363 -19
1506 7802 13
2819 305 7
2733 4943 -8
3209 8731 5
1828 8893 0
1568 4107 -13
4918 7134 13
2996 4105 -19
2075 9079 -17
5448 8421 -17
7146 2518 -9
8434 3546 -11
6509 9116 -10
8657 5914 -20
3744 165 15
3808 8168 1
4886 7756 -13
3152 2121 2
8820 6447 -12
7898 7010 5
95 97 2
3377 3243 5
1265 7553 11
3690 1701 -7
3130 5862 15
640 9944 -17
8060 1083 -4
6656 1500 5
5117 3306 1
7408 9853 -11
4795 7272 -17
5139 3152 15
7433 6681 11
7285 5220 6
3249 6734 -20
5776 1338 11
5727 1593 -20
7621 8902 -13
7065 7167 -2
7171 5041 7
4695 8783 -18
3059 9069 -18
8220 8780 -12
7278 6178 -4
6102 9132 -14
7488 5868 6
470 7891 -20
1917 7485 1
5888 1799 1
3724 9225 14
81 745 2
443 942 -16
2908 9013 8
4050 129 -7
9808 4624 7
9869 8098 15
1781 6082 9
4350 2740 -19
653 7373 17
8665 1420 0
7194 7519 12
3963 2414 -14
7600 9563 13
6444 819 -2
4448 6803 -6
502 7431 8
3352 5480 18
3208 3607 2
2316 227 5
9646 6303 1
7701 5241 19
55 941 -8
7885 6095 -19
7628 7566 20
647 9114 18
399 8796 1
7955 8938 -17
8014 696 -2
4107 6389 5
6259 8047 16
3051 6961 -2
5585 9380 -10
2288 2269 -2
8127 9322 13
7728 7827 18
9849 8694 -4
2548 5282 -8
3224 885 -1
5412 8008 16
9158 9894 -8
1835 987 11
5226 1861 8
3813 9191 -1
7864 3170 -9
2137 6030 -15
4089 9780 1
8748 105 9
415 6925 4
3258 4920 -15
1328 7342 19
960 452 8
5391 9809 10
1135 4434 6
4746 9974 14
1587 7611 19
2448 5318 -16
9959 3531 -16
4286 8906 0
2835 7875 -7
2837 4407 -8
744 6247 1
4393 6765 9
767 1406 -6
3350 8438 9
9740 7830 18
100 4028 13
5016 6613 12
8905 1695 -12
3185 2756 18
2241 129 20
930 6071 17
6363 1972 -12
3551 4974 2
1323 5587 3
3160 8643 20
9684 4309 9
1426 9691 -20
4094 4697 6
1071 952 16
100 6784 10
7734 6903 -6
2539 5417 -1
59 8009 18
1159 1231 -4
3829 7211 7
7730 7593 5
7312 2653 19
7034 8973 0
1402 3394 -13
9583 5501 -18
769 8228 12
5770 8604 -6
6140 6711 -11
9606 5223 5
6714 5488 0
5164 1472 -18
5144 1979 -1
7954 7917 6
6747 7126 17
2819 6539 -4
9010 677 4
2064 1246 -10
9903 5778 14
4107 8465 12
5912 4766 19
5892 367 -10
9845 6780 -14
309 3711 15
4204 344 -6
5021 5877 17
1609 8810 -17
4051 5821 -1
1770 7239 18
3704 2253 6
7816 3418 -12
1913 3936 17
5668 526 15
7650 9214 -12
2135 7766 -9
7466 1666 14
3819 4352 20
6661 9356 -15
7690 923 -8
4613 1098 -10
4641 794 -15
1995 3332 0
6872 4098 -2
9340 1445 5
3290 4451 -2
9545 8725 -11
5173 8198 10
6113 7611 -2
2451 4417 19
7493 5803 -3
8012 5728 15
6257 5850 20
1947 8563 -16
8475 3689 -5
451 2127 6
7304 3433 16
8681 3769 1
6010 4841 -3
2335 2262 7
1176 9627 5
7057 8447 19
2273 2917 0
805 7796 -9
6577 3789 2
9452 3405 1
5671 6268 8
8201 3943 -10
6712 6858 -20
6039 7914 5
5453 4696 20
6795 2532 -4
1546 3862 8
1854 1076 20
4633 8596 -8
936 1253 -8
1778 0 -15
8746 2856 14
3734 3187 -14
2435 7822 -17
4133 1693 7
7589 222 7
2823 1644 15
9696 6573 -6
7096 9170 -6
3375 3128 -19
2649 4188 9
923 9278 -18
4404 6763 14
2909 9828 2
3142 1129 1
5522 1706 0
2969 3474 12
5601 3795 -18
7192 6483 -12
1775 2131 -7
8297 2217 -20
4877 3036 9
3353 173 13
2989 9059 -10
788 8482 -9
8318 4877 -17
1551 5502 5
9161 3981 12
1123 9511 -12
309 32 -19
2960 441 0
7774 9336 18
8071 9205 -10
1370 2482 5
9424 1505 16
5167 3951 -11
1180 9618 5
1026 3480 -19
6240 5392 -19
8860 7205 4
228 8680 -18
7702 9884 -14
8045 7995 20
2020 5130 16
9327 4236 -8
1201 3891 9
3862 6906 -8
1825 5162 -9
7500 6716 -19
3700 4601 -7
7708 1267 20
2501 4679 -9
7463 2075 8
1045 8670 -6
133 6641 19
1292 2164 -11
9558 541 -1
3857 8391 -20
6994 7711 -16
8326 3528 15
3421 4704 19
9021 8477 -11
4681 4926 3
2434 63 16
1419 8335 -17
3691 4993 19
8328 97 -1
537 2530 1
3628 2854 10
1862 1390 1
3924 6831 11
6051 767 -19
9784 8568 -5
7288 2499 -1
8171 1387 18
550 3567 -2
6370 2406 -10
7782 6088 -1
3296 1624 -5
6385 1958 16
83 4220 -14
4524 8715 -16
4446 4713 8
828 9368 7
1208 6385 3
8545 5666 9
8220 7519 10
6101 9228 -11
5431 3334 4
162 7659 -17
9210 3219 -20
6399 2145 19
2411 1495 20
7124 5743 18
6800 1384 -12
9074 4885 10
2784 1596 -13
7640 7733 15
2571 7535 10
6821 4923 -6
7536 3387 10
7335 3033 18
3201 1473 -9
4778 1142 -12
4013 6658 -18
6761 9877 20
1131 6962 -5
3914 6623 2
2341 848 -4
2639 2575 -2
9821 439 18
2734 3186 -6
2666 7465 14
1201 1803 -2
2190 1414 -18
1501 7963 16
9812 3094 -5
8301 2074 -5
6094 7516 6
9919 6566 -10
7397 9546 13
1886 9630 -4
8977 3075 9
53 4283 10
5826 5304 -4
6315 428 -14
7922 1560 -19
8523 5795 -6
459 8384 5
9618 8465 4
4115 9138 -20
9441 5947 -9
6604 9362 -14
5992 1569 -9
5260 961 -12
7552 8953 -10
8071 8660 -3
441 7033 17
3366 293 -4
3901 6432 19
8699 4487 -5
5705 6324 -7
1932 4261 -19
5786 7494 17
1876 8965 20
48 7850 12
2964 3806 6
7155 6667 -4
8197 7338 -18
2965 877 -10
2642 8026 19
3442 6510 3
4492 4186 18
1534 7800 12
7594 2700 -1
8155 675 -9
4285 7344 -9
5995 2770 17
681 7323 17
9782 6023 -2
8368 8874 4
3962 6825 -3
362 6816 -20
4206 4905 3
4630 9871 -17
1975 6286 16
638 1830 -2
7435 6437 -3
8589 7524 -8
856 9536 7
5578 6852 -10
4886 2481 15
5515 7075 -13
6967 6074 -17
1387 1209 -20
9650 8008 -16
7095 8176 -7
1399 8797 -19
1148 3748 -2
1798 3476 -4
5550 8157 20
8273 2805 2
8035 8138 -20
5681 6183 -16
8605 4636 -10
7663 3625 -9
4694 9895 -6
4861 9802 -1
5187 9307 6
3623 6749 -7
7815 2179 16
4834 4495 -8
3406 1808 18
5385 6272 20
902 971 8
3685 1946 15
1895 5568 4
3230 9947 -6
4402 2462 19
5833 2987 -12
1503 2396 -17
2608 4222 9
5581 8782 4
3429 5360 -15
6938 830 12
315 9906 -12
2078 5915 -9
2974 7051 -17
5842 4131 -16
5550 7775 6
5060 3747 -4
560 3431 7
3171 6375 10
5634 6772 11
5284 3116 -6
1277 5467 7
5525 1259 8
5623 1588 17
4497 4562 -10
5748 6622 -1
6088 563 -12
1857 7004 -11
2455 2589 10
334 4189 3
7559 1651 -5
8658 1119 -10
2478 4414 15
3218 6841 -19
3105 410 10
7278 7130 -10
8362 2433 19
227 6792 13
4406 1374 12
1125 1595 -16
3566 62 16
8952 8105 -9
3720 3429 -18
8894 6628 -13
1357 1161 -10
4260 3927 -16
325 3564 -4
7413 7574 -16
1358 4186 -12
5441 3109 19
2069 4360 -17
2191 9589 10
9073 3025 -17
1109 8212 -6
6723 3192 -8
1803 2028 6
1747 4159 -7
608 1280 -7
117 9355 16
8349 2314 19
3822 8857 11
3171 1428 -1
4308 8130 -7
1027 6711 -14
4019 6742 10
7439 3910 13
2370 4176 2
1938 3371 -3
8055 706 7
5251 3817 15
8530 2302 -5
5353 4982 17
1975 576 6
7991 8642 -2
4364 5724 12
4099 2090 1
2526 3605 6
3054 1823 -5
3339 7649 -11
6467 7668 -6
753 1221 16
2717 5058 15
3553 1203 -8
7995 5605 -11
9269 115 -9
6909 3777 15
8404 1543 4
3236 2765 3
4181 8173 -13
1975 9310 -5
7386 6403 -8
4936 9051 9
4529 5502 -12
374 293 -16
2898 7279 -13
7603 8564 -6
761 5628 -4
3845 5611 3
749 2784 -19
3536 1305 -6
6857 1314 6
4902 6733 8
7396 3728 -19
2176 6611 -4
5891 8341 7
6020 105 -12
9001 4462 -16
5999 7947 12
7285 4223 -2
9186 1492 -4
8055 2294 -6
1781 7784 -15
4666 5839 -19
4652 3419 15
3133 3352 -20
6822 9609 7
8412 5245 -3
3081 436 -11
4510 1021 -3
2577 2978 16
1987 9221 -2
3653 625 15
9187 4679 -3
3176 2615 -19
7000 5545 13
3152 5828 -16
6282 2506 5
9613 2627 -17
3376 4220 -16
2482 7953 8
9637 101 10
7608 1317 -7
6059 3847 13
9099 5091 -13
9109 3621 -7
3633 5528 -4
7864 2533 -5
8186 4087 -17
7740 9146 -1
9364 4909 -8
2291 9519 14
6674 9423 11
2728 8730 -4
3477 6824 -11
9439 3379 14
7946 6673 17
5351 1014 -10
9196 3056 8
1229 4109 12
385 1314 2
1383 6214 3
9049 4529 -20
2792 7900 -15
7830 9423 12
2813 3424 -4
2984 2488 2
8754 6928 17
8860 1299 8
333 9152 -13
3433 8546 -18
5567 1866 -8
9874 6537 -11
4877 1774 -10
5063 5403 -11
3288 2180 16
4489 2858 14
6407 3924 15
4535 1694 -10
1307 9319 0
8469 7229 5
8061 4700 -4
7632 907 -16
2280 239 -5
4934 2641 7
9006 5240 -8
4655 1623 -19
7853 9357 0
8080 5355 12
1457 8178 11
8931 5816 10
2905 5361 4
7843 7533 -7
779 6885 -18
5149 8035 19
6187 6162 15
8197 1930 18
3784 6810 -20
874 1950 7
7142 8747 -15
185 8136 13
4266 5842 3
3838 3401 3
5699 157 -13
6865 8701 -11
3753 1561 10
7499 2397 11
9332 8526 -17
5047 2220 -7
1467 8891 9
565 2593 -20
8987 8632 -15
4392 6100 -2
8744 3767 3
1324 3675 -15
1938 2339 -8
4366 4111 15
9089 6651 -6
6482 2337 -4
3725 3489 -18
7939 5840 -9
7167 4565 19
8262 5222 3
5261 8728 16
1781 9408 -14
6847 7009 -13
8178 5821 16
3841 7720 11
8669 9674 1
2604 1325 -18
1300 1326 12
3916 9618 20
1002 2130 15
9838 1636 1
4124 2714 -6
3203 646 16
1028 9603 7
4041 1572 -2
4015 5812 11
8139 2245 -4
2903 7103 18
2776 9728 1
6153 3143 -2
3532 6510 -17
8679 6337 13
8548 9289 -3
6784 1706 7
2817 9219 -14
7223 2387 14
6894 6429 14
460 7878 9
2686 6276 2
7273 1603 -8
6668 1005 -15
1046 7702 15
4765 3256 -3
9468 4886 -18
5422 7646 7
7674 4078 4
8783 20 -15
2793 3404 -1
8020 6928 -15
139 3610 18
2299 3878 -3
9511 9202 10
5336 5265 13
7946 7898 -1
5857 4839 -3
6078 7133 14
8050 238 -9
4539 6051 -6
298 5712 -16
388 3669 -19
1166 5806 13
6512 8018 -2
4653 7296 4
8719 8081 -14
1832 5828 -15
8177 944 6
6535 472 5
9920 8438 7
2649 5277 3
9347 4122 -16
7610 9236 12
9942 8923 2
548 142 8
5336 8504 6
3967 1902 18
8834 224 8
3721 8642 10
5463 7308 14
5540 1420 -18
9707 2654 19
2442 7892 -14
4836 5604 4
1849 1105 2
4419 376 -4
6453 7533 -17
5932 3035 8
111 6059 13
5039 7835 -13
3933 718 9
5822 1042 19
6834 8911 2
1053 3724 -7
348 7801 -3
1937 460 -5
4690 538 2
1547 4690 19
8652 4133 2
4202 6786 6
3606 8584 20
216 9763 11
7265 1185 -20
2642 6288 1
5011 2771 0
9164 8849 -11
1189 8082 -12
2105 4550 -4
3273 5397 10
7284 9247 -19
2135 132 -15
6769 2909 5
5311 2374 -13
7232 5173 15
1203 7821 3
2437 4473 -12
4904 6408 -2
1380 313 -9
2531 4272 10
8943 4148 17
5790 4091 4
6985 5426 13
5765 3286 12
4989 7309 4
5877 9478 -11
4264 6269 5
2678 4295 15
3290 2638 11
6360 2760 10
5268 5023 7
5242 5924 -6
5475 6778 3
8287 3091 -8
7665 2630 16
723 1692 -12
7318 4579 12
8058 1266 16
743 7341 -3
5899 4148 -4
3729 4486 -8
7513 1065 1
6124 4920 -12
9900 3367 13
5741 4062 -4
9246 6043 -5
6513 7039 14
3013 7573 15
7145 1597 -15
716 211 17
774 5656 -14
6347 9620 15
8395 7048 7
2355 7803 -17
6634 5192 -3
5542 4938 -9
7924 6486 -14
6371 3076 7
2122 2716 -8
335 7453 -14
9432 6048 16
1103 1096 9
5595 1603 5
1272 2721 -14
1254 403 16
3412 5143 4
7886 228 8
4498 848 0
563 710 18
1151 3120 -16
8591 9498 1
3217 4815 -9
2256 4329 6
6081 2146 -16
3582 3769 5
5811 481 20
3895 9124 7
3429 6263 -1
2165 2177 16
9840 7490 11
492 947 11
7745 2774 -4
4113 8526 13
4987 6392 20
4468 3410 -20
715 6401 4
3205 9362 -2
1349 6302 -12
1309 5843 -3
5928 1120 -19
2396 1907 0
7393 8369 14
4674 4185 20
6991 9966 -4
9632 2374 -4
7893 7088 13
3067 3906 -13
4979 6926 -12
4280 6631 4
7302 2453 -1
931 454 13
5178 1851 1
7223 4991 -13
6999 9296 -13
6008 563 -16
5349 2140 -8
9313 5059 13
1621 5591 6
8239 6478 19
5183 6986 20
3961 682 -10
4932 6210 12
7557 7227 -13
4896 4593 -2
4327 2875 2
8362 8642 8
4599 6283 -20
220 2357 11
5089 8407 16
2822 1832 -18
2363 530 1
8980 6904 5
3987 7896 13
7911 4481 12
6088 4041 6
8863 6062 -7
99 6991 -17
8490 2954 -15
1083 6640 19
9268 4480 14
3417 61 20
3245 4759 -6
2377 9940 4
2294 5827 -13
4322 7622 0
2327 5902 -9
280 8745 -10
8333 6516 3
9521 3752 -6
468 5572 2
9653 2719 -1
2162 2758 -11
577 4047 14
5275 5441 -16
2272 7389 1
8265 5205 0
5242 963 13
2973 3282 16
9350 4611 6
1782 500 -7
1810 8223 -19
4278 9482 -2
9598 2346 -7
9130 6177 10
9690 9019 -5
4219 3736 13
9107 1718 7
6017 9513 19
978 1450 16
7929 7797 -1
4326 2685 9
9825 1164 14
429 4914 -1
6396 1382 1
3118 1625 6
9556 6106 6
7694 5721 5
7605 6451 -1
1630 7902 -4
1718 1207 20
8671 982 -16
6816 5343 12
9089 3275 8
2246 3921 2
9345 940 1
9276 2100 -6
5053 9278 -1
5851 5051 -7
5132 4449 -18
2788 2492 -6
5335 7733 5
7307 6209 6
7721 7196 -12
6957 7695 8
1932 3734 -16
8533 3220 5
7798 6708 11
73 594 -2
8347 9873 -13
7172 4877 11
3170 3728 20
7194 1513 14
3478 1287 -7
4151 6028 7
2228 9470 -13
6158 1720 -5
9954 9880 -6
771 3830 -3
8356 8417 -19
864 2304 1
8014 9678 -10
5873 392 3
2862 4769 -6
5162 9711 5
9617 155 -13
9432 9077 -13
5487 1004 -20
8038 1260 19
2224 6372 1
9126 9670 15
2578 8704 7
4922 347 19
8138 4386 -2
3539 2635 9
6590 5796 -9
1049 8955 -18
5561 1409 -18
4197 7397 -19
7087 7689 4
3159 995 -8
3911 3883 -5
8430 8571 -17
9900 3932 13
8837 7921 -12
8139 1627 1
1786 3165 20
9668 4452 13
2717 670 17
7913 476 -1
4153 5812 -19
2433 3120 -20
8005 3862 2
3295 6517 -10
8226 4046 15
1068 2043 -14
5081 438 16
4871 1491 -14
6947 6685 -8
4820 5625 -1
5663 8362 5
7192 8224 5
6591 2264 1
2472 4395 4
3485 1714 5
9487 4262 -19
8167 1529 -5
5883 5066 13
321 2503 4
8645 9097 -7
9718 1759 10
8917 8165 13
6314 8832 -10
5846 6470 18
2093 4305 11
7904 991 15
4758 2233 6
1915 7686 2
91 7213 -2
6207 2046 16
614 39 -20
6309 6484 2
9556 5512 -7
9541 7021 19
7241 4660 19
3914 1209 19
8187 9119 6
8297 6478 15
5102 3255 -2
7753 9393 -17
3233 7016 -16
4385 9704 -17
6499 9726 0
9742 6511 12
7034 3446 19
1905 7923 -14
4667 186 4
2631 3815 -14
4844 1039 0
523 9373 -19
9024 3811 3
8441 1084 4
8732 6633 8
3168 5200 2
1378 9544 -18
831 6187 1
6573 9032 -2
6243 571 15
177 5114 0
9711 1916 -18
9484 1061 -3
3580 9103 -16
7100 351 -11
7989 2549 9
44 1638 -12
562 2612 -8
9273 5877 -18
3624 138 -4
2878 8316 8
4729 5213 17
8585 1958 -13
1103 5262 18
2331 1419 20
4161 9027 -18
9236 6708 15
459 6198 9
1571 9159 -6
8109 7737 1
4120 7148 -5
7702 180 0
5913 9765 -6
6029 7264 14
2851 5170 -17
3698 8696 13
1064 8728 2
4940 8132 -7
1655 184 2
8058 7168 15
6089 7034 2
5428 9260 -9
6432 5687 -19
128 196 18
6573 9436 -5
8679 6512 13
3851 548 7
5533 3740 -17
3981 7756 -3
6167 4278 -13
7821 9794 -19
4835 6218 1
2899 6366 -4
7238 7185 -17
5298 3494 9
6578 522 -10
2418 5395 15
7520 9158 -17
8829 311 -10
5026 5499 8
7898 6202 9
3661 7121 2
4691 1436 -10
3608 9758 17
4658 9266 0
9241 757 -12
5348 8824 -8
5928 930 16
9680 4972 14
2845 3153 0
4014 8097 -5
1644 8993 -14
5185 3622 -15
7711 9896 -9
705 2527 -7
1147 391 -7
3616 8554 7
414 6762 -10
3499 7069 0
7005 8609 17
3432 8316 5
9384 7835 -13
1307 2416 -10
5872 5395 -9
7794 3538 2
6318 8954 5
7268 9974 0
7919 960 15
7299 8851 17
3226 1651 18
8494 9156 -15
5679 3671 6
3174 4824 10
2525 1169 2
7500 6907 11
3956 364 -14
5786 1252 -16
7313 6012 -10
5866 9413 15
6768 462 3
498 5010 -6
249 6451 0
4298 5148 6
9338 9908 -15
4871 8463 1
1753 6148 -13
4983 1962 -20
4856 3106 15
5510 9337 1
7433 3388 7
2468 6533 12
9415 8224 -19
8517 3286 7
7302 5015 -13
3794 654 19
8426 5034 -3
4591 2784 5
8968 1813 11
510 3161 -2
7974 9446 -19
4542 1 -8
7483 8845 -17
4210 875 11
2036 3027 2
2128 6752 4
7787 2469 16
6565 1738 8
9336 5118 -9
8267 5948 -10
9633 85 20
4441 7781 14
3386 5968 15
1753 4761 -4
6345 2528 3
4461 562 11
5775 6466 -7
8613 8114 19
4374 4703 1
5729 1179 5
2498 9692 17
7598 1982 13
3168 8073 16
3761 4966 8
8488 9262 -15
802 5780 -10
9101 2088 -5
1496 7644 6
5992 5140 10
4053 9515 -5
618 3446 11
5236 7496 4
1944 2089 12
9672 7552 16
2619 3999 13
6511 7480 6
3091 556 11
2533 599 15
5455 9728 -18
6808 4475 -15
7294 2019 14
579 5391 -11
7667 9984 6
269 5914 8
1526 8300 2
7443 4090 -6
9815 1323 -10
2475 5324 -11
6585 8277 -16
2894 7635 -10
8923 2642 19
5530 8158 5
4044 8756 3
9279 5715 4
2111 3601 -12
2622 1544 8
9401 8141 -19
1396 9936 -7
4589 1654 -19
3793 7360 9
837 7877 -10
1069 9223 -6
321 3692 -4
66 423 -9
2717 2264 20
1914 3140 -9
4546 3839 13
2760 147 -10
9452 9295 0
4319 722 9
2322 3001 -16
7744 9194 0
807 7940 -16
6802 4058 -12
8999 9420 13
8584 5593 18
7360 9731 -17
9342 6066 -5
1299 8219 7
170 179 -2
7826 5649 -8
5008 2296 -8
6949 7202 2
6645 920 7
4558 1944 -14
9652 3945 0
4572 718 9
3748 2076 13
2436 2736 7
372 3585 -5
7312 9617 -17
1691 5520 -20
1939 467 -1
6454 4016 9
3744 6673 15
5206 6239 5
2035 859 -1
1692 2578 16
6256 2824 17
7397 4189 6
3299 8745 -11
1204 9602 12
3892 9634 16
840 7155 11
8367 9417 6
4886 2805 -1
9868 1591 5
2623 7292 19
1162 2363 -5
5980 2697 5
1877 5989 -19
5487 9317 -17
4803 3117 9
7178 6142 12
5898 7865 15
587 3504 5
3379 2934 -11
6917 6629 8
6247 4986 4
7091 533 -3
5155 2361 16
3620 412 16
9503 7637 -16
9251 112 12
4800 5381 17
5144 7521 18
9837 3432 -14
5774 6851 1
5902 346 -1
9775 7538 20
7321 2192 -10
6250 8997 11
7895 5107 4
9843 339 15
4566 1262 3
3984 2722 10
3508 7261 -5
875 3782 5
2902 2801 10
82 5233 3
2125 2262 -5
4406 2074 10
8209 6255 17
1042 6023 18
433 5034 -17
1942 1481 14
9938 4311 11
6476 510 -2
7950 5077 16
6073 9125 -17
1804 5864 5
9043 7090 6
4778 3097 -13
6049 497 17
4458 4899 -1
5755 9896 -15
5147 2275 20
664 1861 -15
6121 8897 -4
6920 2858 -2
9261 3022 12
3031 1161 -15
2310 8971 1
7885 7680 -11
4243 9065 15
391 8493 11
7130 2165 13
3640 8913 -16
5037 8685 -11
780 8876 -7
6523 3479 0
7259 3792 17
8141 6348 -9
3460 7469 3
1542 7091 -18
9959 2419 12
1601 4953 12
5233 9181 -18
9031 5998 -8
8190 3639 6
6267 5242 -5
6281 5753 1
5081 2445 -5
3541 6958 13
4790 8176 -16
8552 4069 4
5186 4021 3
4377 1088 -5
9409 2125 -4
102 2211 -8
7153 97 -7
3589 841 -4
5019 2931 17
8475 5092 10
1751 8436 -18
6429 9905 -7
2522 3704 -10
9667 1662 -18
8065 1314 -5
6001 8670 19
36 9554 8
5524 6607 -5
5216 463 19
7322 8984 -6
7679 3280 16
8592 3607 10
3273 3192 4
8448 6181 -18
561 5217 6
6034 9592 15
2918 6949 -9
767 7626 2
6157 9550 -18
9156 6186 -11
3511 1946 5
4789 4171 -5
9158 1431 7
9676 4699 -19
3351 8779 12
6696 5638 1
7585 5055 16
9632 3279 2
3964 9318 -6
165 3873 -4
2218 1849 12
4116 170 5
9896 81 3
5655 9347 18
3738 2478 -9
9559 3548 5
2665 8239 -10
3894 5706 -19
2383 2380 -16
1250 2164 16
5318 5247 -10
1774 2242 -8
2967 125 -4
2437 6211 -19
7022 1615 -6
140 2908 8
6476 978 7
1536 6606 10
8367 8278 -4
8584 6168 3
1297 5073 11
7972 7270 12
7615 7008 -13
5957 5700 -11
6939 2275 -9
2973 1352 -6
5792 6405 -16
9571 1449 6
2062 9638 11
5897 72 9
2156 9612 15
7307 6610 -13
5410 6568 -13
875 8298 -4
1720 3973 4
9408 6184 11
2180 7080 16
5863 3319 -17
1428 1732 1
9144 402 19
7699 3413 17
9708 9957 -5
2828 754 -19
3371 8943 2
9031 9060 0
6263 1014 15
9390 7136 -15
7401 3863 -17
3472 8854 -14
6870 2093 -10
2071 5055 17
2174 2653 19
6471 8107 12
2372 6562 14
4139 6849 18
4883 3576 -7
5824 298 -13
1299 3385 -14
4168 3831 1
3348 2933 -12
1090 9039 -10
3641 4802 -12
6586 9366 16
8460 4993 -3
3483 3372 11
7393 6533 11
9549 8261 -3
3776 7605 -18
961 3649 2
8862 5991 -12
8277 708 5
5987 6017 -16
3901 5503 -10
7403 2584 7
391 9291 12
1360 3416 16
5620 9663 2
3709 7729 0
9948 7381 -1
7996 8815 2
2494 8376 -20
9460 5967 6
1294 1799 8
6465 2163 -19
2970 3758 -4
7409 1155 7
5400 7843 -11
6000 9473 -12
7967 5111 7
9688 3746 -19
8326 4182 4
3998 6008 15
8829 9458 10
7131 1809 14
4341 2892 8
8202 5345 -4
758 2990 -12
9144 6628 -16
5439 5213 14
8202 3819 11
2330 7939 12
4470 6946 9
6395 5251 9
3033 610 -17
7182 3838 -6
5785 5433 -16
5846 1903 -12
9576 4243 5
5201 2163 7
8555 7341 -2
8238 546 -14
1985 9676 12
4838 312 17
538 1267 -7
6554 1192 -12
2368 8848 -20
5483 2091 18
5213 2833 -1
6422 2267 9
651 7832 -7
7392 138 4
8547 3966 -15
892 9475 -14
7640 1486 -16
9930 1518 17
2007 9764 -8
4267 167 17
8983 5431 -15
6256 8602 19
6095 7964 12
6631 5975 -10
2047 4098 20
8623 3252 18
837 7930 -18
5775 5259 -18
324 3665 4
6996 9266 -5
7170 9813 -3
8872 4411 -5
254 4229 12
2319 1793 -12
2918 7690 5
2389 2459 19
2365 6785 10
6325 7341 -12
2382 4280 -11
1311 1374 -14
3845 8407 10
6282 2282 -5
445 4918 -11
6577 6235 14
8212 6176 -3
3060 8195 9
7324 8360 -9
9815 7675 -3
976 7680 -18
1020 3323 5
6545 1738 -19
5737 6284 17
4730 5217 -1
1287 8273 -7
9223 2925 20
9405 272 10
6514 5852 11
2215 874 6
4346 2363 -7
1894 1447 10
5315 471 12
5800 9737 -15
1217 2235 16
7391 513 10
5150 4094 -2
7690 121 -7
4341 9564 -16
4245 794 13
3496 6308 -9
522 3701 -18
8371 9805 8
5911 5973 4
7356 7144 20
9746 6911 -7
7322 5512 -15
2997 4622 3
1717 40 7
7605 7890 17
5271 5608 -9
4476 7146 19
2880 3547 -19
614 5242 -11
7557 1911 11
1223 758 5
4027 5159 18
1367 3246 -7
1440 5316 -6
5178 8366 -11
3913 1148 -5
7943 9068 -1
6969 8928 -20
7732 1485 6
2428 3544 -4
443 1801 -19
325 5424 -10
2056 1777 -20
1286 6576 -12
8357 955 -20
247 4520 -10
7230 7858 2
4112 7264 6
5578 7721 17
8991 3660 -17
8661 2120 17
5868 3458 -6
2898 7324 13
1897 8319 12
7345 720 14
4896 6677 -8
4443 1567 11
3401 593 18
2924 3496 12
3442 6401 -5
1643 7413 -18
2127 2590 10
4319 8208 -6
9952 5632 -10
7168 16 18
8029 4138 -12
2214 6705 9
9803 2109 5
3852 4045 -10
8361 8137 -20
9652 7681 14
9434 5820 -13
9230 301 1
4619 1018 15
9007 6964 20
5919 7444 -9
6214 1142 -14
3556 9566 5
8635 2282 -11
8361 9950 -20
7783 891 -13
9479 9816 -9
7815 7443 20
8254 424 19
12 9959 -10
9539 6777 0
2229 3683 -19
7020 4271 5
5164 31 6
3853 6074 12
7847 4804 -19
8045 4019 -11
4331 4243 3
7886 7344 -16
8316 4886 20
1177 7971 -14
1963 2836 -17
2699 1446 -2
8069 4112 -8
68 2904 -13
2907 7486 2
1731 7924 16
8752 8373 5
5946 8087 -9
2406 1912 10
8809 426 -19
3593 2954 -11
65 8579 18
876 3182 0
4205 9499 6
9134 5807 -13
4887 5302 -10
5197 1501 -2
286 5321 0
7084 7583 -10
1277 3588 -1
7531 6923 15
2620 6653 6
3728 6045 14
4128 2217 12
1948 6253 -2
1568 8246 19
9778 8083 17
1443 889 3
2772 7137 -16
38 3364 0
7389 8055 -14
4729 2971 -11
3372 8355 -3
6827 5127 3
6415 90 4
2956 5838 6
1293 1912 -12
7401 1025 -9
445 7946 8
4848 1011 -2
6679 7523 -2
9763 3758 20
7450 1310 19
9110 747 -13
4600 3082 -10
6620 5167 20
9846 4641 -14
1768 924 8
611 7099 3
2663 3986 17
5351 1700 15
4572 6491 6
38 5919 -19
5089 1936 -15
9444 9616 15
8819 6891 2
8030 1331 3
5608 5840 -13
2343 3723 -20
3654 2721 -12
3311 1933 -8
5030 9545 14
4874 2075 -5
5736 428 -12
5948 1712 12
87 1810 -18
907 3839 11
9661 2508 10
8027 5110 -17
934 5312 -1
948 1205 12
3659 1616 -2
2587 3856 -1
2185 3514 19
1429 6487 -1
4766 4755 7
4666 2753 3
7420 7834 -10
1723 1248 11
4067 2879 -1
7316 3132 -10
418 5604 -19
9390 1413 -17
7480 9302 0
4151 6240 -1
8243 1229 -15
6320 1741 -11
2858 9549 4
1611 8193 -19
3647 5192 5
825 3555 2
9904 7351 13
2713 4564 16
3185 5977 3
3919 9226 -19
4591 7230 -12
3867 9932 -20
4086 1451 17
360 3121 -3
5248 3238 2
2625 8428 13
1013 9300 6
1106 374 15
2468 1265 14
2162 7584 -7
8386 2629 14
7247 7841 20
3041 6999 -20
6411 5587 -13
3137 5249 16
9679 5637 -19
1278 3011 -17
7990 648 -6
2246 5175 -3
1280 7849 -5
3537 3794 -10
9373 3982 2
3740 1992 13
8839 1055 11
7190 7676 -14
6694 8624 -20
128 5801 -1
817 7716 -8
2311 9393 -11
1039 371 -7
3860 5806 2
8685 4389 -5
9383 2447 -3
5889 9082 -2
5812 3800 0
3726 1642 19
5283 414 16
7480 4037 -3
9691 8822 14
8693 2361 -20
9835 2153 16
15 9992 -1
7333 8051 13
9268 9284 6
7196 9015 -16
4029 8165 -4
8658 2711 -11
4021 26 -11
8961 8607 -19
7834 5241 -4
6877 2206 -16
2048 576 11
5783 391 10
5789 8039 16
5411 142 1
6995 5118 17
2893 5678 -3
3676 6033 -8
2822 1564 3
1928 136 16
2983 3062 -6
313 2469 12
5805 5855 16
7887 46 -16
53 2324 4
210 603 -12
3817 6395 16
2587 2605 -16
3393 395 15
7767 2482 19
8513 6264 14
4341 7921 18
3566 6982 -3
1342 6784 -15
5946 4671 20
3447 2620 19
6384 8292 -2
5196 7799 -16
3117 6124 7
5910 9861 12
2454 9889 1
7967 3096 20
1106 5922 -17
833 3502 9
3141 3054 20
7627 7437 -7
7079 1226 -11
9666 7820 -6
1618 5480 -19
6558 2683 -4
1037 2972 -8
3304 3297 -14
4626 17 6
9689 6069 -10
4255 3593 -12
9437 6163 -2
9661 3601 -4
4229 7020 -1
9504 942 11
6860 2959 7
7865 8874 -17
2231 4168 -8
9962 9925 6
576 4052 -20
2970 433 -19
6121 5804 -5
4061 9796 -4
9336 1874 -20
5805 1986 19
1886 1989 -17
6777 285 8
4994 3268 -14
6487 7733 -11
32 7535 -15
9968 2664 -9
2348 5455 16
1613 147 16
5240 4 6
1868 1351 -20
7250 5023 -17
119 222 -11
1895 1522 -14
4523 6570 5
9592 7100 -9
97 9517 -20
1018 1747 12
6711 1114 -15
2803 5738 8
8028 2741 -2
9429 6513 -18
3865 1175 19
6162 136 -12
1682 3910 16
558 4869 7
568 9045 3
7372 1392 12
5284 8998 18
6504 6787 -14
7713 7503 -14
640 8648 -15
169 107 -9
9907 6319 6
3734 4419 13
5423 2201 -20
2129 8093 -11
2741 1748 10
7542 7307 -1
8054 9178 -2
787 3642 -10
6536 6627 15
6107 1965 2
8796 2960 1
5620 9633 -13
9858 2020 0
6396 5609 19
8593 2033 10
3165 6287 6
2920 6044 20
1100 1149 -3
7064 7078 18
4413 8526 -9
7963 7577 14
229 8592 16
3347 9258 -18
8344 7705 -9
7666 211 -6
8212 2291 -8
2381 1649 -12
2048 8196 11
8962 3470 0
2096 3733 -8
5528 1520 -20
946 6742 1
8251 9693 -4
5522 8374 -6
9865 250 10
4764 9247 16
375 9751 -10
5244 4381 -6
5155 7767 13
1110 3178 -11
7167 9222 -7
658 5382 -15
6206 4599 -3
5842 4294 -8
22 641 13
5859 1128 -3
9241 7322 9
3225 5870 12
42 450 16
7626 6372 -12
7752 9568 -12
1475 8273 8
5866 541 -18
4256 5896 12
7438 1042 12
9098 5436 3
4261 8165 -8
5754 8647 20
8727 3192 -2
8570 7872 12
6664 2426 -6
7122 6577 19
5536 9477 16
4122 1478 -9
4902 6704 9
4058 3368 -9
7123 9794 -15
1486 2186 1
2433 1907 -7
4881 4438 -13
8769 9568 -20
8133 7454 12
8451 5947 13
437 227 -17
2299 6976 -16
5837 6755 -13
8586 844 4
9753 5590 -13
2973 2856 -14
3976 8723 -14
7388 4975 16
1997 3070 9
7655 4043 13
871 8910 -9
2771 6821 -14
1246 9625 -11
9373 6 -15
4633 6084 -8
477 1151 11
7704 6191 18
2384 4078 -16
1965 9085 8
283 403 -4
9157 2785 8
8041 3291 -8
7986 6230 11
6516 8405 20
7299 4398 17
1803 6107 -18
8909 1029 -4
4622 105 -18
7870 8988 -11
7547 4520 16
5624 1882 -19
2371 5649 15
7863 7861 9
8360 7648 15
4714 3030 11
2699 1131 -20
9939 2811 -6
1407 4487 -12
2555 8923 -3
5534 8078 -8
1832 8761 -19
3639 5997 -15
4752 2752 0
6184 9289 3
528 50 14
1903 9882 3
9318 6050 16
4563 9605 20
6876 6800 -15
8702 7244 3
9353 2775 -13
8134 5530 8
5299 7959 11
2237 5870 16
2646 5083 -8
6170 3741 -16
4254 6450 2
7640 5709 -19
4877 3561 3
7349 850 -14
3966 47 -17
1355 2480 3
1158 7418 2
4603 5593 -11
1270 8254 -13
1595 6108 -9
9336 3886 -6
1761 4941 -2
8 1399 13
4105 3830 4
2396 2992 -3
5907 6998 6
533 8513 2
7084 6084 -19
215 7681 9
7358 2175 2
3811 5627 13
7102 1729 0
8493 2355 -9
7602 4380 1
4146 2185 -1
147 1951 -12
132 5783 11
7747 7510 4
750 9431 5
3476 2391 -17
5583 3264 -11
4055 1170 -16
5458 2967 -2
5737 6784 -12
5719 7168 -20
6769 6922 -4
3150 1698 -10
5063 8304 7
418 44 20
4548 1969 7
2958 5127 -5
3960 2104 20
9593 975 -8
6652 3759 16
8526 448 -16
107 9851 -6
8684 1135 8
6328 5170 -17
4226 7076 6
7949 5360 -1
4569 739 -3
6647 8997 -17
3726 5279 12
3726 8997 -1
7683 6571 0
9023 1810 -19
4520 3381 5
5509 9268 -13
4979 9861 -5
1882 6098 17
3846 6221 16
8045 112 16
8398 6357 -16
6727 7545 13
4166 2376 13
8083 6731 -12
3772 2658 -1
6338 1584 4
6791 5485 -17
7479 5366 -12
5996 5737 19
897 3175 1
8468 5462 -3
1504 5074 2
7516 6977 -11
975 1664 10
9593 6864 -8
8985 2341 1
510 5392 1
1968 339 1
5497 813 17
7836 356 -20
3045 8488 -3
142 8678 -3
904 7869 -6
7540 9999 -8
2554 3654 16
1543 8391 10
923 9563 5
3118 7559 -19
9923 2748 4
3022 2762 -20
5267 8703 -6
5660 2909 8
9667 6873 14
5867 6072 19
7077 1701 -3
31 6046 17
8151 5281 2
9920 4167 12
9428 6026 14
1697 4640 -9
8640 3863 -19
2496 3088 -12
5745 4483 7
541 4792 -20
5802 5919 13
6573 3470 -20
4895 7084 8
9971 8852 20
53 8040 1
8321 9294 -11
3080 2121 -16
4048 9671 12
1825 127 20
33 4243 -3
1744 1036 -20
8983 9294 3
371 1342 20
7830 7375 10
5968 1689 17
108 6048 2
4463 6793 -7
3873 2839 16
1032 7288 -9
3300 133 7
4712 1708 10
4517 2246 -8
4263 9177 17
4442 3139 -10
5676 261 12
6181 8285 1
7919 1730 6
9903 5330 -11
390 2484 -20
2591 6707 -4
5551 8940 -15
2539 8751 5
8787 9538 -13
7441 4827 -17
7553 6439 1
9207 6678 -19
8719 9348 16
9914 301 -15
7718 9276 -13
3835 7592 1
1023 1926 -8
602 1004 -6
92 5049 19
3165 9836 2
1809 2273 10
9493 7900 15
6348 654 12
5078 5317 -10
747 5320 -6
9306 5299 7
80 5360 -13
9333 1051 10
5773 1570 -13
5885 8258 -2
6579 8825 14
7277 7166 -11
2170 558 4
6331 1862 1
4364 5264 2
2165 479 -20
8838 2050 19
9243 9206 0
1129 3973 2
3149 4179 19
9000 8689 2
7491 6768 19
3753 7437 -7
2559 6427 10
8616 7814 -6
4468 7391 13
5514 7346 13
1842 5970 -19
2937 4583 -18
4720 2445 -18
4844 6771 -3
3670 1421 0
5390 5822 -12
2773 3188 15
2402 5328 -2
505 9204 7
8705 1202 -16
1317 2912 4
5953 7675 -20
7955 6505 -13
7296 4362 5
1092 8628 -9
8351 238 0
9128 6090 -10
7976 9706 0
7835 4555 -6
296 5985 -17
273 1768 -1
8236 5754 15
2848 4759 -11
278 1512 -4
3257 5778 0
9498 168 -19
7209 7401 -7
9832 9600 -11
4332 4392 -4
7473 6271 -8
2106 3161 8
1613 3454 18
167 5800 8
5469 512 -3
455 9383 -18
6779 3591 -19
4188 4911 -13
8466 3026 -3
3196 2917 12
4958 9090 -4
8769 1008 -16
6377 911 -15
7431 5303 -8
950 2611 20
5232 1287 -9
9930 8817 5
8087 2723 -2
1112 4119 7
8185 2716 -13
9352 8593 -11
5287 7347 3
8044 7832 16
3867 8390 17
8851 9518 4
2786 527 -7
6767 5250 19
1906 7886 14
5181 5369 13
3183 6172 7
4382 5362 10
2844 1147 6
4987 3035 5
1245 8226 -12
8224 6337 -5
8667 6449 -13
2429 7307 0
9915 7043 19
2236 8134 -19
980 3694 10
595 1463 -14
4473 5349 -4
9072 8347 -17
6646 4776 6
1796 7589 8
4538 3463 -19
4373 7594 19
8181 383 14
6988 2113 19
8823 3952 -5
5399 9308 -6
6267 6585 0
1210 3378 -8
4875 1745 17
9450 1278 3
8369 2358 -1
4729 9587 1
8460 6042 -9
6249 4765 -9
4057 1586 15
2334 6590 17
730 1462 -4
467 7688 2
5833 9468 -6
4660 5260 -3
1684 8836 -1
2852 5924 -15
8420 5432 5
3845 4902 16
2273 1911 -16
113 5170 19
8188 4770 11
3316 7505 -19
404 3248 10
5703 1257 17
7257 8808 -5
6089 771 -3
7361 7545 2
8441 331 7
925 9674 -12
6378 4200 -5
1603 5982 -7
298 6672 -19
6581 7837 -8
8289 9250 -20
285 3398 -19
3796 7058 13
7584 6810 10
9542 395 -17
3489 3739 6
1789 3843 -1
1589 1509 -13
4018 5598 -17
7926 2920 5
8212 7066 16
865 4544 19
5516 4411 10
923 8518 -14
9129 3504 -1
57 709 -14
5436 9261 0
6638 1129 6
4706 8024 -18
9765 998 -3
8869 5959 19
3524 1354 1
549 8724 -11
3803 1979 14
8264 3036 16
3772 43 19
8059 4278 13
9815 606 16
8656 8894 7
5368 5206 9
7030 5942 5
8392 8242 -1
1243 2512 -8
8567 7007 -19
7551 7281 10
6259 1710 19
1549 6264 4
717 7256 15
4728 903 1
8459 1846 -11
2138 3688 18
3590 5498 4
704 2354 -10
2612 6815 10
2997 5528 -11
5033 2683 0
5776 7863 -15
6802 3474 7
936 4255 4
6198 4556 4
3230 4947 14
8023 4953 3
5692 7726 -2
5076 5588 -12
3560 4863 19
5755 3172 12
2092 5101 -12
5323 7586 -10
1835 4669 0
6053 2900 2
4027 2246 17
3977 2607 -17
8192 3369 -12
5785 9973 -12
8847 1649 -4
8611 309 13
5754 4987 16
7908 2592 12
8162 1088 -20
3497 663 -3
3031 7456 -10
9048 6568 -13
6299 1219 -5
1219 1468 0
3957 9080 10
2338 624 8
2483 510 -8
7587 2409 13
6162 2612 -7
6009 2682 -5
3117 3183 -18
5685 2323 -11
9243 824 -3
7434 4343 7
8884 8760 -20
2915 5943 12
1284 1414 20
1652 7191 -8
8789 8738 -9
9034 9807 -4
7143 1842 -6
5147 1426 -1
8149 6204 14
7201 4554 2
7303 4089 -19
4238 428 2
9694 23 11
3773 946 -6
5882 7370 14
7008 2252 11
2694 8087 2
5623 1938 -3
1606 5449 17
8372 1365 13
9678 9575 -17
711 3471 -16
243 3126 -2
22 3239 5
6879 7576 13
8231 9128 20
2520 7518 13
2709 9588 14
944 6181 11
9837 1662 -11
5732 1783 20
3853 8056 -8
5342 6531 -11
9492 1981 11
1965 3730 -16
755 1982 -9
5939 8280 -1
7864 9712 14
7099 7751 16
3293 5886 16
2075 237 -20
675 4851 -19
3829 7785 -2
1545 7069 1
3369 9519 14
2714 4945 -9
1283 4337 4
2144 8912 2
108 4584 -15
9286 882 20
7036 5113 -15
6510 6362 1
4408 2444 -18
8757 9867 14
6619 3261 3
9918 7210 -10
7988 3677 0
6190 4226 7
824 4113 -1
1517 9201 -5
4543 1415 -9
2210 8535 -2
1143 3755 -19
1633 66 -20
7397 980 19
4337 7106 1
8946 8177 -9
4729 5861 2
8056 5890 4
173 7400 -6
939 9949 -9
2566 552 9
343 8559 1
6073 1148 -4
2961 2720 -6
4148 8644 -2
2834 4846 9
6917 6574 3
981 3320 20
1694 4371 -20
4180 2460 19
9417 5026 18
8777 8645 0
4948 9380 -17
870 3237 17
2444 585 4
1911 5255 -2
9325 9940 -15
6942 2686 -3
1995 1944 12
1358 2781 -13
9869 5590 13
6004 5357 10
7212 6233 10
9151 3126 -18
1577 70 9
1232 4147 14
5207 4173 17
2862 3885 -5
3257 278 18
60 1829 14
4748 1818 16
6047 1103 -5
2870 7772 -4
1424 8119 -7
2062 6959 20
1837 536 4
6224 2363 0
4390 4234 7
8122 9209 8
463 5939 14
1920 9128 -2
6656 451 -19
5969 8549 9
3229 6209 -3
5532 706 6
9314 7508 -11
3832 7452 12
6566 5182 14
7543 7560 -8
3515 573 -3
5529 7616 -8
2839 6326 5
3967 301 7
6501 2880 9
7644 562 -19
5328 3076 10
754 287 20
781 7195 11
9364 7417 14
9783 5972 8
5400 8487 2
8846 5694 -14
230 149 6
209 3182 -15
4531 2518 6
451 9313 -15
3361 6689 18
2627 7300 -14
687 3118 -8
8671 9778 11
9672 2393 -19
2679 442 7
3533 7873 -4
3425 4268 10
9111 7526 16
8011 7063 -6
3856 1113 -13
1921 7118 -9
6883 7325 -17
3548 857 -8
6974 4589 13
5553 6006 20
3677 4500 -11
9586 2903 -7
2587 1493 -3
9059 3392 -3
4499 6684 12
6249 6723 14
9074 7631 20
129 5727 -5
5600 4569 17
822 6069 -17
8574 1422 -14
6238 1902 19
2554 7847 -15
5987 5493 2
8758 5554 -11
9982 2389 -8
2944 3122 -1
9531 4466 -2
2921 2985 10
6666 4097 -6
9070 3745 -17
3408 5257 20
9398 4776 7
2332 2296 20
9670 2531 20
5413 3543 -11
1219 8747 10
9494 1096 13
9543 4834 -7
8354 7021 18
3466 1836 -2
6372 4064 6
5699 2012 11
8784 9595 14
3207 5007 2
6771 2298 16
7843 7851 3
5253 5513 2
1417 413 -18
6084 5456 -18
5231 3411 19
2226 7163 17
4235 4963 0
8274 8595 -15
8224 3907 15
4519 4372 4
6167 2233 16
9237 7585 -9
2947 4330 8
6525 4976 -15
4259 7674 -1
73 4477 4
7420 1813 -8
5685 6603 -10
1380 6051 -9
8509 9500 -16
1311 4510 -17
8506 276 10
4732 7785 -13
898 6758 4
5561 9073 -19
1953 1798 -1
1621 8005 18
9305 2423 6
7192 7890 20
6771 3345 -17
8551 4836 -16
1059 7954 16
320 5509 15
940 7810 19
1828 7443 -1
4680 6319 4
4886 5882 0
3104 7017 20
5329 4194 -18
606 3899 6
7434 6765 -3
8983 1836 19
7761 1677 -1
8278 6787 -10
8479 3909 9
5861 3647 -8
6967 8870 4
7631 7236 -20
8379 4256 6
4592 5707 16
6760 7953 -1
6539 1277 6
9835 4257 -14
1067 433 2
6734 8701 17
3296 1663 6
2106 7478 13
6407 8431 -9
9185 6438 0
4201 4210 19
460 8382 8
522 1273 -3
9811 4522 -9
1727 5908 17
6592 4505 -18
7908 6893 7
1290 5432 1
8526 4631 -18
7274 5544 -14
4983 3071 11
639 3270 11
1602 6833 12
655 1295 18
9261 515 -3
3103 2617 -13
4284 6991 -1
3799 9463 2
1530 9256 19
1502 4620 15
1727 8996 -5
23 4998 -9
6991 9516 -17
3512 1141 -17
7608 104 6
1798 6779 -4
1516 5980 -15
6094 8794 -15
4311 2665 11
7276 1371 9
6231 2682 18
9579 5419 4
6310 8974 -4
4239 1693 2
5627 2852 6
7112 2484 -18
1227 9886 -12
67 1151 -9
97 5675 8
8823 3287 7
14 1586 6
6807 9671 -20
1100 5435 -11
4186 2174 16
7339 559 -10
8759 814 -3
1098 9266 -4
1436 8195 5
9116 9190 -7
3496 8661 -17
1768 8709 -16
8847 8542 -15
65 5081 -10
3817 6184 8
9882 2606 -6
3186 6459 3
6988 5525 -4
4086 4698 10
8635 6685 7
6449 4692 -13
4372 8904 -16
8577 7356 -1
4973 7068 -5
242 4735 9
5261 4651 16
9781 7055 -11
8707 8484 -13
161 5827 14
5704 2571 -11
3292 2252 -15
8914 5295 -6
5932 6228 8
7158 412 -16
633 7760 -12
2197 616 -18
8773 43 -5
3398 2344 7
6964 936 20
3766 3986 -2
7813 2692 4
6267 7586 -13
9281 635 -19
3039 1087 18
1491 5942 2
7796 9621 12
8069 3312 -12
8708 8954 9
8131 1032 -4
4089 787 16
3713 366 -3
9741 3788 11
4454 3874 16
8716 3781 -4
9742 3123 -5
6522 6774 19
5387 1972 -15
633 1603 1
9040 9464 -6
8869 6321 -17
7752 1481 18
9981 5130 -7
2158 5060 8
1479 9270 17
8778 7415 10
6526 3441 15
5659 3664 17
3365 4487 1
3498 3567 -8
4617 8513 -13
8150 9 -13
7255 2094 -3
1401 6128 -16
7841 7259 -4
4703 4116 12
6474 4100 20
1514 6101 -2
4805 8791 6
1300 7629 8
7933 9024 -18
308 7783 -12
1555 3240 7
3867 1231 3
7980 1761 12
9403 826 18
159 9630 14
6346 7577 15
5445 5735 6
9248 2162 3
9316 3985 15
4948 537 10
4533 623 -9
6200 3911 -2
5112 9146 -18
2314 698 12
7693 1415 -20
1586 8164 2
2763 8721 8
6835 2876 1
9075 6803 12
9402 3780 17
4743 3385 -7
2308 7669 -13
1633 4803 -15
7224 4787 -11
258 3505 -5
5296 6659 -4
206 1168 0
8431 6746 11
6222 961 -2
90 1208 6
5624 5982 5
4415 6223 8
1809 3763 -20
4921 4871 12
2539 7972 12
4421 5357 -8
1696 8952 10
1079 3390 20
4983 9943 -19
6937 8269 -9
6151 743 7
8091 3259 6
5689 6387 3
3483 5063 -5
3877 4372 14
5153 2900 0
1780 9139 5
4569 1721 -4
2165 8955 12
589 3122 13
9448 2396 -11
745 5385 4
6938 8732 -11
9730 1281 -16
8021 8891 16
3659 1622 11
7080 6636 16
1429 52 13
9966 6267 20
2317 199 -16
3550 577 -8
6108 9145 -2
3392 5369 -18
2545 6687 -9
9424 227 11
1983 9334 -4
7144 2200 -7
6516 2099 -13
5905 6579 -5
4703 1075 -12
2148 5068 -1
2248 2096 1
6654 4590 -15
8268 4281 19
1489 4014 10
503 7781 2
7450 7458 8
5599 6408 14
5832 9266 -10
1016 9755 18
5966 2608 14
4206 2301 16
4747 5137 -17
9092 9248 -16
6452 5374 -2
318 8763 -9
3909 1118 -7
6160 1533 2
3104 7788 -18
6220 3676 -19
9112 5036 6
495 94 2
6563 9242 11
7518 3191 9
3182 9380 13
7437 4567 15
1936 9154 15
8091 4097 -12
4483 6398 -10
2174 3243 -6
4521 9499 12
313 349 -17
998 1133 0
53 5644 13
4502 7159 6
7272 3015 14
3458 2248 18
5207 1134 13
3476 5666 -10
2215 8163 2
5043 168 18
5615 7254 2
4596 5778 -17
2888 946 19
2464 1127 18
6161 997 10
1912 4576 -4
9838 2233 12
395 1010 -11
5741 7381 20
9866 7999 12
7592 7933 7
9876 6657 -10
9738 5095 -8
1940 8512 0
1123 9437 18
2337 1386 -14
1668 1560 -18
3732 2080 19
3832 7407 -14
7802 8626 -9
5069 1009 -11
5388 3685 1
1062 4748 -8
202 3983 -10
751 8820 -9
8767 6383 -1
8909 223 20
8900 620 19
8910 3566 -2
182 5821 6
7168 1825 -13
2117 2561 -1
9756 2559 -5
5949 2758 18
5699 3987 9
6344 8740 -14
710 463 12
9594 4412 15
9152 4986 -19
2121 6406 5
3893 1940 -3
1765 2053 2
7666 6017 -20
3698 1553 10
803 6742 6
6273 5638 9
782 6514 -4
5595 7479 -10
9560 324 -16
3717 2217 14
8180 2946 5
1743 5789 12
2118 9602 2
4966 9823 -10
7564 5956 2
1348 4110 -1
8618 6410 13
7933 5560 -19
3559 4085 -8
4821 4331 -17
3256 8088 -3
123 4590 4
5103 6163 0
1677 9489 11
6079 7047 -6
1699 5817 -11
6306 3101 -6
4297 1781 4
209 3310 1
5218 5227 15
731 527 5
2877 1269 13
7525 1 -15
1223 3947 10
5303 283 15
5055 359 18
5833 8682 10
3725 7580 4
8364 7869 8
4108 6783 16
3684 497 -14
7570 1943 -15
819 6818 -3
8181 6932 2
8090 9641 -1
6226 231 18
4173 6247 8
75 9568 12
5431 5134 3
2986 5018 -15
9234 113 18
969 6009 -18
9876 8044 -11
9 7828 15
1973 8092 -12
9547 9482 15
5924 3910 4
496 9686 19
882 5874 16
1509 8029 18
3952 6400 8
2575 4372 -10
6675 9165 2
7484 8255 -16
4520 8884 -11
5378 8649 -5
2405 6392 -2
9514 3596 19
5243 8405 -7
767 6451 -15
5464 3971 17
6739 7144 3
1202 9799 -2
4677 3868 2
1448 1141 -17
882 2995 2
7953 2631 -6
9253 4810 9
6908 5435 13
4328 313 5
960 3496 5
6534 8379 -14
7885 4569 -16
9145 8881 -10
7339 2827 -20
5234 5249 -10
6190 323 8
7685 3415 -16
9075 900 2
4492 3402 9
4972 1053 4
8678 3571 -13
7091 6030 17
906 8232 17
4328 2526 18
856 2123 7
7217 6853 7
5985 6526 5
5130 6636 7
8114 9853 -6
9034 6485 -2
6121 5012 19
1680 2484 -10
4549 7302 17
18 6084 6
7997 664 -19
5792 826 -20
7964 6558 0
4956 8439 -1
7145 631 4
3651 5280 2
5463 6795 5
8540 3259 9
1886 2407 7
5546 8119 -11
3007 9493 -15
840 5282 -8
495 3752 -10
2246 6991 4
9240 1028 15
501 574 4
6623 4363 -1
5395 6401 -8
6610 5355 -20
957 4607 -2
5004 115 -16
1005 4783 15
3531 4431 -7
8484 8721 2
9234 1300 -12
6015 135 -12
5610 3030 3
7922 1094 9
957 4548 11
4486 2757 -16
6344 9877 19
5827 6796 -16
7622 2804 6
7013 6428 2
2812 635 20
4536 3681 -4
955 1364 -4
5024 3004 19
8194 6425 16
3682 2915 -16
3555 3206 -13
7629 4589 11
5520 8532 20
6988 3325 -14
9006 8946 -19
6695 6910 -19
6054 1300 -14
8769 4851 20
4200 5661 19
4731 526 -13
7414 6480 -17
6277 322 12
2369 8465 14
98 802 2
5347 5624 8
9897 6891 -3
6081 335 -9
9457 2807 10
1316 6174 7
7445 9382 -17
7526 20 12
322 103 11
3786 350 -19
7871 7406 -10
509 4722 -6
5540 9971 13
3398 8891 -3
5056 1473 16
3709 1768 -13
8991 2657 -19
6404 7023 10
1001 3705 -16
8486 6596 10
6766 2052 -13
9343 10 -13
527 759 14
3876 3009 2
3514 9240 8
6080 9727 -12
3990 691 -17
735 4035 1
1739 4451 13
335 5944 5
7811 9330 13
6938 2762 0
1250 9722 6
8962 6154 6
4040 592 -12
6169 3691 16
530 3218 -18
4989 2219 -15
7382 4868 -16
2051 623 -5
978 3165 2
6447 8626 17
8370 4858 -12
447 4173 -10
8400 3194 15
6680 7716 -19
6626 6270 14
5524 7289 -18
9815 1787 12
3505 6315 -8
3303 3434 -19
6172 1140 -19
2710 4469 5
34 2403 -2
6786 5724 -16
9046 6030 -9
3604 1903 18
3601 8383 -15
5255 1108 18
9451 606 -6
7561 8271 -1
9476 1453 7
251 7261 -9
7469 849 5
3669 1341 -20
717 1942 -7
2487 1822 -14
6354 3598 -19
6712 3567 -15
2314 7190 13
1739 837 6
1660 1292 4
1004 6724 15
4733 6324 4
8552 1738 7
9420 3087 -5
7872 5960 8
1619 7202 5
6735 4478 14
2091 3444 -5
2174 8754 4
7992 1890 -14
2780 2564 -3
5402 4040 4
8684 8899 20
3640 9820 -18
6095 3808 -20
7200 3750 -1
4504 8598 8
7174 4538 -9
8416 5913 -11
8515 4768 7
7511 3274 15
9404 1973 -7
2552 4251 -16
791 2786 4
2791 7054 7
6111 8288 -20
5041 3483 16
4529 8682 9
898 8918 10
5521 3069 20
446 8541 -20
7889 6527 -15
4776 2684 17
1232 7998 -1
5806 51 -10
8718 1042 0
886 757 -4
6676 4684 15
8778 6031 -18
111 1625 -3
6996 8517 13
6849 8805 15
8417 6171 -18
5915 6283 17
2523 3672 -16
6624 7778 1
3813 8107 10
7880 4230 -5
1663 1082 -13
9540 759 -15
8588 2684 10
4208 446 13
6193 4196 9
6998 3586 -1
5544 2440 -3
6161 6462 17
8341 7197 16
2519 2320 9
1302 1363 -15
8568 3247 -7
4943 5853 -15
649 1025 -9
6226 3942 10
2637 191 17
6927 2376 -8
7821 3824 -19
8271 4801 -8
2244 2922 -12
8016 4753 6
1323 849 -13
1692 2629 -3
3166 3681 11
3666 4256 0
7470 2766 5
7289 8393 -12
1174 7953 -3
2376 3408 17
7248 7164 -16
1086 5862 -20
7537 5719 14
791 1529 -15
4330 3160 2
9000 6727 -10
5362 4576 -18
4398 6900 -5
1607 3663 -19
9980 4190 -4
3873 9627 -9
8010 781 6
6385 2911 -20
4734 1901 -16
3526 1717 15
3902 2863 -15
8033 6833 -1
944 1175 16
635 6977 -12
9964 5347 -20
611 8571 -17
156 760 13
1117 7845 19
932 4521 -10
9960 1598 -1
8522 5983 20
913 8817 9
3214 8725 -9
9831 281 -4
2260 4222 -9
9168 5452 -18
346 4316 -16
4678 349 -2
8070 6277 -3
28 6525 -13
5178 6691 -19
7723 3192 12
2123 3447 18
7737 3873 19
289 7740 -7
4705 5133 -11
419 1494 20
7792 9060 5
7874 3634 -6
9193 458 17
4987 7951 10
8248 9224 -6
2711 8385 3
2559 6878 -10
1314 3137 -16
542 4400 -14
502 1260 -18
482 3304 9
397 3140 -3
8691 2140 3
2034 6797 10
2378 2518 -2
5183 3832 20
6351 7958 16
273 2173 1
3184 3305 18
9845 7766 12
3556 1534 -6
892 8510 -3
1689 9748 18
5973 812 3
5031 9798 -9
5872 1509 12
55 4088 3
683 951 17
23 8336 3
5204 3697 8
3090 135 16
8742 8177 12
2155 9101 -15
3250 3425 -7
7291 6788 13
3843 7307 -7
3806 1907 -6
8362 320 -6
5279 4535 15
7875 7237 -16
3106 1033 -14
1112 7491 -2
4336 8139 7
7003 8813 -16
408 2513 -5
2875 1807 6
6122 6589 13
382 7779 14
3567 966 16
4875 6828 -9
4732 9272 8
2917 9708 10
8510 0 -2
2068 5262 3
201 6611 -3
4923 6259 7
2267 9825 5
8513 5577 6
2342 535 -12
4524 1681 -11
2801 2614 -17
8592 4311 -7
468 1778 17
5755 7198 4
7221 3708 -2
7504 4775 15
3387 196 11
4169 8171 -4
4741 6331 -19
25 2463 -8
4164 9052 16
4215 7529 -9
4676 7413 -20
1871 9774 0
4316 3781 -8
8169 9734 -15
2526 6246 1
2742 488 6
5900 1919 2
4799 1754 13
8554 7586 8
3181 481 -14
8149 7773 -12
1873 6263 19
4329 2216 1
7866 7840 3
5723 3289 6
5363 1737 15
5241 4013 10
8869 5601 14
1067 3817 -15
7195 4506 15
8588 3428 6
1784 2266 4
5950 2588 19
7345 5739 1
4246 5363 19
5107 652 8
1495 4599 14
1118 6955 7
5822 8268 -5
5349 8300 14
1753 1271 5
9455 5277 2
6542 49 2
9292 292 2
4877 5259 5
352 8443 -5
5920 6615 15
248 4038 -18
7798 1288 2
3785 50 20
2369 6672 8
8423 2505 2
2905 404 -2
4954 679 1
9036 8968 -13
2722 7473 -11
6888 3363 -14
1432 3057 -4
2429 236 -11
6203 8912 1
6051 5169 16
9852 4615 -12
6384 1055 14
9180 5652 -10
6083 6710 12
9140 4823 -19
7277 5858 -12
4610 7930 -14
6245 6532 7
4798 1370 18
8172 2831 20
4293 2485 -17
3622 6357 17
1371 3164 8
1270 283 -9
9033 127 -3
7480 5560 -9
3987 4906 8
3565 7740 19
995 9761 18
6569 3974 18
6132 1073 11
1748 327 -5
4431 5413 -7
6596 5734 -15
7835 5737 -3
8927 2494 8
8557 5185 -1
2828 5336 7
8905 6159 -6
7486 4740 19
1574 6977 -2
6893 3058 0
3212 8128 -4
5609 765 -2
3931 2244 -5
327 1481 1
9808 7940 7
977 1349 -12
660 8351 16
3391 7683 19
9048 7164 18
5143 4804 -13
3018 9307 -4
545 5807 -3
5996 4862 9
441 9276 20
9420 1528 -4
255 9255 13
9240 6717 -18
3621 786 18
1822 8743 5
6404 2739 18
9946 5611 6
5221 3136 3
5078 9761 -18
9333 5969 -12
4606 5422 -5
8642 691 10
5629 2660 -3
3902 2326 18
244 409 -10
5255 1039 1
3701 7980 11
1169 8055 12
7467 7007 3
8336 1613 -3
5272 2349 8
7683 6843 20
1201 8726 6
5168 8130 -20
9750 1142 -10
2021 6905 -1
8456 656 4
1904 1276 -4
4007 165 7
7134 8532 -14
9906 5759 19
9208 2174 5
6528 7257 15
5396 5619 -2
2418 7885 -1
492 5191 17
4901 1633 3
2211 4923 -16
4414 5664 9
2238 9767 13
8096 9697 18
4895 2535 16
5591 9112 -9
8164 9961 0
7222 7184 -2
7095 4934 -12
9223 4114 8
1634 7730 16
5426 2605 8
6930 9427 -9
7250 4297 11
1222 8784 -20
5117 310 -3
5274 8062 -4
3708 8186 -16
3090 1720 8
5489 3062 1
7840 1485 17
7772 6912 -1
6673 4473 -1
4790 657 -4
6355 4390 11
3804 3226 -8
4451 7925 0
770 6890 -5
501 6832 -15
5964 6475 -1
7133 3268 10
3486 1067 -13
641 3402 -20
2971 2303 -16
9352 9060 11
2801 7905 -16
7658 9742 4
968 944 1
5091 3351 16
104 544 2
1963 7574 -13
6505 3991 13
5126 1024 19
6534 6839 12
7858 4580 -2
3255 6317 16
9038 7997 15
1454 4178 0
2373 8359 0
2608 6665 -8
7963 7749 -7
8378 269 15
1284 191 20
7713 8351 5
3491 354 -13
5742 564 2
7278 1052 -15
1249 6954 -2
9874 5950 -2
8320 3436 -1
6291 4785 -3
8732 7948 -10
6568 9566 -6
232 2805 -9
7352 8572 7
697 9524 -9
2456 2578 -14
5782 9012 2
6038 784 8
7997 2128 -3
1658 6239 10
1380 4120 -5
1100 6994 -19
744 2940 18
6075 9336 17
6995 3984 -9
1964 4119 1
7283 4307 17
7062 3168 -19
5741 3281 -10
2273 8081 -17
6411 84 18
7912 9226 10
593 1613 16
8963 5629 8
4874 2499 9
6448 5389 -11
1402 2797 -20
4368 4646 -11
3785 4580 2
8352 1354 15
2390 9998 9
2132 6182 -9
2181 7349 7
6698 9578 7
5583 4067 16
7450 5600 -15
1745 3871 -2
449 7659 5
9645 3381 -10
4502 1697 7
6494 3372 -12
3340 4214 -20
6118 378 17
8640 3814 -3
5365 3623 14
669 3248 -10
6022 5415 -9
7090 5479 9
8719 3707 -14
8242 9651 7
8823 388 -20
4970 933 5
214 4106 8
9051 448 20
268 4761 17
5446 7653 11
9171 2681 12
5058 1096 -10
4444 668 16
9816 5104 -5
6730 8648 3
9807 69 -16
9739 442 -7
5528 2285 -19
7223 8796 6
5312 5538 12
7229 4320 -20
3950 4260 19
952 8801 -13
100 4663 4
9316 1595 13
2868 3993 -3
8496 6358 -13
1742 8927 -1
6991 1427 17
7120 158 -19
183 3173 7
7323 2682 6
3921 2631 19
1272 9533 12
5504 2668 10
9986 5171 17
7992 7098 -17
2265 240 18
874 5461 -1
4461 6457 -8
6826 6737 16
8857 2748 -6
8106 7293 0
2126 8291 -13
9413 2518 -6
8801 6766 -18
7569 2419 12
2941 8154 13
6689 7781 20
5170 3367 13
8458 6807 7
856 704 7
5129 214 -7
4465 8139 10
1218 8209 -5
2607 5160 -1
3363 9880 20
4013 675 16
1850 589 6
4026 8308 3
554 6943 16
8539 6534 -12
8130 9861 3
5300 3698 -7
663 4412 -16
9756 3993 3
8262 8645 -13
3663 9019 -17
4479 515 13
9244 2170 19
46 2694 15
7016 9590 -17
9331 8577 -14
3533 2336 -16
9551 2280 8
2245 4494 -19
6155 5173 -4
703 3277 -17
5494 1466 13
911 7502 16
5510 2322 17
9591 9823 -17
6207 5790 3
967 4540 -10
1848 2576 -13
1203 131 14
4968 5285 -15
4099 6488 -17
8456 763 8
1715 3317 -18
2200 6977 -3
2358 8127 12
4563 9466 -13
7635 4682 1
8175 8243 1
5506 3570 10
9072 3697 7
7309 4941 -18
3947 6074 14
2031 8473 -15
6199 6253 13
2873 423 10
9061 5540 14
7047 8903 -7
7375 6445 20
5116 9216 12
5232 2124 -9
8736 5888 19
1156 7314 13
4488 7096 -1
2458 3295 12
6720 5007 -17
6280 3090 5
1061 740 -4
8733 5941 -17
8914 1177 -13
1959 1206 -7
3358 3859 0
3342 7323 15
4493 275 -18
2449 56 -8
7152 9802 5
3402 8404 12
1358 5229 -13
3384 9019 -18
6933 1625 -13
7708 3163 1
2145 2641 -16
8916 5795 19
9610 3252 19
1868 1989 9
6370 5138 -4
3548 162 1
2088 3480 -19
2466 250 -11
3336 8296 3
1424 9177 7
7803 3584 3
45 668 17
9762 6257 8
7635 223 12
2254 5276 12
19 3442 15
5402 5470 -8
7092 7032 16
8964 7214 6
8929 63 -7
5899 1938 11
8188 1669 11
901 8257 20
8576 3421 -7
114 9631 0
4940 8824 -13
6540 7857 -8
5004 4171 -18
245 5934 -6
8497 6510 -2
7234 3836 20
3138 3900 -8
3127 8909 -9
4641 4692 -12
3700 7973 -11
3690 6470 10
6377 8896 14
1189 266 20
8918 2016 -16
1230 9890 -7
7804 5818 6
9574 8293 -11
5939 4057 -6
5515 403 5
3959 9400 6
485 9602 -6
3767 5240 -6
8141 832 -16
8503 7064 2
1528 4053 11
6465 1702 7
970 2315 13
3660 3385 6
6050 2063 4
4003 3944 -5
2664 7299 19
4997 3660 -8
2723 7727 0
8 5099 -8
2419 9885 -6
1579 9262 -11
1198 1600 -1
6193 893 -8
7727 4418 -4
8259 3339 -1
4242 3435 -19
158 3610 2
6023 4691 -16
584 5075 12
9065 6526 2
1739 3724 -17
7902 4218 13
2616 599 1
8348 5724 2
5698 3533 17
8478 4794 5
3403 5322 20
9143 1411 2
5092 9191 9
3091 7091 2
2707 8727 -11
2912 2641 -20
3027 1758 -1
648 1058 18
8940 207 7
2563 9228 -18
7274 9488 19
320 8274 10
4506 5908 -2
4375 2808 4
5043 7447 -6
4884 3491 -6
5651 4448 12
6536 7741 2
490 4508 3
9012 4889 3
2010 86 17
6598 6896 9
4319 346 -11
3230 8109 5
2559 3949 12
5377 3254 5
7512 6255 18
4220 4199 5
8211 7106 10
7424 1298 -5
5176 7868 -9
784 564 -1
4378 8881 8
3234 1170 -3
6117 1713 -5
1179 4273 -11
4113 7018 2
965 3001 -10
7798 1186 -6
5957 4195 -6
1538 386 -17
8988 3634 11
3254 420 -19
8781 6928 -14
8588 9116 -5
5370 7759 -14
8266 1327 -8
4757 9592 9
7171 9396 -5
8087 1243 17
9401 229 -14
7090 5229 12
3698 4021 5
8748 5791 6
2524 5282 -10
6210 3284 7
436 3544 -8
1606 5877 -2
1936 9394 11
8079 6188 -8
4575 9040 -11
4956 6706 16
3607 3016 -18
2222 2669 -12
131 8098 6
8282 5287 -12
9803 4777 15
1355 4893 -18
3741 4801 14
7403 3223 -5
5617 2349 2
7956 2907 -6
9749 9865 -7
5824 4941 19
709 4920 -2
2536 4237 1
4284 1658 18
9998 2855 -13
6473 2059 3
9625 4242 7
6890 39 -18
6455 5267 -10
8982 2572 1
7391 9604 -12
5256 268 -19
52 3156 18
3789 6685 16
4226 7996 -15
7032 6652 -5
8611 6922 -19
1093 6028 -18
4294 124 -1
3598 1560 -6
4849 9974 20
6228 4664 -6
4646 7616 10
1930 2377 -13
7168 60 -14
3687 2399 4
6272 8527 3
3120 4818 13
9533 9512 -14
8019 1735 -7
3290 8132 20
3118 1011 4
2251 3814 12
3522 5555 -3
1038 6063 -1
1600 9389 11
8227 1289 -12
9569 2186 9
7827 2590 -12
2623 5518 -14
8283 9494 3
9089 7977 15
6611 6189 18
6015 9225 -18
9522 8176 20
2475 1136 15
3907 2932 8
39 4602 -7
7308 6695 14
3762 7191 -12
4969 5739 3
6253 9626 -1
5231 3068 10
6507 1744 -3
5794 4288 20
4371 3444 -17
4880 8588 11
7165 1915 14
7776 9628 17
8363 5105 4
7439 7465 15
3272 8326 12
9071 8860 17
8503 1903 0
2548 6104 0
2992 1077 9
4489 2322 5
899 8376 2
5379 7547 -15
1683 1223 -13
2149 5593 -2
6181 2606 20
2060 1799 7
5569 5016 3
1511 4717 -1
8688 969 -9
7273 4646 -15
2803 8 7
3717 3470 -10
7836 8277 4
5428 9368 -6
7228 125 1
4527 4705 8
6248 7184 -2
39 4088 19
8207 3154 -13
8179 5575 13
4486 5688 -12
3181 7342 6
5808 5450 -14
9039 3281 16
2565 1157 2
1322 5756 17
2084 4770 1
5850 9589 -6
8373 6343 18
4302 7734 0
7485 7974 13
9548 9472 -5
5103 3846 0
2779 136 0
2342 7070 -4
3676 7459 -6
4693 8813 17
2353 6415 2
6820 9519 12
6975 7086 -19
4283 1285 -19
5041 4694 11
5060 902 16
7958 9578 19
8050 5554 1
5484 1033 -14
5211 9449 17
228 2918 2
4448 5258 -15
2545 6311 -19
7549 9190 -5
9366 6327 15
7720 5565 18
8950 324 -11
6812 6658 19
6038 2442 12
4149 838 -2
8465 8692 13
6899 4512 13
5598 6953 12
4227 6367 -7
6179 5562 -17
5548 6338 0
2905 6866 12
503 8395 -16
2654 171 -19
846 2397 -6
6094 8584 6
1302 2296 16
9074 5398 -8
1750 5234 16
6148 5392 1
6247 1973 -2
5296 7386 9
1518 200 -8
354 8132 0
2742 5200 -10
203 975 17
5381 8102 14
8600 8234 -8
7881 376 15
6631 7083 15
5153 5289 -16
1432 7318 10
9416 19 -12
3261 815 4
9263 907 0
4754 9033 -15
6659 7959 5
5484 3335 -10
5809 6933 -6
383 5047 13
2596 646 -12
5092 4766 10
3849 6416 -18
8786 1855 12
108 7499 1
4739 5885 -19
473 3430 -13
1064 8922 2
4353 1293 5
2915 7923 7
6741 7512 -16
6041 839 -10
9759 6980 -8
1748 4265 -13
6583 1978 18
916 1706 20
9030 1181 17
3535 652 0
5833 6800 0
3476 7372 7
3409 7762 3
8390 2145 -3
1833 2398 20
6913 3129 -17
354 9592 -14
9173 7432 6
6867 604 2
6216 916 -8
9579 1242 20
2185 9722 -6
4931 4769 0
6775 8560 -15
1188 8770 15
1424 1009 -3
657 6251 14
7639 6368 -8
8584 4461 0
8717 1173 -3
2549 4185 15
8992 5838 -12
5859 3152 -15
3321 5741 19
7142 5848 -10
7011 8812 -18
1718 3093 14
7031 3600 -12
4879 7591 -13
1989 7518 -19
1007 8948 -8
8381 2232 -12
748 1911 -10
9947 3841 1
4194 5204 15
8863 3449 20
7119 94 -9
9570 768 -16
4972 2948 -6
8637 2954 9
6572 3920 4
788 7381 14
7494 7972 -16
6779 949 16
4839 373 8
2211 4958 -19
8087 2527 -11
4347 5297 -12
3544 6127 -7
882 8900 -14
7813 3238 16
4525 6289 10
8700 2200 14
2374 2505 6
349 613 4
1444 8433 -19
7308 1464 3
1537 4979 4
919 4556 -2
3598 8277 1
1216 6788 19
4578 2555 -20
5752 9476 -16
366 116 11
700 4348 -15
3782 1706 -19
6737 9894 8
2743 553 13
2956 7818 14
4834 1197 -11
7995 9907 -12
3050 9905 6
9574 879 8
3956 928 -8
248 5030 18
9009 7931 11
8534 4419 -19
5523 7746 15
4486 6721 -13
3318 3551 -19
3359 2420 -10
2126 5654 18
2900 2824 -13
6634 2136 20
8636 6203 10
1994 1075 -7
7023 7439 -11
8324 6932 -14
7272 8390 20
914 2425 6
7939 2116 -17
8356 1849 5
3072 1625 -1
2753 6735 15
7314 3590 19
9700 1110 1
8321 2931 -15
4299 700 19
7261 4100 -9
9339 3059 -19
5484 4624 10
1133 4867 16
9747 1300 8
2448 5190 -5
2291 5329 -20
5227 4615 -14
9627 1486 -7
5600 9764 6
1035 5062 -10
1735 9822 8
1390 1662 -2
756 7552 12
9389 2331 -10
3351 1167 6
8789 723 18
2887 2232 10
7062 7518 -7
6598 9062 5
1054 3961 8
2966 8560 17
82 9149 10
8770 5302 18
4935 560 8
6008 8990 17
1294 1873 14
7202 2861 -7
3145 4268 -13
8423 5811 15
8619 7471 -4
3630 2517 -17
7456 3010 -10
8873 1114 -5
5416 4317 -6
7606 713 -16
9863 5436 -13
7017 8562 11
3228 9782 -11
9402 365 20
3293 5915 -5
9557 9816 20
4046 8456 -6
2771 9489 11
7201 7175 20
6150 1664 2
8723 991 16
5004 5796 10
6468 5843 15
4604 6728 17
7819 835 8
350 5894 -15
3409 6031 -15
7796 3206 -14
3029 1769 8
4350 887 15
7501 7216 -14
8370 6273 15
7425 5467 7
8364 6608 -5
8760 2400 11
7121 2465 14
8220 4488 -7
1604 8565 -15
6177 9263 12
5928 5558 20
2952 5983 -13
7277 2252 -1
4369 7141 -3
5178 3368 -4
5148 7833 -14
3142 6737 -13
2189 8371 -11
8560 6393 -5
4701 5187 3
3241 7530 -17
3431 2969 -10
4834 3508 -5
1667 8724 -20
3313 693 0
5078 7982 -15
164 9073 -10
8829 2856 2
3963 827 19
428 9967 -12
2963 8965 -20
4311 1464 -15
437 3341 15
2275 1853 6
8125 3012 11
9045 3726 -12
5444 5467 -16
2561 3182 15
2727 6140 9
149 8967 -14
2607 2691 4
3732 3110 3
4750 9124 14
9942 950 0
2887 2566 -15
7208 7969 20
3366 3691 -8
9718 4059 11
3030 3193 -5
6591 2914 1
4838 6520 3
6152 9551 -18
5275 8006 -1
4407 7528 8
9994 8417 -18
6557 8915 -4
4811 5276 6
1068 5547 13
847 1562 20
2050 5436 -15
2421 3964 15
2140 4527 -7
280 1508 -12
963 6026 -3
2932 5317 -16
8888 7986 -14
7412 168 4
6539 7014 -3
8681 1846 -20
5154 7375 -11
7641 7986 10
5068 9875 13
9623 7774 -2
5150 677 -17
1623 4112 -8
7839 7733 -1
6312 2631 2
117 1197 7
3281 9837 9
3673 4903 19
9877 5154 -10
6565 5000 -12
7579 8024 2
1466 4798 -8
1235 2610 8
640 6969 9
6849 7677 -20
5219 6621 16
8762 9041 4
6470 98 13
7098 3247 -12
1928 777 -9
5307 7256 -13
9611 3203 -13
151 8532 -7
599 9018 -10
2250 6656 7
8758 3225 -2
4651 6099 5
9633 2797 -15
249 6573 -19
5380 1849 8
7911 4657 0
1647 3590 -3
8326 2404 9
3061 8692 9
2875 5883 -20
9346 7169 -2
9397 5339 4
3123 6906 -15
6798 6403 -1
8007 253 -11
2489 1892 -1
613 3958 19
4551 139 -20
4409 9708 10
3113 1660 7
4739 14 9
1299 1520 -3
8519 8180 -7
4340 9952 9
2138 3581 -5
7902 1061 16
1633 6641 12
4410 3573 -5
7051 716 -19
9321 856 -18
5011 6889 13
9031 5543 14
5082 341 -8
8962 6724 12
9152 1312 -19
9139 1551 -5
3240 9754 -14
5329 97 11
1075 6654 13
1345 6314 -13
6100 382 -15
1279 4302 -10
5705 6188 7
2764 8810 7
4418 5353 -18
939 9482 -16
5279 8721 -11
3612 4605 -8
6047 8046 -5
4574 6578 -12
7009 3769 3
9348 3431 -8
6485 7395 -9
3549 1225 -8
8732 1511 0
6625 3750 -8
3 9842 10
7987 5309 9
3447 3461 -13
5490 1862 18
4826 8926 -16
8157 7446 12
6313 4872 5
3249 2900 1
6690 4125 -11
8570 4480 -20
5918 2324 3
177 5813 16
5757 554 -2
1948 9410 -19
8260 3729 3
8839 9118 -12
4529 3652 9
4497 5588 12
5770 7044 -9
5556 4248 16
2975 7337 -16
6934 2792 -14
7862 8140 0
4174 3820 -8
3277 742 7
501 4938 -3
6684 8934 10
9237 9701 0
8935 9440 8
7795 2796 -5
8411 2039 -8
5070 1919 -17
1857 5711 -17
8253 9243 8
4823 2058 -17
1841 219 1
3470 7319 11
8068 4495 -20
8653 7752 6
589 2479 -13
9335 1453 4
2106 7652 -10
5400 1924 -12
4840 2765 17
5874 3557 11
8381 5648 14
1961 8170 -11
1607 7585 20
2795 5294 -7
2764 6522 20
5681 425 11
5446 8912 -8
1887 299 -17
6505 7628 7
7118 5202 9
8526 1586 -8
6488 5551 -2
2889 3775 14
6118 5114 -20
3498 2621 -2
4682 4500 18
262 902 5
9122 6673 -19
494 533 4
6738 271 -7
867 2397 9
3638 6515 -2
7463 5680 17
9021 8209 -7
2728 8584 -8
7231 1107 5
1953 1025 -1
9612 9775 -5
32 9264 -10
7326 7928 5
5716 8307 9
6327 3875 3
832 9396 14
7770 8116 4
3191 2127 1
7409 3620 20
1479 9934 -14
4310 7363 -8
9854 3989 4
1309 9435 -20
9743 4777 19
8439 7065 17
9108 8295 11
7332 1504 -8
8932 4952 -6
7163 3574 2
214 2853 19
2883 7841 8
3547 8127 -12
702 4485 -20
5742 3180 10
24 3338 7
2377 8208 19
6225 3732 4
932 271 -11
5799 7944 -14
5403 212 -9
3337 7857 0
688 2475 -7
907 3251 -14
9557 9238 15
7871 1355 -2
7047 7405 14
4833 1541 -14
3700 5911 -18
7741 8049 -15
3240 1105 -15
9120 4834 17
1710 8321 6
408 5481 -9
1325 9323 4
9059 6387 0
9896 532 -11
3723 1177 -15
2422 6330 19
989 5043 -14
3366 1322 20
621 2675 13
1301 7360 14
2669 6131 -10
7500 1420 -4
7158 6316 20
160 5560 2
6029 6778 0
4076 8713 0
9314 2249 -15
7489 9836 -9
6959 679 17
4808 3457 5
1474 8074 13
4528 2523 -16
6289 3098 13
895 3605 -19
4490 1304 1
1079 2389 11
3617 4532 12
9649 5922 -1
274 1961 -4
4461 2701 11
7887 607 5
8059 7761 -6
8452 2927 -16
9728 7218 15
304 8001 16
3579 9744 17
4107 3984 -15
3135 1712 -10
166 3904 3
8906 4864 19
5183 9538 5
6218 6037 -3
3036 5576 -15
6524 1942 -7
8446 7413 13
6551 8154 -12
3605 964 -15
442 8641 -9
5104 3493 -13
7227 1971 -2
6873 3941 -14
8387 9563 -1
6071 385 -14
972 1291 8
1709 5789 -11
1125 2501 6
7490 7671 -12
9478 3701 16
5001 4203 -14
7426 8704 -6
1045 4885 9
5556 2337 3
9925 6394 10
7513 8514 12
8306 9055 14
8174 279 10
6807 6619 -19
9198 5348 -16
2412 7478 19
5885 6740 -18
9124 7252 16
1720 4606 20
6237 3143 -9
8398 9663 -10
2847 904 -10
9191 1614 6
9063 4308 -16
2465 2489 19
365 603 12
4292 7688 10
6116 4719 14
2011 4653 -6
409 9960 -15
3355 1117 13
8662 8199 -16
5555 9550 18
5910 3918 -7
1168 3667 -11
2622 701 -4
4732 5146 -6
672 8717 -12
6119 5246 -13
3284 5048 10
5313 9863 12
9894 113 19
9601 1307 -11
3717 6703 11
1958 3883 2
8492 2299 17
334 1155 -14
3600 6604 11
2840 7261 18
9577 7225 -7
2432 7222 -12
7861 6913 14
380 9483 -17
7680 5014 -5
7327 8135 0
4685 5702 12
4815 5205 -15
4383 8572 -10
3950 6400 8
6552 5348 -18
559 7730 3
6049 1468 8
1197 4657 -17
3594 2566 -6
8094 7500 -6
6845 6556 -3
1000 1775 -10
5303 6867 -8
5935 1490 11
5624 5575 13
3004 7265 12
7087 3349 10
3954 2957 0
9420 1335 13
7052 1651 0
6260 4289 15
3505 5827 10
2395 645 -12
815 8345 10
7241 4396 -13
316 3287 -1
6811 3762 13
37 6686 -13
5097 1372 14
4996 6909 3
2959 1707 -1
8522 5550 -8
6827 4368 17
8428 2939 -12
3330 4513 13
6299 9492 8
1318 4099 -2
7582 264 -5
2508 7005 -15
9260 7732 3
6186 336 8
6955 6456 10
7361 2926 -12
7706 1752 3
9909 378 -3
1085 4732 -13
3808 9372 -5
6206 7697 -9
38 3749 14
2629 5014 12
3194 9295 -13
9229 1440 -18
3284 3706 -15
1347 4509 12
3876 5014 -16
7165 2278 10
1000 3807 -3
767 4031 10
1176 639 6
4558 5044 -17
3199 3439 -20
8875 9662 0
2329 6487 -8
8090 8876 16
2350 4057 6
2069 9261 11
5030 7583 -9
3811 3166 -20
646 2094 15
8731 9005 12
7097 6829 -7
6758 198 -14
1872 4030 5
4490 491 13
6540 9644 -2
980 5468 1
5928 9814 -5
3478 9375 7
4051 8413 -19
6507 3785 19
8035 8122 20
8594 8378 16
443 3574 -11
4527 1204 -11
2165 9003 -5
656 9113 5
5861 8806 11
8556 4094 7
8665 4950 -4
5595 3949 13
9586 457 10
3405 2123 6
3426 5660 -12
1994 5903 -11
3365 3480 -11
4735 8253 2
9494 4836 -18
615 1928 3
7603 7514 -14
2152 2167 -19
8544 879 -19
6254 7162 4
9695 8984 8
4977 2997 -8
6001 3667 3
321 4730 -19
6047 4043 -15
6688 3375 -20
3237 8314 1
7345 5610 0
6939 451 12
1308 2900 -17
8116 6804 14
7791 6590 18
5026 354 -2
1336 9373 10
2600 7786 6
6921 2315 -13
9091 7662 18
9320 1725 14
2050 128 -17
8008 9069 8
8423 8278 1
1754 3295 -8
278 6441 -8
2180 3734 -17
717 7424 1
2124 7722 8
4168 5259 7
7818 2694 -16
5448 6610 9
8362 1696 -9
2331 6534 3
6719 5515 20
6235 7018 -13
883 8646 -2
4546 4396 4
1596 7276 16
4539 8133 -8
847 784 -2
9943 8556 15
7370 8540 5
4576 5982 -5
9754 5007 -3
6391 8018 -18
7301 6604 -7
1015 5818 -4
5759 4044 -14
8209 4916 7
6196 9026 7
3646 4766 -11
322 2574 19
9166 2487 9
3267 952 -12
3242 7759 5
5597 414 18
513 996 -18
5957 316 2
9116 3159 13
5298 6958 18
2745 4531 -5
588 4244 -7
8193 7698 -5
2282 893 9
6118 7926 4
5982 9130 -6
5146 145 -6
5673 8296 -11
3621 9532 -11
1 8135 1
6516 8476 -17
8408 635 0
3401 2672 -17
3118 7078 -15
9139 8313 -12
8640 1460 17
132 3386 8
1725 6866 3
2094 7370 -7
4992 1919 -16
8461 3700 -20
425 5060 -13
6221 1158 -5
5972 4690 -6
684 2460 -6
5427 4271 3
4134 5825 -1
6886 3483 12
5979 216 15
8051 5460 -9
1594 6543 10
143 9307 11
5346 5627 -5
9491 9223 15
3242 5489 18
2697 9952 -3
5994 3771 -8
2695 3187 -5
4288 9757 -1
3161 4129 13
9347 4709 -12
3726 5593 -15
2475 5736 -5
3094 3766 -15
7267 1875 8
8087 3469 2
1545 9773 11
2037 9513 6
8547 5439 -16
6323 9022 -7
2710 4993 -2
1844 5405 12
140 4287 -14
2456 780 13
6547 126 -12
4470 714 -17
8853 1307 8
372 48 -8
2686 9693 -8
9710 9398 15
970 8237 -2
1840 2677 -15
3528 8727 9
8089 8479 -1
6471 9360 4
6788 7474 1
4942 2400 -20
2121 9913 -6
8728 9333 14
1277 6101 -18
6731 394 18
9821 9947 -13
7174 2178 17
6959 9737 15
3329 630 -10
5930 3828 -6
8735 6756 7
6349 435 6
9955 6870 7
8153 563 -3
998 5328 13
9969 6800 16
234 2846 -13
9685 7521 -5
3801 7011 9
8681 8686 13
434 6180 11
2429 7757 -18
1308 6310 15
9109 3357 19
2732 4623 11
4144 8314 18
848 927 9
2786 5420 -18
4375 4495 -17
5102 2744 -16
5763 9087 -7
1822 48 10
7619 9106 -17
8180 9852 5
2985 782 13
5956 5231 -7
16 1101 20
2355 3491 5
3838 5772 9
809 1552 1
8390 834 19
3277 8596 -9
2693 6625 -20
7534 131 -7
7952 975 0
8802 9032 18
9545 1866 7
7769 3170 15
8414 2628 15
9759 9315 19
3274 5585 -19
7256 8231 8
6568 1018 -18
2800 5529 15
4549 8704 3
292 7025 0
8074 7244 17
1171 6939 5
1682 3350 4
7439 9583 3
6935 6568 -6
8973 109 20
4242 4986 13
5251 9076 -5
7340 8451 -18
594 4498 -16
2814 3445 -8
8791 4424 11
2393 1427 -10
3320 7822 -5
8607 3728 -17
8804 1717 18
1183 1268 3
3135 3829 -10
5798 1236 -11
4437 4921 19
9481 946 5
5087 9708 -17
5211 6227 9
3153 5159 -2
6357 9944 20
2432 4993 -9
4268 6781 -11
5426 3030 -20
8831 203 -13
1836 5528 -17
7359 8182 6
3686 4643 -7
7822 8923 0
6645 5293 -4
4225 6356 20
63 3952 -18
5108 1915 -8
5640 7211 12
8682 2586 19
8676 2481 -7
646 6702 3
3734 683 8
2127 6112 17
2511 1681 13
5463 2618 -13
7987 3118 -4
1649 3741 -14
8694 3096 -4
5933 1111 -18
7298 6230 -5
1369 8631 -5
7575 6439 17
7445 803 -3
2417 4960 -6
2250 5447 -5
7035 9942 9
4341 1982 13
6408 780 -10
1429 4129 -14
3121 6146 4
8717 6190 -16
4434 1240 18
6108 1598 8
6533 3200 2
7573 4119 -7
6128 7114 17
1724 414 -15
312 5604 -7
5779 6738 -4
6241 1064 11
8290 3160 -19
6013 4158 13
2176 2444 -17
1986 9424 2
4986 4068 -19
8216 8731 -14
9609 5664 20
248 5281 -14
3719 6092 -14
1631 7945 -15
9492 2892 -10
5381 6088 -20
8818 3726 0
4470 1455 -9
6973 5520 5
6641 2700 -4
3484 6691 11
8124 4498 -9
9502 2902 -13
9554 6183 -17
7172 9449 -18
576 6439 -2
2847 276 16
7130 4185 9
807 7530 7
9924 2595 0
6155 6532 18
5686 4910 -8
9904 4546 -5
1920 4144 -5
2499 2969 -17
992 4218 17
4308 1042 11
8224 334 11
177 3003 -5
4387 5211 -20
2664 9430 15
5348 1411 1
1222 9656 17
1006 8810 -14
5408 6339 -4
1763 7541 5
9032 685 -8
5315 5133 -9
668 6416 -18
173 9306 10
8096 1266 14
959 6974 -2
1814 7952 -1
6193 8481 -2
6060 4656 14
5974 5729 -4
7092 9329 13
8485 3887 -7
9070 2641 -20
4399 7310 16
4793 3103 10
9222 6969 -8
4031 6930 -19
8664 6343 7
3112 8476 -15
3493 9259 -11
4802 1249 -6
7465 9850 -11
5771 9029 -12
7637 983 -4
1768 2379 5
7167 568 -3
6727 5784 17
7906 5896 -13
1548 1947 20
8224 9694 -11
5886 3862 2
8560 8020 -5
604 5648 -15
9945 9176 15
1490 8963 15
2090 6838 15
8715 6299 -13
9215 8405 -10
6128 5010 -12
6312 1327 14
8891 2720 7
5379 3375 3
7590 3694 15
57 5486 3
6459 4173 -14
204 109 7
4059 2642 -1
9645 3664 -6
6983 8970 9
958 9769 -2
7348 7556 -5
4630 6962 -6
7623 6468 4
3883 1847 -14
3207 8488 -11
1244 8139 -11
7851 9030 5
7074 1510 -11
9887 8368 17
4653 1281 -15
1391 9451 -19
6741 1645 -20
458 5025 15
2025 8343 2
4813 4645 -4
6990 5381 15
2135 1704 -17
3148 8677 6
7570 4099 2
6506 1663 -13
5541 3590 -16
4030 1464 18
3238 3449 -10
7107 5842 -6
7705 5803 5
5392 9052 15
5086 3669 -20
5460 6951 -20
5798 4732 -17
1759 4781 -15
3371 3339 -3
6444 8915 -5
478 8370 19
212 4891 8
9291 4955 17
4980 1438 -7
9313 1723 -10
3282 9975 -4
326 6682 -12
999 6037 6
6218 9425 15
3138 5820 -18
7386 4137 -8
3663 9597 -3
6373 5740 8
5970 7968 5
3139 4144 16
2556 3800 -16
1503 578 16
356 7032 20
4928 1792 -1
2826 3153 -9
9115 5057 -5
1219 3437 13
2172 5019 -17
3854 8488 11
1539 5588 -18
2943 1633 -17
7118 3364 -11
8548 5765 -12
4986 1090 17
5801 8676 4
3138 2870 2
2142 6373 -2
8446 5583 -3
1019 8520 -12
1141 6378 -2
9511 5802 4
158 6986 -4
2215 735 -10
7321 5113 -20
8581 9649 -15
9324 736 -14
344 675 8
2870 7250 6
7337 4485 16
3754 8003 -6
9886 2946 9
8312 4358 -6
2041 5981 18
3884 7038 4
5341 2938 -7
929 3380 -10
7001 491 1
4423 369 -13
9859 2526 12
3029 4912 11
4557 6193 12
1228 7022 -18
6284 9540 15
4914 5413 13
377 1359 5
8521 1526 -6
4509 4982 -2
897 107 3
4408 7467 -11
5084 238 12
8132 428 -16
9495 3632 9
6940 4975 -17
1705 9776 10
5117 7629 13
9103 712 10
1684 8998 -5
9944 7819 6
7482 2765 2
9697 5207 -3
8635 1890 -8
2566 5808 9
4778 8565 1
4168 4152 -11
9722 3486 9
4741 4683 -6
7265 4794 -5
8546 1129 19
9348 1297 11
9244 4652 -17
6713 5398 -7
7656 1732 15
9691 5067 3
9518 4743 -15
1655 5911 -11
5883 3272 16
4551 6262 -19
8132 1844 -10
7722 7485 11
7822 2079 -17
630 1503 6
853 2 11
7541 2669 3
8594 3044 8
8745 3742 10
3618 7535 -4
9637 8776 -5
8526 8956 10
8379 6067 -19
2867 2387 19
1452 2929 -7
6103 1215 4
7767 5752 -1
7745 1683 17
7257 5318 14
275 9303 11
6293 5693 -20
9048 2352 16
3837 2420 -4
7083 844 15
1489 4959 -18
121 5152 17
7862 5461 -6
8977 862 -16
6628 2025 18
9085 4708 20
1214 8852 2
5467 7927 -9
4945 429 15
4876 9927 -3
8689 4302 18
4176 3766 -1
4007 909 -5
7279 8917 -3
7894 4524 9
3405 6388 19
1226 4660 -12
6244 4596 -16
1176 3308 18
7805 4084 -15
5136 5669 -17
6529 4530 -5
9704 2582 -5
9928 3694 18
2230 6365 -6
9015 7128 -6
1910 561 -1
2122 3408 -14
2334 4798 -3
4149 7326 -8
7575 9429 -7
6360 1443 17
2500 5229 4
6368 2646 10
5688 8678 8
6776 6137 -6
4339 7266 16
8270 8516 -3
1720 4254 -8
108 6947 17
7350 5874 -15
2197 5892 16
4003 7160 20
4597 5825 6
7711 8736 1
7109 2212 -14
9367 4891 20
7618 1557 -20
9320 1453 0
3465 830 -4
7701 7844 10
1597 358 -7
9300 8365 18
5616 4344 1
7244 259 -19
5449 1448 -14
9221 2307 -4
2668 5758 13
1390 9259 -8
692 6260 1
1165 9132 -15
9294 1992 5
7416 1557 14
6963 2243 18
937 7689 4
3453 4986 -10
5746 8913 -3
814 4190 9
786 6248 -5
4977 5698 -12
6583 3626 -16
1953 3833 3
3309 5543 4
2932 1471 -20
6150 1322 -9
7605 4436 -18
2130 8388 -16
9689 6308 20
6993 2825 -7
7651 29 -18
9949 8571 1
653 9688 -3
8064 8055 -5
479 932 13
789 4905 3
5000 6915 12
5381 9756 -17
948 4081 -16
81 2322 -9
5160 6782 -7
7480 5790 -12
5325 4757 15
1618 5604 -17
9390 5865 2
9764 3556 6
4868 8904 2
3777 6376 3
8975 5850 -11
1394 1025 -18
431 716 8
2330 9791 -17
5788 6195 12
9686 7216 -7
5913 6379 -19
1569 7885 -7
6242 4675 -17
3460 8137 -9
6909 3240 -1
1836 765 15
7207 9492 2
7328 9982 16
2372 7985 7
8017 7722 12
7391 44 7
9711 2672 -12
7919 4420 -16
9126 4684 -15
1675 8653 4
1165 3553 2
2404 1558 -13
215 9857 -7
6320 5915 6
9572 6481 -9
8955 5106 10
5337 9239 -19
1694 2513 -11
1604 7545 19
9009 7843 19
543 9533 -7
6907 5317 2
8444 5011 20
6469 2772 8
8019 6954 10
6453 8440 14
3989 27 -10
1532 3962 -8
2244 3848 -13
9149 9118 4
376 4921 -7
5466 1091 -19
9238 5176 6
368 360 -19
8425 566 6
3250 6210 2
8910 8980 10
446 1020 -16
1030 3377 0
4806 1642 14
3149 251 7
9123 4855 -11
1637 371 14
8607 154 -6
9001 3517 3
7750 6944 1
1016 8423 -17
2895 5271 19
8117 1521 12
8879 649 12
8257 7602 -19
2274 8422 -17
8928 3237 16
4218 2960 -10
1266 394 -15
2767 1080 -5
9943 4508 -5
2485 5078 -9
4091 235 -1
1382 8871 15
451 2180 -3
7116 3244 -11
6411 3909 1
9980 3631 1
3553 5649 15
5886 8684 -17
6798 4876 -3
6326 5538 -9
4585 8234 7
2906 2484 -8
7525 4932 -4
4382 7075 -5
2018 407 -5
6500 285 -3
5189 7013 2
4320 886 2
6682 9179 -12
2141 2658 -2
9727 6241 12
9477 664 0
718 3731 20
820 7634 8
6113 2360 12
3242 2850 -9
3078 1675 16
4715 1616 19
566 2475 11
7130 101 -8
1084 9938 -5
2195 9057 -13
4481 953 -5
4198 9404 -6
1345 3323 20
7933 6433 2
3263 3560 -9
7229 2157 4
9303 1736 -16
9993 8732 -17
1421 2788 -10
6757 1445 4
9451 9532 -4
2036 5295 16
8056 2328 -9
4712 2483 -8
2623 5863 -12
4751 3996 -16
9674 5516 10
3716 9049 5
9544 7650 -11
2508 3659 -10
3628 6805 -9
9649 1640 0
2225 7360 -18
13 1062 16
9136 3096 -11
324 8646 5
5492 4049 14
6939 1183 16
2497 3807 7
8944 3430 1
5369 8655 3
7636 9987 7
6530 7288 -7
5513 3330 -9
9164 3821 11
5263 670 10
6086 882 17
6196 6485 2
3566 588 -7
442 8970 -14
3921 994 -17
119 9329 -17
4006 8362 -5
3674 1268 14
5162 8678 6
1649 8831 13
1563 923 -6
3550 184 -12
3466 1175 -1
9665 1938 -13
981 6839 -13
5842 3731 -19
4395 7640 20
2398 8566 12
4657 739 7
2395 5129 -4
6096 4087 15
3995 26 -1
4185 1105 -7
1796 3613 0
1918 4360 0
3500 9041 -4
8726 9242 13
3037 9236 0
7964 9624 14
2652 3471 -4
3982 9968 10
9656 7339 9
5729 1385 13
4028 3450 -5
3312 9878 -15
1985 1078 -3
5555 3662 -12
2521 7023 -7
9647 2481 13
5391 3941 11
7360 9132 -2
2611 2144 15
5415 4251 -13
4287 3050 -15
4703 2000 -4
7195 7511 2
6926 8682 -12
8954 3170 2
7609 1118 1
7797 7007 20
2996 6601 17
5328 6691 -7
5677 5686 10
6127 2469 4
8275 2343 0
1705 8779 -6
2606 2138 13
4360 8535 5
3605 6104 -19
6317 409 16
311 3884 -2
5466 6309 -5
2936 7834 2
2583 4404 -3
3023 9601 14
398 7386 11
6204 4419 -10
363 7064 3
4081 8787 6
9358 8211 -20
2127 9331 -15
2765 3400 -14
3427 2619 -8
2221 1860 11
2483 405 -11
8206 6046 18
4772 9084 16
9415 5085 0
3657 6680 -16
9940 6806 14
9335 1801 -13
2387 5763 15
8511 9190 19
8183 7966 6
1415 8815 -14
4833 4030 -18
2577 1719 -5
9419 5902 -2
5480 6228 0
4314 1639 -15
4851 9219 -11
8475 8780 -2
2330 6747 13
7238 1140 -9
7513 2603 -10
176 4660 5
7963 3680 14
4200 2158 7
3984 6344 0
2588 6752 -17
8667 2578 -12
2533 7494 -2
5668 5390 18
966 4888 -20
6769 5858 2
8807 3297 -14
8161 4126 4
1394 5560 10
1191 4783 -7
464 4884 1
5655 8226 -3
4110 6602 16
6435 9637 -4
6104 2007 -7
3445 1864 -18
6593 5235 -2
9120 6763 -5
7478 8224 7
7821 7872 -17
8391 5374 4
1839 9224 -16
9924 4893 -20
9491 902 -2
3739 8213 12
8726 5021 -20
8156 2951 -19
6841 14 -16
8507 1509 20
7577 7457 19
6388 434 14
4606 8695 9
4559 4321 -17
3079 9276 -3
2306 3749 -15
9572 8453 5
9793 8706 -1
4258 3581 -3
6009 3756 15
5652 9793 8
1764 9742 -18
5981 3882 -19
4336 2409 -11
4410 8382 -9
3509 1299 12
5647 9122 5
5882 2868 2
5763 9039 10
1466 518 6
6924 1673 12
6272 5840 -19
4123 6624 19
1296 3330 7
2458 6751 14
9970 2624 13
458 684 3
1464 3422 2
8467 9700 -6
8958 9258 -12
6278 4855 -9
6858 2264 7
6543 1077 -15
6879 9444 18
9169 9740 17
7943 1947 -8
1856 2858 -16
1598 4643 4
2231 1323 20
451 1473 -12
5502 5063 -12
9858 8125 14
9622 5651 14
8227 8022 -9
4712 5105 6
545 4620 -10
516 8646 13
7663 681 -12
1155 2688 19
9195 8443 3
1579 6377 15
1151 3409 -15
4282 1585 6
3024 1876 -17
6639 1878 -10
667 973 -10
1149 2976 2
9075 6371 -4
468 4233 11
8910 8520 15
5095 6935 2
9530 9437 4
5502 8203 -17
467 5695 7
2743 6954 3
6296 2134 -10
2256 8907 -7
9943 8506 14
8662 177 19
1975 4285 18
1445 7118 19
5525 3578 -13
8796 25 -16
4154 8660 7
4621 2599 -20
7217 3694 18
9591 8304 -9
5103 616 13
2294 9607 20
7920 2604 6
8440 5818 9
8356 7007 -3
4899 1313 -3
3674 6639 -17
574 6661 11
7139 6183 2
9383 2156 12
8867 5919 4
5115 3754 12
3099 9966 9
2165 6444 17
9334 7923 14
2783 5219 -15
5145 8544 -12
7968 4899 -7
8859 9731 -14
2096 4686 -7
4201 2303 4
7080 3634 -19
6730 526 -11
5392 8910 -1
2426 9765 6
9410 5333 19
7627 9349 -18
935 4038 -4
9463 3171 -17
2553 2294 9
118 9141 15
8109 4375 -1
8031 5929 8
2210 9095 20
1582 6373 16
2587 3083 -7
6526 8772 19
5637 3365 -11
3352 7305 2
7881 8685 -1
5235 521 7
6409 3027 19
7047 2691 15
3394 594 12
2094 6784 5
3637 3451 -11
5545 7815 8
3013 7535 -19
2532 1345 -17
5116 6173 -12
6912 3622 2
2487 3869 4
2608 6675 11
384 4547 -20
5290 5826 1
1375 267 17
8760 2236 19
2391 6095 20
2131 7183 -11
1815 9870 -6
7012 1711 13
7623 785 7
5319 5100 15
8894 6568 -4
19 382 6
2691 1299 -14
1309 96 -17
3992 3006 17
1406 9702 13
7340 8917 -12
4140 829 9
741 8163 -16
5597 2487 -1
9373 210 4
157 2679 -4
7147 3470 4
6402 9751 -18
